start,end,outlet info
2016-04-09T18:43:45,2016-04-09T20:41:33,"Pandas(_0='Hanazono Asian Noodle', CITY='Port Townsend', LATITUDE=48.11447, LONGITUDE=-122.75675, _4='Full-Service Restaurants')"
2016-04-09T21:05:36,2016-04-09T21:26:59,"Pandas(_0='Safeway', CITY='Port Townsend', LATITUDE=48.108146, LONGITUDE=-122.782355, _4='Supermarkets/Other Grocery (Exc Convenience) Strs')"
2016-04-11T16:55:54,2016-04-11T17:13:59,"Pandas(_0='LA Brea Bakery', CITY='Seattle', LATITUDE=47.611013, LONGITUDE=-122.33942, _4='Full-Service Restaurants')"
2016-04-11T18:25:03,2016-04-11T18:53:29,"Pandas(_0=""Rory's Of Edmonds"", CITY='Edmonds', LATITUDE=47.812314, LONGITUDE=-122.381515, _4='Full-Service Restaurants')"
2016-04-22T00:15:43,2016-04-22T01:59:00,"Pandas(_0='Big Time Brewery & Alehouse', CITY='Seattle', LATITUDE=47.657865, LONGITUDE=-122.313288, _4='Full-Service Restaurants')"
2016-04-22T02:09:20,2016-04-22T02:56:44,"Pandas(_0='Shalimar Restaurant', CITY='Seattle', LATITUDE=47.658759, LONGITUDE=-122.312883, _4='Full-Service Restaurants')"
2016-04-24T20:15:02,2016-04-24T21:24:12,"Pandas(_0='King Noodle', CITY='Seattle', LATITUDE=47.598324, LONGITUDE=-122.32551, _4='Full-Service Restaurants')"
2016-04-24T21:28:32,2016-04-24T22:01:05,"Pandas(_0='Shilla Uwajimaya', CITY='Seattle', LATITUDE=47.597484, LONGITUDE=-122.326689, _4='Full-Service Restaurants')"
2016-04-25T00:52:59,2016-04-25T01:55:02,"Pandas(_0=""Shultzy's Sausage"", CITY='Seattle', LATITUDE=47.65728, LONGITUDE=-122.313172, _4='Full-Service Restaurants')"
2016-04-26T00:43:29,2016-04-26T01:28:07,"Pandas(_0='U Don Fresh Japanese Noodle', CITY='Seattle', LATITUDE=47.661735, LONGITUDE=-122.313192, _4='Full-Service Restaurants')"
2016-04-26T23:17:16,2016-04-26T23:52:07,"Pandas(_0='Ristorante Doria', CITY='Seattle', LATITUDE=47.664935, LONGITUDE=-122.317474, _4='Full-Service Restaurants')"
2016-04-28T01:50:08,2016-04-28T02:12:20,"Pandas(_0='Shawerma King', CITY='Seattle', LATITUDE=47.660998, LONGITUDE=-122.313208, _4='Full-Service Restaurants')"
2016-04-29T01:14:57,2016-04-29T02:27:59,"Pandas(_0='Shalimar Restaurant', CITY='Seattle', LATITUDE=47.658759, LONGITUDE=-122.312883, _4='Full-Service Restaurants')"
2016-04-30T03:41:26,2016-04-30T04:43:26,"Pandas(_0=""Earl's On The Ave"", CITY='Seattle', LATITUDE=47.660813, LONGITUDE=-122.313472, _4='Full-Service Restaurants')"
2016-05-01T01:54:40,2016-05-01T02:20:39,"Pandas(_0=""Memo's Mexican Food"", CITY='Seattle', LATITUDE=47.66433, LONGITUDE=-122.31327, _4='Full-Service Restaurants')"
2016-05-06T02:05:56,2016-05-06T02:20:59,"Pandas(_0='Safeway', CITY='Seattle', LATITUDE=47.664281, LONGITUDE=-122.313907, _4='Supermarkets/Other Grocery (Exc Convenience) Strs')"
2016-05-06T04:05:04,2016-05-06T04:52:00,"Pandas(_0='Pho Tran Restaurant', CITY='Seattle', LATITUDE=47.658779, LONGITUDE=-122.313544, _4='Full-Service Restaurants')"
2016-05-07T00:25:45,2016-05-07T02:31:48,"Pandas(_0='University Teriyaki', CITY='Seattle', LATITUDE=47.65718, LONGITUDE=-122.312935, _4='Full-Service Restaurants')"
2016-05-11T01:03:56,2016-05-11T01:48:14,"Pandas(_0='University Teriyaki', CITY='Seattle', LATITUDE=47.65718, LONGITUDE=-122.312935, _4='Full-Service Restaurants')"
2016-05-12T00:30:31,2016-05-12T02:58:11,"Pandas(_0='Cedars Of Lebanon', CITY='Seattle', LATITUDE=47.659746, LONGITUDE=-122.312859, _4='Full-Service Restaurants')"
2016-05-13T01:04:07,2016-05-13T02:39:54,"Pandas(_0='Shalimar Restaurant', CITY='Seattle', LATITUDE=47.658759, LONGITUDE=-122.312883, _4='Full-Service Restaurants')"
2016-05-14T18:39:04,2016-05-14T19:16:21,"Pandas(_0='Cafe On The Aveune', CITY='Seattle', LATITUDE=47.658501, LONGITUDE=-122.313556, _4='Full-Service Restaurants')"
2016-05-15T02:48:11,2016-05-15T03:46:56,"Pandas(_0=""Taste Of Xi'An"", CITY='Seattle', LATITUDE=47.661971, LONGITUDE=-122.31345, _4='Full-Service Restaurants')"
2016-05-19T00:01:20,2016-05-19T01:54:51,"Pandas(_0='Tahn Brothers Restaurant', CITY='Seattle', LATITUDE=47.65858, LONGITUDE=-122.3134, _4='Full-Service Restaurants')"
2016-05-19T19:49:40,2016-05-19T20:12:01,"Pandas(_0='Safeway', CITY='Seattle', LATITUDE=47.664281, LONGITUDE=-122.313907, _4='Supermarkets/Other Grocery (Exc Convenience) Strs')"
2016-05-20T01:29:22,2016-05-20T02:00:07,"Pandas(_0='Sarduccis', CITY='Seattle', LATITUDE=47.65795, LONGITUDE=-122.313574, _4='Full-Service Restaurants')"
2016-05-22T06:01:57,2016-05-22T07:01:48,"Pandas(_0='Bimbos Bitchin Burrito Kitchen', CITY='Seattle', LATITUDE=47.61397, LONGITUDE=-122.31875, _4='Full-Service Restaurants')"
2016-05-22T07:11:20,2016-05-22T07:32:15,"Pandas(_0='Pine Food Store', CITY='Seattle', LATITUDE=47.614989, LONGITUDE=-122.32319, _4='Supermarkets/Other Grocery (Exc Convenience) Strs')"
2016-05-22T07:44:31,2016-05-22T08:06:59,"Pandas(_0=""Quinn's Pub"", CITY='Seattle', LATITUDE=47.613862, LONGITUDE=-122.31922, _4='Full-Service Restaurants')"
2016-05-29T19:13:19,2016-05-29T19:44:40,"Pandas(_0='Safeway', CITY='Port Townsend', LATITUDE=48.108146, LONGITUDE=-122.782355, _4='Supermarkets/Other Grocery (Exc Convenience) Strs')"
2016-05-30T18:51:31,2016-05-30T20:19:00,"Pandas(_0='Waterfront Pizza', CITY='Port Townsend', LATITUDE=48.11392, LONGITUDE=-122.75717, _4='Full-Service Restaurants')"
2016-05-31T02:02:48,2016-05-31T03:59:28,"Pandas(_0='Shalimar Restaurant', CITY='Seattle', LATITUDE=47.658759, LONGITUDE=-122.312883, _4='Full-Service Restaurants')"
2016-06-04T00:24:00,2016-06-04T02:37:31,"Pandas(_0='Shalimar Restaurant', CITY='Seattle', LATITUDE=47.658759, LONGITUDE=-122.312883, _4='Full-Service Restaurants')"
2016-06-05T20:14:11,2016-06-05T20:38:03,"Pandas(_0=""Costa's Restaurant"", CITY='Seattle', LATITUDE=47.66293, LONGITUDE=-122.31329, _4='Full-Service Restaurants')"
2016-06-09T02:43:29,2016-06-09T03:46:11,"Pandas(_0='Shalimar Restaurant', CITY='Seattle', LATITUDE=47.658759, LONGITUDE=-122.312883, _4='Full-Service Restaurants')"
2016-06-24T00:11:52,2016-06-24T01:16:12,"Pandas(_0='Cafe Solstice', CITY='Seattle', LATITUDE=47.657397, LONGITUDE=-122.312928, _4='Full-Service Restaurants')"
2016-06-24T20:46:43,2016-06-24T21:05:23,"Pandas(_0='Shalimar Restaurant', CITY='Seattle', LATITUDE=47.658759, LONGITUDE=-122.312883, _4='Full-Service Restaurants')"
2016-06-28T00:04:48,2016-06-28T02:24:47,"Pandas(_0=""Taste Of Xi'An"", CITY='Seattle', LATITUDE=47.661971, LONGITUDE=-122.31345, _4='Full-Service Restaurants')"
2016-06-29T19:05:40,2016-06-29T19:41:22,"Pandas(_0='Itadakimasu Restaurant', CITY='Seattle', LATITUDE=47.664344, LONGITUDE=-122.314528, _4='Full-Service Restaurants')"
2016-07-01T05:50:22,2016-07-01T07:42:45,"Pandas(_0='Pho Tran Restaurant', CITY='Seattle', LATITUDE=47.658779, LONGITUDE=-122.313544, _4='Full-Service Restaurants')"
2016-07-01T19:31:07,2016-07-01T20:25:42,"Pandas(_0=""Costa's Restaurant"", CITY='Seattle', LATITUDE=47.66293, LONGITUDE=-122.31329, _4='Full-Service Restaurants')"
2016-07-02T16:24:37,2016-07-02T16:47:46,"Pandas(_0='Chaco Canyon Cafe', CITY='Seattle', LATITUDE=47.664742, LONGITUDE=-122.315556, _4='Full-Service Restaurants')"
2016-07-02T19:56:34,2016-07-02T20:41:59,"Pandas(_0='Haru Sushi', CITY='Seattle', LATITUDE=47.65964, LONGITUDE=-122.31337, _4='Full-Service Restaurants')"
2016-07-04T16:28:08,2016-07-04T17:45:03,"Pandas(_0='Portage Bay Cafe', CITY='Seattle', LATITUDE=47.657738, LONGITUDE=-122.317735, _4='Full-Service Restaurants')"
2016-07-05T00:03:20,2016-07-05T01:49:14,"Pandas(_0='KAFE Neo-Mill Creek', CITY='Mill Creek', LATITUDE=47.860248, LONGITUDE=-122.220903, _4='Full-Service Restaurants')"
2016-07-06T00:50:41,2016-07-06T01:31:32,"Pandas(_0=""Memo's Mexican Food"", CITY='Seattle', LATITUDE=47.66433, LONGITUDE=-122.31327, _4='Full-Service Restaurants')"
2016-07-09T22:53:13,2016-07-10T00:00:53,"Pandas(_0='Shalimar Restaurant', CITY='Seattle', LATITUDE=47.658759, LONGITUDE=-122.312883, _4='Full-Service Restaurants')"
2016-07-10T00:18:01,2016-07-10T01:21:14,"Pandas(_0='Cafe Solstice', CITY='Seattle', LATITUDE=47.657397, LONGITUDE=-122.312928, _4='Full-Service Restaurants')"
2016-07-10T20:07:41,2016-07-10T21:45:24,"Pandas(_0='Shilla Uwajimaya', CITY='Seattle', LATITUDE=47.597484, LONGITUDE=-122.326689, _4='Full-Service Restaurants')"
2016-07-13T00:33:26,2016-07-13T02:14:35,"Pandas(_0='Shalimar Restaurant', CITY='Seattle', LATITUDE=47.658759, LONGITUDE=-122.312883, _4='Full-Service Restaurants')"
2016-07-14T00:33:15,2016-07-14T02:27:26,"Pandas(_0='Cedars Of Lebanon', CITY='Seattle', LATITUDE=47.659746, LONGITUDE=-122.312859, _4='Full-Service Restaurants')"
2016-07-16T01:05:33,2016-07-16T02:26:46,"Pandas(_0='Shalimar Restaurant', CITY='Seattle', LATITUDE=47.658759, LONGITUDE=-122.312883, _4='Full-Service Restaurants')"
2016-07-17T02:48:06,2016-07-17T03:41:13,"Pandas(_0='Panera Bread', CITY='Seattle', LATITUDE=47.615899, LONGITUDE=-122.320387, _4='Limited-Service Restaurants')"
2016-07-17T18:15:02,2016-07-17T18:59:22,"Pandas(_0='Cafe On The Aveune', CITY='Seattle', LATITUDE=47.658501, LONGITUDE=-122.313556, _4='Full-Service Restaurants')"
2016-07-17T19:34:53,2016-07-17T20:29:24,"Pandas(_0='Ugly Mug Cafe', CITY='Seattle', LATITUDE=47.659765, LONGITUDE=-122.313736, _4='Full-Service Restaurants')"
2016-07-18T18:22:47,2016-07-18T18:39:45,"Pandas(_0='Assaggio Ristorante', CITY='Seattle', LATITUDE=47.61337, LONGITUDE=-122.34021, _4='Full-Service Restaurants')"
2016-07-22T03:05:48,2016-07-22T05:17:39,"Pandas(_0='Cafe Solstice', CITY='Seattle', LATITUDE=47.657397, LONGITUDE=-122.312928, _4='Full-Service Restaurants')"
2016-07-22T17:13:38,2016-07-22T18:05:25,"Pandas(_0=""Taste Of Xi'An"", CITY='Seattle', LATITUDE=47.661971, LONGITUDE=-122.31345, _4='Full-Service Restaurants')"
2016-07-25T22:00:16,2016-07-25T22:26:56,"Pandas(_0='Sushi Tokyo', CITY='Seattle', LATITUDE=47.674529, LONGITUDE=-122.317732, _4='Full-Service Restaurants')"
2016-08-02T17:42:23,2016-08-02T18:00:02,"Pandas(_0='Sushi Tokyo', CITY='Seattle', LATITUDE=47.674529, LONGITUDE=-122.317732, _4='Full-Service Restaurants')"
2016-08-03T01:17:18,2016-08-03T01:58:28,"Pandas(_0='Cedars Of Lebanon', CITY='Seattle', LATITUDE=47.659746, LONGITUDE=-122.312859, _4='Full-Service Restaurants')"
2016-08-05T16:51:57,2016-08-05T17:39:12,"Pandas(_0=""Lowell's Restaurant"", CITY='Seattle', LATITUDE=47.60899, LONGITUDE=-122.34137, _4='Full-Service Restaurants')"
2016-08-11T00:35:20,2016-08-11T02:24:32,"Pandas(_0='Cedars Of Lebanon', CITY='Seattle', LATITUDE=47.659746, LONGITUDE=-122.312859, _4='Full-Service Restaurants')"
2016-08-15T15:28:20,2016-08-15T17:01:19,"Pandas(_0='Shalimar Restaurant', CITY='Seattle', LATITUDE=47.658759, LONGITUDE=-122.312883, _4='Full-Service Restaurants')"
2016-08-18T02:06:11,2016-08-18T02:31:05,"Pandas(_0='Samurai Noodle', CITY='Seattle', LATITUDE=47.65798, LONGITUDE=-122.312912, _4='Full-Service Restaurants')"
2016-08-23T02:02:25,2016-08-23T02:42:11,"Pandas(_0='Beths Cafe', CITY='Seattle', LATITUDE=47.6821, LONGITUDE=-122.34473, _4='Full-Service Restaurants')"
2016-08-23T19:48:44,2016-08-23T20:06:36,"Pandas(_0='Ristorante Doria', CITY='Seattle', LATITUDE=47.664935, LONGITUDE=-122.317474, _4='Full-Service Restaurants')"
2016-08-26T01:06:51,2016-08-26T01:57:57,"Pandas(_0='Chaiyo Thai Cuisine', CITY='Seattle', LATITUDE=47.715436, LONGITUDE=-122.312869, _4='Full-Service Restaurants')"
2016-08-28T06:20:37,2016-08-28T07:20:08,"Pandas(_0='Cupcake Royale', CITY='Seattle', LATITUDE=47.613877, LONGITUDE=-122.317616, _4='Full-Service Restaurants')"
2016-08-28T07:29:28,2016-08-28T09:11:24,"Pandas(_0='Bimbos Bitchin Burrito Kitchen', CITY='Seattle', LATITUDE=47.61397, LONGITUDE=-122.31875, _4='Full-Service Restaurants')"
2016-09-07T18:42:54,2016-09-07T18:58:23,"Pandas(_0='Ba Bar', CITY='Seattle', LATITUDE=47.661679, LONGITUDE=-122.29779, _4='Full-Service Restaurants')"
2016-09-09T00:10:10,2016-09-09T00:30:59,"Pandas(_0='Ba Bar', CITY='Seattle', LATITUDE=47.661679, LONGITUDE=-122.29779, _4='Full-Service Restaurants')"
2016-09-15T17:46:52,2016-09-15T18:05:32,"Pandas(_0='Ba Bar', CITY='Seattle', LATITUDE=47.661679, LONGITUDE=-122.29779, _4='Full-Service Restaurants')"
2016-09-17T00:56:41,2016-09-17T02:36:54,"Pandas(_0='Shalimar Restaurant', CITY='Seattle', LATITUDE=47.658759, LONGITUDE=-122.312883, _4='Full-Service Restaurants')"
2016-09-17T19:45:51,2016-09-17T20:23:49,"Pandas(_0='Cheesecake Factory', CITY='Seattle', LATITUDE=47.611899, LONGITUDE=-122.332887, _4='Full-Service Restaurants')"
2016-09-18T00:48:24,2016-09-18T01:24:34,"Pandas(_0='Cheesecake Factory', CITY='Seattle', LATITUDE=47.611899, LONGITUDE=-122.332887, _4='Full-Service Restaurants')"
2016-09-18T02:19:49,2016-09-18T02:55:34,"Pandas(_0='Daily Grill', CITY='Seattle', LATITUDE=47.61134, LONGITUDE=-122.333904, _4='Full-Service Restaurants')"
2016-09-18T21:52:53,2016-09-18T22:28:32,"Pandas(_0='NYC Deli Market', CITY='Seattle', LATITUDE=47.612256, LONGITUDE=-122.333838, _4='Limited-Service Restaurants')"
2016-09-19T01:17:37,2016-09-19T03:10:28,"Pandas(_0='Cheesecake Factory', CITY='Seattle', LATITUDE=47.611899, LONGITUDE=-122.332887, _4='Full-Service Restaurants')"
2016-09-20T00:22:56,2016-09-20T00:44:45,"Pandas(_0='Daily Grill', CITY='Seattle', LATITUDE=47.61134, LONGITUDE=-122.333904, _4='Full-Service Restaurants')"
2016-09-20T00:46:46,2016-09-20T01:31:20,"Pandas(_0='Blue C Sushi', CITY='Seattle', LATITUDE=47.61201, LONGITUDE=-122.33353, _4='Full-Service Restaurants')"
2016-09-23T00:30:15,2016-09-23T01:20:03,"Pandas(_0='Shalimar Restaurant', CITY='Seattle', LATITUDE=47.658759, LONGITUDE=-122.312883, _4='Full-Service Restaurants')"
2016-09-23T01:40:45,2016-09-23T02:01:44,"Pandas(_0='Ba Bar', CITY='Seattle', LATITUDE=47.661679, LONGITUDE=-122.29779, _4='Full-Service Restaurants')"
2016-09-28T00:48:22,2016-09-28T02:33:41,"Pandas(_0='My Favorite Deli', CITY='Seattle', LATITUDE=47.661026, LONGITUDE=-122.313941, _4='Full-Service Restaurants')"
2016-09-28T18:34:01,2016-09-28T19:04:36,"Pandas(_0='Hitchcock Deli', CITY='Seattle', LATITUDE=47.549072, LONGITUDE=-122.317373, _4='Limited-Service Restaurants')"
2016-09-28T21:58:06,2016-09-28T22:58:20,"Pandas(_0=""Molly Moon's Homemade Ice Crm"", CITY='Seattle', LATITUDE=47.661421, LONGITUDE=-122.337967, _4='Full-Service Restaurants')"
2016-09-30T00:13:03,2016-09-30T02:39:53,"Pandas(_0='Shalimar Restaurant', CITY='Seattle', LATITUDE=47.658759, LONGITUDE=-122.312883, _4='Full-Service Restaurants')"
2016-10-04T21:51:08,2016-10-04T23:42:46,"Pandas(_0='May', CITY='Seattle', LATITUDE=47.661612, LONGITUDE=-122.338548, _4='Full-Service Restaurants')"
2016-10-06T00:23:38,2016-10-06T02:25:19,"Pandas(_0='Shalimar Restaurant', CITY='Seattle', LATITUDE=47.658759, LONGITUDE=-122.312883, _4='Full-Service Restaurants')"
2016-10-06T16:11:38,2016-10-06T17:47:17,"Pandas(_0='Harvest Beat', CITY='Seattle', LATITUDE=47.661154, LONGITUDE=-122.336782, _4='Full-Service Restaurants')"
2016-10-12T00:00:39,2016-10-12T00:58:00,"Pandas(_0='Shalimar Restaurant', CITY='Seattle', LATITUDE=47.658759, LONGITUDE=-122.312883, _4='Full-Service Restaurants')"
2016-10-18T00:24:21,2016-10-18T02:09:21,"Pandas(_0='Zeeks Pizza', CITY='Seattle', LATITUDE=47.672679, LONGITUDE=-122.354013, _4='Full-Service Restaurants')"
2016-10-19T19:18:40,2016-10-19T21:00:46,"Pandas(_0=""Molly Moon's Homemade Ice Crm"", CITY='Seattle', LATITUDE=47.661421, LONGITUDE=-122.337967, _4='Full-Service Restaurants')"
2016-10-19T21:35:53,2016-10-19T23:58:37,"Pandas(_0=""Mr Lu's Seafood & Burgers"", CITY='Seattle', LATITUDE=47.664652, LONGITUDE=-122.312762, _4='Full-Service Restaurants')"
2016-10-22T21:19:12,2016-10-22T22:29:24,"Pandas(_0='May', CITY='Seattle', LATITUDE=47.661612, LONGITUDE=-122.338548, _4='Full-Service Restaurants')"
2016-10-25T21:17:42,2016-10-25T21:45:12,"Pandas(_0='Mas Macho LLC', CITY='Seattle', LATITUDE=47.60861, LONGITUDE=-122.34004, _4='Full-Service Restaurants')"
2016-10-27T01:16:30,2016-10-27T01:37:53,"Pandas(_0='Pink Door', CITY='Seattle', LATITUDE=47.610365, LONGITUDE=-122.342524, _4='Full-Service Restaurants')"
2016-10-29T00:30:33,2016-10-29T00:57:10,"Pandas(_0='Shalimar Restaurant', CITY='Seattle', LATITUDE=47.658759, LONGITUDE=-122.312883, _4='Full-Service Restaurants')"
2016-10-29T03:02:56,2016-10-29T03:22:05,"Pandas(_0='Ba Bar', CITY='Seattle', LATITUDE=47.661679, LONGITUDE=-122.29779, _4='Full-Service Restaurants')"
2016-10-29T17:33:19,2016-10-29T19:18:55,"Pandas(_0=""Julia's Of Wallingford"", CITY='Seattle', LATITUDE=47.660473, LONGITUDE=-122.336555, _4='Full-Service Restaurants')"
2016-10-29T19:38:17,2016-10-29T20:24:04,"Pandas(_0='Harvest Beat', CITY='Seattle', LATITUDE=47.661154, LONGITUDE=-122.336782, _4='Full-Service Restaurants')"
2016-10-29T20:25:00,2016-10-29T20:49:23,"Pandas(_0='Quality Food Ctr', CITY='Seattle', LATITUDE=47.66188, LONGITUDE=-122.335904, _4='Supermarkets/Other Grocery (Exc Convenience) Strs')"
2016-10-31T20:58:39,2016-10-31T21:56:27,"Pandas(_0='Taco Del Mar', CITY='Seattle', LATITUDE=47.612244, LONGITUDE=-122.331781, _4='Limited-Service Restaurants')"
2016-11-05T15:12:43,2016-11-05T16:37:19,"Pandas(_0='Harvest Beat', CITY='Seattle', LATITUDE=47.661154, LONGITUDE=-122.336782, _4='Full-Service Restaurants')"
2016-11-09T21:47:02,2016-11-09T23:27:27,"Pandas(_0=""Molly Moon's Homemade Ice Crm"", CITY='Seattle', LATITUDE=47.661421, LONGITUDE=-122.337967, _4='Full-Service Restaurants')"
2016-11-15T14:37:37,2016-11-15T15:58:18,"Pandas(_0=""Costa's Restaurant"", CITY='Seattle', LATITUDE=47.66293, LONGITUDE=-122.31329, _4='Full-Service Restaurants')"
2016-11-16T03:59:06,2016-11-16T04:16:54,"Pandas(_0='Safeway', CITY='Yakima', LATITUDE=46.603353, LONGITUDE=-120.516356, _4='Supermarkets/Other Grocery (Exc Convenience) Strs')"
2016-11-18T19:05:52,2016-11-18T19:22:42,"Pandas(_0='Cafe Campagne', CITY='Seattle', LATITUDE=47.609589, LONGITUDE=-122.341427, _4='Full-Service Restaurants')"
2016-11-18T21:40:08,2016-11-18T21:59:46,"Pandas(_0='Shalimar Restaurant', CITY='Seattle', LATITUDE=47.658759, LONGITUDE=-122.312883, _4='Full-Service Restaurants')"
2016-11-30T01:22:23,2016-11-30T01:55:02,"Pandas(_0='Shalimar Restaurant', CITY='Seattle', LATITUDE=47.658759, LONGITUDE=-122.312883, _4='Full-Service Restaurants')"
2016-12-02T22:34:40,2016-12-03T00:51:47,"Pandas(_0=""Mr Lu's Seafood & Burgers"", CITY='Seattle', LATITUDE=47.664652, LONGITUDE=-122.312762, _4='Full-Service Restaurants')"
2016-12-03T01:13:37,2016-12-03T03:08:08,"Pandas(_0=""Shultzy's Sausage"", CITY='Seattle', LATITUDE=47.65728, LONGITUDE=-122.313172, _4='Full-Service Restaurants')"
2016-12-09T19:12:40,2016-12-09T19:33:13,"Pandas(_0=""Molly Moon's Homemade Ice Crm"", CITY='Seattle', LATITUDE=47.661421, LONGITUDE=-122.337967, _4='Full-Service Restaurants')"
2016-12-11T01:31:39,2016-12-11T03:26:08,"Pandas(_0='Shalimar Restaurant', CITY='Seattle', LATITUDE=47.658759, LONGITUDE=-122.312883, _4='Full-Service Restaurants')"
2016-12-11T19:28:13,2016-12-11T19:57:23,"Pandas(_0='Chipotle Mexican Grill', CITY='Seattle', LATITUDE=47.661772, LONGITUDE=-122.298112, _4='Limited-Service Restaurants')"
2016-12-15T01:04:12,2016-12-15T01:20:22,"Pandas(_0='May', CITY='Seattle', LATITUDE=47.661612, LONGITUDE=-122.338548, _4='Full-Service Restaurants')"
2016-12-16T03:31:24,2016-12-16T04:08:17,"Pandas(_0='Shalimar Restaurant', CITY='Seattle', LATITUDE=47.658759, LONGITUDE=-122.312883, _4='Full-Service Restaurants')"
2016-12-20T17:45:45,2016-12-20T18:12:33,"Pandas(_0='Kozue Restaurant', CITY='Seattle', LATITUDE=47.661612, LONGITUDE=-122.338702, _4='Full-Service Restaurants')"
2016-12-22T01:34:13,2016-12-22T03:31:52,"Pandas(_0='Shalimar Restaurant', CITY='Seattle', LATITUDE=47.658759, LONGITUDE=-122.312883, _4='Full-Service Restaurants')"
2016-12-22T17:48:17,2016-12-22T18:14:32,"Pandas(_0=""Taste Of Xi'An"", CITY='Seattle', LATITUDE=47.661971, LONGITUDE=-122.31345, _4='Full-Service Restaurants')"
2016-12-23T03:15:10,2016-12-23T04:26:31,"Pandas(_0='Shalimar Restaurant', CITY='Seattle', LATITUDE=47.658759, LONGITUDE=-122.312883, _4='Full-Service Restaurants')"
2016-12-31T15:49:52,2016-12-31T16:54:02,"Pandas(_0='Jhanjay Vegetarian Thai Csn', CITY='Seattle', LATITUDE=47.66152, LONGITUDE=-122.33676, _4='Full-Service Restaurants')"
2017-01-01T00:35:25,2017-01-01T01:32:46,"Pandas(_0='Harvest Beat', CITY='Seattle', LATITUDE=47.661154, LONGITUDE=-122.336782, _4='Full-Service Restaurants')"
2017-01-12T21:41:18,2017-01-12T22:15:49,"Pandas(_0='Safeway', CITY='Port Townsend', LATITUDE=48.108146, LONGITUDE=-122.782355, _4='Supermarkets/Other Grocery (Exc Convenience) Strs')"
2017-01-17T16:27:34,2017-01-17T17:21:30,"Pandas(_0=""Molly Moon's Homemade Ice Crm"", CITY='Seattle', LATITUDE=47.661421, LONGITUDE=-122.337967, _4='Full-Service Restaurants')"
2017-01-18T18:58:16,2017-01-18T20:30:27,"Pandas(_0='Jhanjay Vegetarian Thai Csn', CITY='Seattle', LATITUDE=47.66152, LONGITUDE=-122.33676, _4='Full-Service Restaurants')"
2017-01-19T18:24:29,2017-01-19T19:13:50,"Pandas(_0=""Molly Moon's Homemade Ice Crm"", CITY='Seattle', LATITUDE=47.661421, LONGITUDE=-122.337967, _4='Full-Service Restaurants')"
2017-01-20T21:50:23,2017-01-20T22:07:14,"Pandas(_0='Chipotle Mexican Grill', CITY='Seattle', LATITUDE=47.661772, LONGITUDE=-122.298112, _4='Limited-Service Restaurants')"
2017-01-21T20:34:35,2017-01-21T21:34:49,"Pandas(_0=""Pam's Kitchen"", CITY='Seattle', LATITUDE=47.661154, LONGITUDE=-122.336634, _4='Full-Service Restaurants')"
2017-01-23T20:02:50,2017-01-23T21:08:06,"Pandas(_0='Shalimar Restaurant', CITY='Seattle', LATITUDE=47.658759, LONGITUDE=-122.312883, _4='Full-Service Restaurants')"
2017-01-25T01:27:21,2017-01-25T01:57:58,"Pandas(_0='Shalimar Restaurant', CITY='Seattle', LATITUDE=47.658759, LONGITUDE=-122.312883, _4='Full-Service Restaurants')"
2017-01-28T21:37:53,2017-01-28T23:30:10,"Pandas(_0=""Molly Moon's Homemade Ice Crm"", CITY='Seattle', LATITUDE=47.661421, LONGITUDE=-122.337967, _4='Full-Service Restaurants')"
2017-01-29T01:40:49,2017-01-29T03:51:47,"Pandas(_0='Old Spaghetti Factory', CITY='Seattle', LATITUDE=47.615399, LONGITUDE=-122.35403, _4='Full-Service Restaurants')"
2017-01-31T03:46:18,2017-01-31T06:12:00,"Pandas(_0='Shalimar Restaurant', CITY='Seattle', LATITUDE=47.658759, LONGITUDE=-122.312883, _4='Full-Service Restaurants')"
2017-01-31T19:47:40,2017-01-31T20:31:12,"Pandas(_0=""Molly Moon's Homemade Ice Crm"", CITY='Seattle', LATITUDE=47.661421, LONGITUDE=-122.337967, _4='Full-Service Restaurants')"
2017-01-31T20:34:17,2017-01-31T21:06:25,"Pandas(_0=""Pam's Kitchen"", CITY='Seattle', LATITUDE=47.661154, LONGITUDE=-122.336634, _4='Full-Service Restaurants')"
2017-02-01T22:42:44,2017-02-01T23:54:57,"Pandas(_0='Jhanjay Vegetarian Thai Csn', CITY='Seattle', LATITUDE=47.66152, LONGITUDE=-122.33676, _4='Full-Service Restaurants')"
2017-02-02T22:39:54,2017-02-03T00:52:33,"Pandas(_0='Harvest Beat', CITY='Seattle', LATITUDE=47.661154, LONGITUDE=-122.336782, _4='Full-Service Restaurants')"
2017-02-03T21:39:19,2017-02-03T21:55:47,"Pandas(_0='Kozue Restaurant', CITY='Seattle', LATITUDE=47.661612, LONGITUDE=-122.338702, _4='Full-Service Restaurants')"
2017-02-03T23:19:21,2017-02-04T00:44:18,"Pandas(_0=""Molly Moon's Homemade Ice Crm"", CITY='Seattle', LATITUDE=47.661421, LONGITUDE=-122.337967, _4='Full-Service Restaurants')"
2017-02-08T04:04:03,2017-02-08T05:39:10,"Pandas(_0=""Shultzy's Sausage"", CITY='Seattle', LATITUDE=47.65728, LONGITUDE=-122.313172, _4='Full-Service Restaurants')"
2017-02-08T21:18:18,2017-02-08T22:23:30,"Pandas(_0=""Molly Moon's Homemade Ice Crm"", CITY='Seattle', LATITUDE=47.661421, LONGITUDE=-122.337967, _4='Full-Service Restaurants')"
2017-02-10T01:11:16,2017-02-10T02:06:48,"Pandas(_0='Quality Food Ctr', CITY='Seattle', LATITUDE=47.66188, LONGITUDE=-122.335904, _4='Supermarkets/Other Grocery (Exc Convenience) Strs')"
2017-02-15T20:33:21,2017-02-15T21:08:21,"Pandas(_0='Quality Food Ctr', CITY='Seattle', LATITUDE=47.66188, LONGITUDE=-122.335904, _4='Supermarkets/Other Grocery (Exc Convenience) Strs')"
2017-02-16T17:43:34,2017-02-16T19:58:20,"Pandas(_0=""Mr Lu's Seafood & Burgers"", CITY='Seattle', LATITUDE=47.664652, LONGITUDE=-122.312762, _4='Full-Service Restaurants')"
2017-02-16T20:45:47,2017-02-16T21:23:52,"Pandas(_0='Quality Food Ctr', CITY='Seattle', LATITUDE=47.66188, LONGITUDE=-122.335904, _4='Supermarkets/Other Grocery (Exc Convenience) Strs')"
2017-02-17T00:32:00,2017-02-17T01:29:22,"Pandas(_0='Quality Food Ctr', CITY='Seattle', LATITUDE=47.66188, LONGITUDE=-122.335904, _4='Supermarkets/Other Grocery (Exc Convenience) Strs')"
2017-02-17T20:32:42,2017-02-17T21:25:54,"Pandas(_0='Quality Food Ctr', CITY='Seattle', LATITUDE=47.66188, LONGITUDE=-122.335904, _4='Supermarkets/Other Grocery (Exc Convenience) Strs')"
2017-02-18T00:59:52,2017-02-18T01:45:09,"Pandas(_0='Shalimar Restaurant', CITY='Seattle', LATITUDE=47.658759, LONGITUDE=-122.312883, _4='Full-Service Restaurants')"
2017-02-18T21:26:43,2017-02-18T22:04:34,"Pandas(_0='Quality Food Ctr', CITY='Seattle', LATITUDE=47.66188, LONGITUDE=-122.335904, _4='Supermarkets/Other Grocery (Exc Convenience) Strs')"
2017-02-22T01:37:24,2017-02-22T03:09:21,"Pandas(_0='MOD Pizza', CITY='Seattle', LATITUDE=47.658361, LONGITUDE=-122.312838, _4='Full-Service Restaurants')"
2017-02-22T20:44:10,2017-02-22T21:18:32,"Pandas(_0='Quality Food Ctr', CITY='Seattle', LATITUDE=47.66188, LONGITUDE=-122.335904, _4='Supermarkets/Other Grocery (Exc Convenience) Strs')"
2017-02-25T01:00:30,2017-02-25T01:41:41,"Pandas(_0='Quality Food Ctr', CITY='Seattle', LATITUDE=47.66188, LONGITUDE=-122.335904, _4='Supermarkets/Other Grocery (Exc Convenience) Strs')"
2017-02-25T21:26:09,2017-02-25T21:58:45,"Pandas(_0=""Pam's Kitchen"", CITY='Seattle', LATITUDE=47.661154, LONGITUDE=-122.336634, _4='Full-Service Restaurants')"
2017-02-28T20:24:59,2017-02-28T20:59:50,"Pandas(_0=""Pam's Kitchen"", CITY='Seattle', LATITUDE=47.661154, LONGITUDE=-122.336634, _4='Full-Service Restaurants')"
2017-02-28T21:04:09,2017-02-28T23:03:28,"Pandas(_0='Ramen Man', CITY='Seattle', LATITUDE=47.661613, LONGITUDE=-122.338395, _4='Full-Service Restaurants')"
2017-02-28T23:17:54,2017-03-01T00:01:26,"Pandas(_0='Harvest Beat', CITY='Seattle', LATITUDE=47.661154, LONGITUDE=-122.336782, _4='Full-Service Restaurants')"
2017-03-01T00:51:09,2017-03-01T01:26:20,"Pandas(_0='Harvest Beat', CITY='Seattle', LATITUDE=47.661154, LONGITUDE=-122.336782, _4='Full-Service Restaurants')"
2017-03-01T01:46:36,2017-03-01T03:54:20,"Pandas(_0='Silence Heart Nest', CITY='Seattle', LATITUDE=47.651049, LONGITUDE=-122.350738, _4='Full-Service Restaurants')"
2017-03-02T22:48:33,2017-03-02T23:21:27,"Pandas(_0='Quality Food Ctr', CITY='Seattle', LATITUDE=47.66188, LONGITUDE=-122.335904, _4='Supermarkets/Other Grocery (Exc Convenience) Strs')"
2017-03-03T00:41:28,2017-03-03T01:15:43,"Pandas(_0='Jhanjay Vegetarian Thai Csn', CITY='Seattle', LATITUDE=47.66152, LONGITUDE=-122.33676, _4='Full-Service Restaurants')"
2017-03-16T20:10:59,2017-03-16T20:35:28,"Pandas(_0='Quality Food Ctr', CITY='Seattle', LATITUDE=47.66188, LONGITUDE=-122.335904, _4='Supermarkets/Other Grocery (Exc Convenience) Strs')"
2017-03-17T00:34:59,2017-03-17T02:28:39,"Pandas(_0='Quality Food Ctr', CITY='Seattle', LATITUDE=47.66188, LONGITUDE=-122.335904, _4='Supermarkets/Other Grocery (Exc Convenience) Strs')"
2017-03-24T20:32:20,2017-03-24T20:57:57,"Pandas(_0='Quality Food Ctr', CITY='Seattle', LATITUDE=47.66188, LONGITUDE=-122.335904, _4='Supermarkets/Other Grocery (Exc Convenience) Strs')"
2017-03-25T01:13:25,2017-03-25T01:43:05,"Pandas(_0='Quality Food Ctr', CITY='Seattle', LATITUDE=47.66188, LONGITUDE=-122.335904, _4='Supermarkets/Other Grocery (Exc Convenience) Strs')"
2017-03-25T20:57:04,2017-03-25T21:37:27,"Pandas(_0='Quality Food Ctr', CITY='Seattle', LATITUDE=47.66188, LONGITUDE=-122.335904, _4='Supermarkets/Other Grocery (Exc Convenience) Strs')"
2017-03-31T20:05:57,2017-03-31T20:32:01,"Pandas(_0='Quality Food Ctr', CITY='Seattle', LATITUDE=47.66188, LONGITUDE=-122.335904, _4='Supermarkets/Other Grocery (Exc Convenience) Strs')"
2017-04-01T00:19:11,2017-04-01T00:40:07,"Pandas(_0='Quality Food Ctr', CITY='Seattle', LATITUDE=47.66188, LONGITUDE=-122.335904, _4='Supermarkets/Other Grocery (Exc Convenience) Strs')"
2017-04-01T04:14:43,2017-04-01T04:32:33,"Pandas(_0='Quality Food Ctr', CITY='Seattle', LATITUDE=47.66188, LONGITUDE=-122.335904, _4='Supermarkets/Other Grocery (Exc Convenience) Strs')"
2017-04-01T15:46:33,2017-04-01T17:24:36,"Pandas(_0=""Molly Moon's Homemade Ice Crm"", CITY='Seattle', LATITUDE=47.661421, LONGITUDE=-122.337967, _4='Full-Service Restaurants')"
2017-04-01T18:41:18,2017-04-01T19:50:15,"Pandas(_0='Quality Food Ctr', CITY='Seattle', LATITUDE=47.66188, LONGITUDE=-122.335904, _4='Supermarkets/Other Grocery (Exc Convenience) Strs')"
2017-04-02T00:54:48,2017-04-02T01:46:38,"Pandas(_0='Arepa Venezuelan Kitchen', CITY='Seattle', LATITUDE=47.664869, LONGITUDE=-122.312981, _4='Full-Service Restaurants')"
2017-04-02T02:04:53,2017-04-02T02:55:36,"Pandas(_0=""Taste Of Xi'An"", CITY='Seattle', LATITUDE=47.661971, LONGITUDE=-122.31345, _4='Full-Service Restaurants')"
2017-04-04T21:47:34,2017-04-04T22:31:10,"Pandas(_0='Quality Food Ctr', CITY='Seattle', LATITUDE=47.66188, LONGITUDE=-122.335904, _4='Supermarkets/Other Grocery (Exc Convenience) Strs')"
2017-04-07T00:03:17,2017-04-07T01:33:54,"Pandas(_0='Quality Food Ctr', CITY='Seattle', LATITUDE=47.66188, LONGITUDE=-122.335904, _4='Supermarkets/Other Grocery (Exc Convenience) Strs')"
2017-04-08T00:03:34,2017-04-08T00:41:13,"Pandas(_0='Quality Food Ctr', CITY='Seattle', LATITUDE=47.66188, LONGITUDE=-122.335904, _4='Supermarkets/Other Grocery (Exc Convenience) Strs')"
2017-04-09T01:03:26,2017-04-09T03:05:53,"Pandas(_0=""Costa's Restaurant"", CITY='Seattle', LATITUDE=47.66293, LONGITUDE=-122.31329, _4='Full-Service Restaurants')"
2017-04-09T03:31:30,2017-04-09T05:46:29,"Pandas(_0='Somtum Thai', CITY='Seattle', LATITUDE=47.664215, LONGITUDE=-122.312765, _4='Full-Service Restaurants')"
2017-04-15T00:06:28,2017-04-15T00:37:29,"Pandas(_0='Quality Food Ctr', CITY='Seattle', LATITUDE=47.66188, LONGITUDE=-122.335904, _4='Supermarkets/Other Grocery (Exc Convenience) Strs')"
2017-04-15T16:24:32,2017-04-15T18:13:39,"Pandas(_0=""Molly Moon's Homemade Ice Crm"", CITY='Seattle', LATITUDE=47.661421, LONGITUDE=-122.337967, _4='Full-Service Restaurants')"
2017-04-15T19:24:02,2017-04-15T19:51:24,"Pandas(_0='Quality Food Ctr', CITY='Seattle', LATITUDE=47.66188, LONGITUDE=-122.335904, _4='Supermarkets/Other Grocery (Exc Convenience) Strs')"
2017-04-16T18:45:52,2017-04-16T19:33:22,"Pandas(_0='MOD Pizza', CITY='Seattle', LATITUDE=47.658361, LONGITUDE=-122.312838, _4='Full-Service Restaurants')"
2017-04-17T19:56:13,2017-04-17T20:27:56,"Pandas(_0='Veggie Grill', CITY='Seattle', LATITUDE=47.610004, LONGITUDE=-122.336528, _4='Full-Service Restaurants')"
2017-04-17T21:47:09,2017-04-17T22:41:02,"Pandas(_0='Cheesecake Factory', CITY='Seattle', LATITUDE=47.611899, LONGITUDE=-122.332887, _4='Full-Service Restaurants')"
2017-04-17T23:20:26,2017-04-18T00:29:29,"Pandas(_0='NYC Deli Market', CITY='Seattle', LATITUDE=47.612256, LONGITUDE=-122.333838, _4='Limited-Service Restaurants')"
2017-04-18T18:45:07,2017-04-18T21:06:32,"Pandas(_0='Quality Food Ctr', CITY='Seattle', LATITUDE=47.66188, LONGITUDE=-122.335904, _4='Supermarkets/Other Grocery (Exc Convenience) Strs')"
2017-04-19T01:56:09,2017-04-19T03:07:34,"Pandas(_0='Toyoda Sushi', CITY='Seattle', LATITUDE=47.720505, LONGITUDE=-122.295157, _4='Full-Service Restaurants')"
2017-04-20T20:55:52,2017-04-20T21:50:21,"Pandas(_0='Quality Food Ctr', CITY='Seattle', LATITUDE=47.66188, LONGITUDE=-122.335904, _4='Supermarkets/Other Grocery (Exc Convenience) Strs')"
2017-04-20T21:54:23,2017-04-20T23:51:43,"Pandas(_0='Jhanjay Vegetarian Thai Csn', CITY='Seattle', LATITUDE=47.66152, LONGITUDE=-122.33676, _4='Full-Service Restaurants')"
2017-04-21T00:32:46,2017-04-21T02:00:29,"Pandas(_0='Shalimar Restaurant', CITY='Seattle', LATITUDE=47.658759, LONGITUDE=-122.312883, _4='Full-Service Restaurants')"
2017-04-21T17:01:37,2017-04-21T19:20:05,"Pandas(_0='Quality Food Ctr', CITY='Seattle', LATITUDE=47.66188, LONGITUDE=-122.335904, _4='Supermarkets/Other Grocery (Exc Convenience) Strs')"
2017-04-21T21:03:08,2017-04-21T21:43:06,"Pandas(_0='Quality Food Ctr', CITY='Seattle', LATITUDE=47.66188, LONGITUDE=-122.335904, _4='Supermarkets/Other Grocery (Exc Convenience) Strs')"
2017-04-21T23:59:11,2017-04-22T00:46:09,"Pandas(_0='Quality Food Ctr', CITY='Seattle', LATITUDE=47.66188, LONGITUDE=-122.335904, _4='Supermarkets/Other Grocery (Exc Convenience) Strs')"
2017-04-22T19:20:01,2017-04-22T19:44:20,"Pandas(_0='Quality Food Ctr', CITY='Seattle', LATITUDE=47.66188, LONGITUDE=-122.335904, _4='Supermarkets/Other Grocery (Exc Convenience) Strs')"
2017-04-23T20:12:52,2017-04-23T20:30:26,"Pandas(_0='Nifty Fiftys Soda Fountain', CITY='Port Townsend', LATITUDE=48.114497, LONGITUDE=-122.755678, _4='Full-Service Restaurants')"
2017-04-25T22:25:40,2017-04-26T00:34:17,"Pandas(_0='Quality Food Ctr', CITY='Seattle', LATITUDE=47.66188, LONGITUDE=-122.335904, _4='Supermarkets/Other Grocery (Exc Convenience) Strs')"
2017-04-29T00:19:24,2017-04-29T00:45:47,"Pandas(_0='Quality Food Ctr', CITY='Seattle', LATITUDE=47.66188, LONGITUDE=-122.335904, _4='Supermarkets/Other Grocery (Exc Convenience) Strs')"
2017-04-29T20:34:34,2017-04-29T20:57:37,"Pandas(_0='Quality Food Ctr', CITY='Seattle', LATITUDE=47.66188, LONGITUDE=-122.335904, _4='Supermarkets/Other Grocery (Exc Convenience) Strs')"
2017-05-03T20:41:34,2017-05-03T22:28:38,"Pandas(_0='Quality Food Ctr', CITY='Seattle', LATITUDE=47.66188, LONGITUDE=-122.335904, _4='Supermarkets/Other Grocery (Exc Convenience) Strs')"
2017-05-03T22:36:05,2017-05-03T23:51:00,"Pandas(_0='Jhanjay Vegetarian Thai Csn', CITY='Seattle', LATITUDE=47.66152, LONGITUDE=-122.33676, _4='Full-Service Restaurants')"
2017-05-05T02:58:23,2017-05-05T03:19:54,"Pandas(_0='MOD Pizza', CITY='Seattle', LATITUDE=47.658361, LONGITUDE=-122.312838, _4='Full-Service Restaurants')"
2017-05-05T20:12:14,2017-05-05T21:23:56,"Pandas(_0='Quality Food Ctr', CITY='Seattle', LATITUDE=47.66188, LONGITUDE=-122.335904, _4='Supermarkets/Other Grocery (Exc Convenience) Strs')"
2017-05-06T00:11:58,2017-05-06T00:38:02,"Pandas(_0='Quality Food Ctr', CITY='Seattle', LATITUDE=47.66188, LONGITUDE=-122.335904, _4='Supermarkets/Other Grocery (Exc Convenience) Strs')"
2017-05-06T01:11:40,2017-05-06T02:48:19,"Pandas(_0='Shawerma King', CITY='Seattle', LATITUDE=47.660998, LONGITUDE=-122.313208, _4='Full-Service Restaurants')"
2017-05-06T21:15:21,2017-05-06T21:43:34,"Pandas(_0='Quality Food Ctr', CITY='Seattle', LATITUDE=47.66188, LONGITUDE=-122.335904, _4='Supermarkets/Other Grocery (Exc Convenience) Strs')"
2017-05-06T23:51:55,2017-05-07T01:22:29,"Pandas(_0=""Shultzy's Sausage"", CITY='Seattle', LATITUDE=47.65728, LONGITUDE=-122.313172, _4='Full-Service Restaurants')"
2017-05-09T00:14:18,2017-05-09T00:39:54,"Pandas(_0='Orange King', CITY='Seattle', LATITUDE=47.65821, LONGITUDE=-122.31276, _4='Full-Service Restaurants')"
2017-05-09T03:48:31,2017-05-09T04:34:07,"Pandas(_0=""Mr Lu's Seafood & Burgers"", CITY='Seattle', LATITUDE=47.664652, LONGITUDE=-122.312762, _4='Full-Service Restaurants')"
2017-05-09T20:03:34,2017-05-09T21:15:04,"Pandas(_0=""Pam's Kitchen"", CITY='Seattle', LATITUDE=47.661154, LONGITUDE=-122.336634, _4='Full-Service Restaurants')"
2017-05-09T21:17:06,2017-05-09T22:27:19,"Pandas(_0='Quality Food Ctr', CITY='Seattle', LATITUDE=47.66188, LONGITUDE=-122.335904, _4='Supermarkets/Other Grocery (Exc Convenience) Strs')"
2017-05-13T00:22:47,2017-05-13T00:43:19,"Pandas(_0='Quality Food Ctr', CITY='Seattle', LATITUDE=47.66188, LONGITUDE=-122.335904, _4='Supermarkets/Other Grocery (Exc Convenience) Strs')"
2017-05-16T22:21:24,2017-05-16T22:53:03,"Pandas(_0='Quality Food Ctr', CITY='Seattle', LATITUDE=47.66188, LONGITUDE=-122.335904, _4='Supermarkets/Other Grocery (Exc Convenience) Strs')"
2017-05-17T17:29:28,2017-05-17T19:37:46,"Pandas(_0='Jhanjay Vegetarian Thai Csn', CITY='Seattle', LATITUDE=47.66152, LONGITUDE=-122.33676, _4='Full-Service Restaurants')"
2017-05-17T19:39:28,2017-05-17T20:29:44,"Pandas(_0='Quality Food Ctr', CITY='Seattle', LATITUDE=47.66188, LONGITUDE=-122.335904, _4='Supermarkets/Other Grocery (Exc Convenience) Strs')"
2017-05-18T20:11:14,2017-05-18T21:17:32,"Pandas(_0='Quality Food Ctr', CITY='Seattle', LATITUDE=47.66188, LONGITUDE=-122.335904, _4='Supermarkets/Other Grocery (Exc Convenience) Strs')"
2017-05-18T21:19:31,2017-05-18T23:27:22,"Pandas(_0=""Pam's Kitchen"", CITY='Seattle', LATITUDE=47.661154, LONGITUDE=-122.336634, _4='Full-Service Restaurants')"
2017-05-18T23:29:26,2017-05-19T01:36:11,"Pandas(_0='Quality Food Ctr', CITY='Seattle', LATITUDE=47.66188, LONGITUDE=-122.335904, _4='Supermarkets/Other Grocery (Exc Convenience) Strs')"
2017-05-19T19:31:17,2017-05-19T20:41:23,"Pandas(_0='Quality Food Ctr', CITY='Seattle', LATITUDE=47.66188, LONGITUDE=-122.335904, _4='Supermarkets/Other Grocery (Exc Convenience) Strs')"
2017-05-20T00:03:20,2017-05-20T00:41:57,"Pandas(_0='Quality Food Ctr', CITY='Seattle', LATITUDE=47.66188, LONGITUDE=-122.335904, _4='Supermarkets/Other Grocery (Exc Convenience) Strs')"
2017-05-20T21:19:26,2017-05-20T21:43:02,"Pandas(_0='Quality Food Ctr', CITY='Seattle', LATITUDE=47.66188, LONGITUDE=-122.335904, _4='Supermarkets/Other Grocery (Exc Convenience) Strs')"
2017-05-20T21:49:45,2017-05-20T23:18:13,"Pandas(_0='Jhanjay Vegetarian Thai Csn', CITY='Seattle', LATITUDE=47.66152, LONGITUDE=-122.33676, _4='Full-Service Restaurants')"
2017-05-20T23:21:11,2017-05-21T01:21:44,"Pandas(_0='Quality Food Ctr', CITY='Seattle', LATITUDE=47.66188, LONGITUDE=-122.335904, _4='Supermarkets/Other Grocery (Exc Convenience) Strs')"
2017-05-23T15:52:06,2017-05-23T16:08:18,"Pandas(_0='Hot Noodle', CITY='Seattle', LATITUDE=47.655499, LONGITUDE=-122.350035, _4='Full-Service Restaurants')"
2017-05-23T18:42:00,2017-05-23T19:30:10,"Pandas(_0='Hot Noodle', CITY='Seattle', LATITUDE=47.655499, LONGITUDE=-122.350035, _4='Full-Service Restaurants')"
2017-05-23T20:37:15,2017-05-23T20:57:22,"Pandas(_0='Hot Noodle', CITY='Seattle', LATITUDE=47.655499, LONGITUDE=-122.350035, _4='Full-Service Restaurants')"
2017-05-23T23:55:41,2017-05-24T00:22:17,"Pandas(_0='Quality Food Ctr', CITY='Seattle', LATITUDE=47.66188, LONGITUDE=-122.335904, _4='Supermarkets/Other Grocery (Exc Convenience) Strs')"
2017-05-27T00:00:36,2017-05-27T00:44:01,"Pandas(_0='Quality Food Ctr', CITY='Seattle', LATITUDE=47.66188, LONGITUDE=-122.335904, _4='Supermarkets/Other Grocery (Exc Convenience) Strs')"
2017-05-27T03:35:06,2017-05-27T04:22:49,"Pandas(_0='Harvest Beat', CITY='Seattle', LATITUDE=47.661154, LONGITUDE=-122.336782, _4='Full-Service Restaurants')"
2017-05-27T04:25:51,2017-05-27T04:41:34,"Pandas(_0='Quality Food Ctr', CITY='Seattle', LATITUDE=47.66188, LONGITUDE=-122.335904, _4='Supermarkets/Other Grocery (Exc Convenience) Strs')"
2017-05-28T19:50:10,2017-05-28T21:31:55,"Pandas(_0='Nifty Fiftys Soda Fountain', CITY='Port Townsend', LATITUDE=48.114497, LONGITUDE=-122.755678, _4='Full-Service Restaurants')"
2017-05-30T03:16:16,2017-05-30T03:36:15,"Pandas(_0='Shalimar Restaurant', CITY='Seattle', LATITUDE=47.658759, LONGITUDE=-122.312883, _4='Full-Service Restaurants')"
2017-05-31T14:56:44,2017-05-31T15:53:51,"Pandas(_0='Jhanjay Vegetarian Thai Csn', CITY='Seattle', LATITUDE=47.66152, LONGITUDE=-122.33676, _4='Full-Service Restaurants')"
2017-05-31T18:15:03,2017-05-31T19:21:48,"Pandas(_0='Harvest Beat', CITY='Seattle', LATITUDE=47.661154, LONGITUDE=-122.336782, _4='Full-Service Restaurants')"
2017-05-31T19:23:52,2017-05-31T20:07:15,"Pandas(_0='Quality Food Ctr', CITY='Seattle', LATITUDE=47.66188, LONGITUDE=-122.335904, _4='Supermarkets/Other Grocery (Exc Convenience) Strs')"
2017-06-01T19:16:48,2017-06-01T20:17:50,"Pandas(_0='Quality Food Ctr', CITY='Seattle', LATITUDE=47.66188, LONGITUDE=-122.335904, _4='Supermarkets/Other Grocery (Exc Convenience) Strs')"
2017-06-06T18:48:28,2017-06-06T19:45:38,"Pandas(_0='Quality Food Ctr', CITY='Seattle', LATITUDE=47.66188, LONGITUDE=-122.335904, _4='Supermarkets/Other Grocery (Exc Convenience) Strs')"
2017-06-07T20:04:30,2017-06-07T21:07:21,"Pandas(_0='Quality Food Ctr', CITY='Seattle', LATITUDE=47.66188, LONGITUDE=-122.335904, _4='Supermarkets/Other Grocery (Exc Convenience) Strs')"
2017-06-08T18:19:17,2017-06-08T18:41:18,"Pandas(_0='Quality Food Ctr', CITY='Seattle', LATITUDE=47.66188, LONGITUDE=-122.335904, _4='Supermarkets/Other Grocery (Exc Convenience) Strs')"
2017-06-09T19:49:12,2017-06-09T20:33:23,"Pandas(_0='Quality Food Ctr', CITY='Seattle', LATITUDE=47.66188, LONGITUDE=-122.335904, _4='Supermarkets/Other Grocery (Exc Convenience) Strs')"
2017-06-09T23:23:14,2017-06-10T00:38:36,"Pandas(_0='Quality Food Ctr', CITY='Seattle', LATITUDE=47.66188, LONGITUDE=-122.335904, _4='Supermarkets/Other Grocery (Exc Convenience) Strs')"
2017-06-10T18:58:38,2017-06-10T19:38:23,"Pandas(_0='WOKS Deli', CITY='Seattle', LATITUDE=47.545636, LONGITUDE=-122.32583, _4='Limited-Service Restaurants')"
2017-06-20T18:53:26,2017-06-20T20:07:14,"Pandas(_0='Quality Food Ctr', CITY='Seattle', LATITUDE=47.66188, LONGITUDE=-122.335904, _4='Supermarkets/Other Grocery (Exc Convenience) Strs')"
2017-06-20T23:55:33,2017-06-21T00:33:46,"Pandas(_0='Quality Food Ctr', CITY='Seattle', LATITUDE=47.66188, LONGITUDE=-122.335904, _4='Supermarkets/Other Grocery (Exc Convenience) Strs')"
2017-06-21T17:52:55,2017-06-21T19:55:24,"Pandas(_0='Quality Food Ctr', CITY='Seattle', LATITUDE=47.66188, LONGITUDE=-122.335904, _4='Supermarkets/Other Grocery (Exc Convenience) Strs')"
2017-06-23T23:58:19,2017-06-24T00:38:07,"Pandas(_0='Quality Food Ctr', CITY='Seattle', LATITUDE=47.66188, LONGITUDE=-122.335904, _4='Supermarkets/Other Grocery (Exc Convenience) Strs')"
2017-06-27T02:53:04,2017-06-27T03:50:20,"Pandas(_0='Shalimar Restaurant', CITY='Seattle', LATITUDE=47.658759, LONGITUDE=-122.312883, _4='Full-Service Restaurants')"
2017-06-28T18:24:22,2017-06-28T18:59:17,"Pandas(_0='Quality Food Ctr', CITY='Seattle', LATITUDE=47.66188, LONGITUDE=-122.335904, _4='Supermarkets/Other Grocery (Exc Convenience) Strs')"
2017-06-28T19:00:18,2017-06-28T19:42:23,"Pandas(_0='Quality Food Ctr', CITY='Seattle', LATITUDE=47.66188, LONGITUDE=-122.335904, _4='Supermarkets/Other Grocery (Exc Convenience) Strs')"
2017-06-28T19:44:46,2017-06-28T21:11:33,"Pandas(_0='Quality Food Ctr', CITY='Seattle', LATITUDE=47.66188, LONGITUDE=-122.335904, _4='Supermarkets/Other Grocery (Exc Convenience) Strs')"
2017-07-01T04:10:36,2017-07-01T04:25:39,"Pandas(_0='Quality Food Ctr', CITY='Seattle', LATITUDE=47.66188, LONGITUDE=-122.335904, _4='Supermarkets/Other Grocery (Exc Convenience) Strs')"
2017-07-02T19:42:47,2017-07-02T20:40:28,"Pandas(_0='Casa Que Pasa', CITY='Bellingham', LATITUDE=48.7508, LONGITUDE=-122.47611, _4='Full-Service Restaurants')"
2017-07-07T19:16:23,2017-07-07T20:06:23,"Pandas(_0='Quality Food Ctr', CITY='Seattle', LATITUDE=47.66188, LONGITUDE=-122.335904, _4='Supermarkets/Other Grocery (Exc Convenience) Strs')"
2017-07-07T21:52:55,2017-07-07T22:24:25,"Pandas(_0=""Molly Moon's Homemade Ice Crm"", CITY='Seattle', LATITUDE=47.661421, LONGITUDE=-122.337967, _4='Full-Service Restaurants')"
2017-07-07T23:46:24,2017-07-08T00:45:28,"Pandas(_0='Quality Food Ctr', CITY='Seattle', LATITUDE=47.66188, LONGITUDE=-122.335904, _4='Supermarkets/Other Grocery (Exc Convenience) Strs')"
2017-07-08T20:29:40,2017-07-08T21:18:02,"Pandas(_0='Quality Food Ctr', CITY='Seattle', LATITUDE=47.66188, LONGITUDE=-122.335904, _4='Supermarkets/Other Grocery (Exc Convenience) Strs')"
2017-07-10T17:53:41,2017-07-10T19:05:02,"Pandas(_0=""Brouwer's Cafe"", CITY='Seattle', LATITUDE=47.651608, LONGITUDE=-122.354198, _4='Full-Service Restaurants')"
2017-07-11T20:28:54,2017-07-11T21:19:51,"Pandas(_0=""Pam's Kitchen"", CITY='Seattle', LATITUDE=47.661154, LONGITUDE=-122.336634, _4='Full-Service Restaurants')"
2017-07-11T21:22:06,2017-07-11T21:43:19,"Pandas(_0='Quality Food Ctr', CITY='Seattle', LATITUDE=47.66188, LONGITUDE=-122.335904, _4='Supermarkets/Other Grocery (Exc Convenience) Strs')"
2017-07-12T20:15:05,2017-07-12T20:59:05,"Pandas(_0='Quality Food Ctr', CITY='Seattle', LATITUDE=47.66188, LONGITUDE=-122.335904, _4='Supermarkets/Other Grocery (Exc Convenience) Strs')"
2017-07-12T23:40:42,2017-07-13T00:13:57,"Pandas(_0='Shalimar Restaurant', CITY='Seattle', LATITUDE=47.658759, LONGITUDE=-122.312883, _4='Full-Service Restaurants')"
2017-07-13T01:47:52,2017-07-13T02:17:44,"Pandas(_0='Cedars Of Lebanon', CITY='Seattle', LATITUDE=47.659746, LONGITUDE=-122.312859, _4='Full-Service Restaurants')"
2017-07-13T16:14:17,2017-07-13T17:18:54,"Pandas(_0=""Pam's Kitchen"", CITY='Seattle', LATITUDE=47.661154, LONGITUDE=-122.336634, _4='Full-Service Restaurants')"
2017-07-14T23:28:39,2017-07-15T00:03:39,"Pandas(_0='Quality Food Ctr', CITY='Seattle', LATITUDE=47.66188, LONGITUDE=-122.335904, _4='Supermarkets/Other Grocery (Exc Convenience) Strs')"
2017-07-15T04:36:31,2017-07-15T06:45:12,"Pandas(_0='Sunset Fried Chicken Sndwchs', CITY='Seattle', LATITUDE=47.615514, LONGITUDE=-122.316795, _4='Full-Service Restaurants')"
2017-07-16T00:09:17,2017-07-16T01:35:50,"Pandas(_0='Queen Sheba', CITY='Seattle', LATITUDE=47.620113, LONGITUDE=-122.32011, _4='Full-Service Restaurants')"
2017-07-16T18:37:41,2017-07-16T18:54:40,"Pandas(_0='Eat Local', CITY='Seattle', LATITUDE=47.62344, LONGITUDE=-122.32114, _4='Full-Service Restaurants')"
2017-07-16T22:07:48,2017-07-16T22:38:43,"Pandas(_0='Eat Local', CITY='Seattle', LATITUDE=47.62344, LONGITUDE=-122.32114, _4='Full-Service Restaurants')"
2017-07-17T00:02:09,2017-07-17T01:19:01,"Pandas(_0='Eat Local', CITY='Seattle', LATITUDE=47.62344, LONGITUDE=-122.32114, _4='Full-Service Restaurants')"
2017-07-17T02:02:07,2017-07-17T02:55:32,"Pandas(_0='Itadakimasu Restaurant', CITY='Seattle', LATITUDE=47.664344, LONGITUDE=-122.314528, _4='Full-Service Restaurants')"
2017-07-17T17:07:50,2017-07-17T18:41:46,"Pandas(_0='Purple Cafe & Wine Bar-Seattle', CITY='Seattle', LATITUDE=47.607893, LONGITUDE=-122.334657, _4='Full-Service Restaurants')"
2017-07-17T21:04:57,2017-07-17T21:42:30,"Pandas(_0='Quality Food Ctr', CITY='Seattle', LATITUDE=47.66188, LONGITUDE=-122.335904, _4='Supermarkets/Other Grocery (Exc Convenience) Strs')"
2017-07-18T21:37:26,2017-07-18T22:33:40,"Pandas(_0='Quality Food Ctr', CITY='Seattle', LATITUDE=47.66188, LONGITUDE=-122.335904, _4='Supermarkets/Other Grocery (Exc Convenience) Strs')"
2017-07-22T16:56:37,2017-07-22T17:13:13,"Pandas(_0='Safeway', CITY='Seattle', LATITUDE=47.71815, LONGITUDE=-122.312015, _4='Supermarkets/Other Grocery (Exc Convenience) Strs')"
2017-07-28T03:21:36,2017-07-28T04:51:24,"Pandas(_0=""Chili's South Indian Cuisine"", CITY='Seattle', LATITUDE=47.65891, LONGITUDE=-122.31301, _4='Full-Service Restaurants')"
2017-07-29T19:25:28,2017-07-29T20:42:21,"Pandas(_0='Falafel Salam', CITY='Seattle', LATITUDE=47.55971, LONGITUDE=-122.38664, _4='Full-Service Restaurants')"
2017-07-29T20:54:05,2017-07-29T21:58:33,"Pandas(_0='Falafel Salam', CITY='Seattle', LATITUDE=47.55971, LONGITUDE=-122.38664, _4='Full-Service Restaurants')"
2017-07-29T22:26:44,2017-07-30T00:24:22,"Pandas(_0='Falafel Salam', CITY='Seattle', LATITUDE=47.55971, LONGITUDE=-122.38664, _4='Full-Service Restaurants')"
2017-07-30T16:47:24,2017-07-30T17:28:41,"Pandas(_0='Chile Pepper Restaurant', CITY='Seattle', LATITUDE=47.661161, LONGITUDE=-122.339467, _4='Full-Service Restaurants')"
2017-08-01T14:53:03,2017-08-01T17:08:54,"Pandas(_0=""Molly Moon's Homemade Ice Crm"", CITY='Seattle', LATITUDE=47.661421, LONGITUDE=-122.337967, _4='Full-Service Restaurants')"
2017-08-01T19:34:52,2017-08-01T20:17:57,"Pandas(_0='Quality Food Ctr', CITY='Seattle', LATITUDE=47.66188, LONGITUDE=-122.335904, _4='Supermarkets/Other Grocery (Exc Convenience) Strs')"
2017-08-01T23:11:08,2017-08-01T23:47:17,"Pandas(_0='Quality Food Ctr', CITY='Seattle', LATITUDE=47.66188, LONGITUDE=-122.335904, _4='Supermarkets/Other Grocery (Exc Convenience) Strs')"
2017-08-04T00:43:00,2017-08-04T02:51:23,"Pandas(_0='Shalimar Restaurant', CITY='Seattle', LATITUDE=47.658759, LONGITUDE=-122.312883, _4='Full-Service Restaurants')"
2017-08-06T01:07:31,2017-08-06T01:25:46,"Pandas(_0='Safeway', CITY='Port Townsend', LATITUDE=48.108146, LONGITUDE=-122.782355, _4='Supermarkets/Other Grocery (Exc Convenience) Strs')"
2017-08-08T02:44:41,2017-08-08T03:47:26,"Pandas(_0='MOD Pizza', CITY='Seattle', LATITUDE=47.658361, LONGITUDE=-122.312838, _4='Full-Service Restaurants')"
2017-08-08T16:42:50,2017-08-08T17:44:56,"Pandas(_0='Cedars Of Lebanon', CITY='Seattle', LATITUDE=47.659746, LONGITUDE=-122.312859, _4='Full-Service Restaurants')"
2017-08-16T02:06:29,2017-08-16T03:21:45,"Pandas(_0='Shalimar Restaurant', CITY='Seattle', LATITUDE=47.658759, LONGITUDE=-122.312883, _4='Full-Service Restaurants')"
2017-08-16T19:18:04,2017-08-16T19:38:37,"Pandas(_0='Blue C Sushi', CITY='Seattle', LATITUDE=47.66212, LONGITUDE=-122.29844, _4='Full-Service Restaurants')"
2017-08-18T03:08:30,2017-08-18T03:24:53,"Pandas(_0='MOD Pizza', CITY='Seattle', LATITUDE=47.658361, LONGITUDE=-122.312838, _4='Full-Service Restaurants')"
2017-08-21T04:32:15,2017-08-21T05:47:16,"Pandas(_0='Beths Cafe', CITY='Seattle', LATITUDE=47.6821, LONGITUDE=-122.34473, _4='Full-Service Restaurants')"
2017-09-02T22:40:50,2017-09-02T23:03:26,"Pandas(_0='Blue C Sushi', CITY='Seattle', LATITUDE=47.66212, LONGITUDE=-122.29844, _4='Full-Service Restaurants')"
2017-09-13T23:33:11,2017-09-14T01:43:11,"Pandas(_0='Shalimar Restaurant', CITY='Seattle', LATITUDE=47.658759, LONGITUDE=-122.312883, _4='Full-Service Restaurants')"
2017-09-16T17:25:46,2017-09-16T18:20:21,"Pandas(_0='Tahn Brothers Restaurant', CITY='Seattle', LATITUDE=47.65858, LONGITUDE=-122.3134, _4='Full-Service Restaurants')"
2017-09-17T19:32:39,2017-09-17T21:49:08,"Pandas(_0='Caffe Ladro', CITY='Seattle', LATITUDE=47.607975, LONGITUDE=-122.338859, _4='Full-Service Restaurants')"
2017-09-22T00:39:00,2017-09-22T02:00:04,"Pandas(_0='Cafe On The Aveune', CITY='Seattle', LATITUDE=47.658501, LONGITUDE=-122.313556, _4='Full-Service Restaurants')"
2017-09-23T21:21:30,2017-09-23T21:41:54,"Pandas(_0='SUBWAY', CITY='Seattle', LATITUDE=47.650877, LONGITUDE=-122.308199, _4='Limited-Service Restaurants')"
2017-10-01T00:47:05,2017-10-01T03:02:47,"Pandas(_0='College Inn', CITY='Seattle', LATITUDE=47.655491, LONGITUDE=-122.312987, _4='Supermarkets/Other Grocery (Exc Convenience) Strs')"
2017-10-01T04:54:13,2017-10-01T06:22:04,"Pandas(_0='Kyoto Teriyaki', CITY='Seattle', LATITUDE=47.614031, LONGITUDE=-122.32142, _4='Full-Service Restaurants')"
2017-10-09T02:32:43,2017-10-09T03:52:21,"Pandas(_0='Wandering Goose', CITY='Seattle', LATITUDE=47.62218, LONGITUDE=-122.31282, _4='Full-Service Restaurants')"
2017-10-09T04:15:01,2017-10-09T05:57:40,"Pandas(_0='Beths Cafe', CITY='Seattle', LATITUDE=47.6821, LONGITUDE=-122.34473, _4='Full-Service Restaurants')"
2017-10-26T00:59:31,2017-10-26T02:45:44,"Pandas(_0='SUBWAY', CITY='Seattle', LATITUDE=47.650877, LONGITUDE=-122.308199, _4='Limited-Service Restaurants')"
2017-10-29T16:46:16,2017-10-29T17:58:32,"Pandas(_0='LA Creperie Voila', CITY='Seattle', LATITUDE=47.612134, LONGITUDE=-122.332057, _4='Full-Service Restaurants')"
2017-10-29T18:40:07,2017-10-29T19:22:14,"Pandas(_0='LA Creperie Voila', CITY='Seattle', LATITUDE=47.612134, LONGITUDE=-122.332057, _4='Full-Service Restaurants')"
2017-10-29T20:54:59,2017-10-29T21:50:41,"Pandas(_0='LA Creperie Voila', CITY='Seattle', LATITUDE=47.612134, LONGITUDE=-122.332057, _4='Full-Service Restaurants')"
2017-10-30T01:51:04,2017-10-30T02:07:15,"Pandas(_0='LA Creperie Voila', CITY='Seattle', LATITUDE=47.612134, LONGITUDE=-122.332057, _4='Full-Service Restaurants')"
2017-11-08T03:19:25,2017-11-08T04:19:17,"Pandas(_0='Korean Tofu House', CITY='Seattle', LATITUDE=47.658316, LONGITUDE=-122.314297, _4='Full-Service Restaurants')"
2017-11-12T00:47:33,2017-11-12T01:57:52,"Pandas(_0='MOD Pizza', CITY='Seattle', LATITUDE=47.658361, LONGITUDE=-122.312838, _4='Full-Service Restaurants')"
2017-11-17T03:02:37,2017-11-17T03:34:01,"Pandas(_0='MOD Pizza', CITY='Seattle', LATITUDE=47.658361, LONGITUDE=-122.312838, _4='Full-Service Restaurants')"
2017-11-18T02:03:34,2017-11-18T03:23:05,"Pandas(_0='Shalimar Restaurant', CITY='Seattle', LATITUDE=47.658759, LONGITUDE=-122.312883, _4='Full-Service Restaurants')"
2017-11-21T04:19:40,2017-11-21T05:41:58,"Pandas(_0='Shalimar Restaurant', CITY='Seattle', LATITUDE=47.658759, LONGITUDE=-122.312883, _4='Full-Service Restaurants')"
2017-11-21T17:16:03,2017-11-21T18:43:03,"Pandas(_0='SUBWAY', CITY='Seattle', LATITUDE=47.650877, LONGITUDE=-122.308199, _4='Limited-Service Restaurants')"
2017-11-23T05:41:55,2017-11-23T07:41:02,"Pandas(_0='Aoki Japanese Restaurant', CITY='Seattle', LATITUDE=47.62489, LONGITUDE=-122.32116, _4='Full-Service Restaurants')"
2017-11-24T18:27:52,2017-11-24T19:55:11,"Pandas(_0='SUBWAY', CITY='Seattle', LATITUDE=47.650877, LONGITUDE=-122.308199, _4='Limited-Service Restaurants')"
2017-11-29T20:01:38,2017-11-29T21:22:57,"Pandas(_0='SUBWAY', CITY='Seattle', LATITUDE=47.650877, LONGITUDE=-122.308199, _4='Limited-Service Restaurants')"
2017-11-30T04:27:10,2017-11-30T05:03:31,"Pandas(_0='College Inn', CITY='Seattle', LATITUDE=47.655491, LONGITUDE=-122.312987, _4='Supermarkets/Other Grocery (Exc Convenience) Strs')"
2017-12-01T17:02:26,2017-12-01T19:16:53,"Pandas(_0='Shalimar Restaurant', CITY='Seattle', LATITUDE=47.658759, LONGITUDE=-122.312883, _4='Full-Service Restaurants')"
2017-12-09T23:33:43,2017-12-10T00:59:47,"Pandas(_0='Chipotle Mexican Grill', CITY='Seattle', LATITUDE=47.659223, LONGITUDE=-122.313346, _4='Limited-Service Restaurants')"
2017-12-10T02:13:36,2017-12-10T03:00:24,"Pandas(_0='MOD Pizza', CITY='Seattle', LATITUDE=47.658361, LONGITUDE=-122.312838, _4='Full-Service Restaurants')"
2017-12-14T23:45:52,2017-12-15T01:46:12,"Pandas(_0='Caffe Ladro', CITY='Seattle', LATITUDE=47.607975, LONGITUDE=-122.338859, _4='Full-Service Restaurants')"
2017-12-19T03:11:58,2017-12-19T04:04:09,"Pandas(_0='Sultan Jyro Grill', CITY='Seattle', LATITUDE=47.658981, LONGITUDE=-122.312873, _4='Full-Service Restaurants')"
2017-12-22T19:00:10,2017-12-22T21:06:29,"Pandas(_0='SUBWAY', CITY='Seattle', LATITUDE=47.650877, LONGITUDE=-122.308199, _4='Limited-Service Restaurants')"
2017-12-29T03:10:49,2017-12-29T05:16:47,"Pandas(_0='Lodge Sports Grill', CITY='Seattle', LATITUDE=47.608872, LONGITUDE=-122.333989, _4='Full-Service Restaurants')"
2018-01-02T04:08:34,2018-01-02T04:25:46,"Pandas(_0='Shalimar Restaurant', CITY='Seattle', LATITUDE=47.658759, LONGITUDE=-122.312883, _4='Full-Service Restaurants')"
2018-01-03T20:34:41,2018-01-03T21:14:37,"Pandas(_0='Seoul Posu House', CITY='Seattle', LATITUDE=47.662487, LONGITUDE=-122.31278, _4='Full-Service Restaurants')"
2018-01-03T23:06:14,2018-01-03T23:30:37,"Pandas(_0='Assaggio Ristorante', CITY='Seattle', LATITUDE=47.61337, LONGITUDE=-122.34021, _4='Full-Service Restaurants')"
2018-01-11T22:59:19,2018-01-11T23:27:44,"Pandas(_0='Getables', CITY='Port Townsend', LATITUDE=48.114907, LONGITUDE=-122.756058, _4='Full-Service Restaurants')"
2018-01-12T22:13:48,2018-01-12T22:30:12,"Pandas(_0='Nifty Fiftys Soda Fountain', CITY='Port Townsend', LATITUDE=48.114497, LONGITUDE=-122.755678, _4='Full-Service Restaurants')"
2018-01-12T23:02:45,2018-01-12T23:31:23,"Pandas(_0='Safeway', CITY='Port Townsend', LATITUDE=48.108146, LONGITUDE=-122.782355, _4='Supermarkets/Other Grocery (Exc Convenience) Strs')"
2018-01-14T23:40:02,2018-01-15T00:03:56,"Pandas(_0=""Lehani's Deli & Coffee"", CITY='Port Townsend', LATITUDE=48.114704, LONGITUDE=-122.756843, _4='Limited-Service Restaurants')"
2018-01-21T03:22:57,2018-01-21T04:12:43,"Pandas(_0='Sultan Jyro Grill', CITY='Seattle', LATITUDE=47.658981, LONGITUDE=-122.312873, _4='Full-Service Restaurants')"
2018-01-23T03:08:16,2018-01-23T04:35:06,"Pandas(_0='Sultan Jyro Grill', CITY='Seattle', LATITUDE=47.658981, LONGITUDE=-122.312873, _4='Full-Service Restaurants')"
2018-01-25T00:59:32,2018-01-25T02:22:52,"Pandas(_0='SUBWAY', CITY='Seattle', LATITUDE=47.650877, LONGITUDE=-122.308199, _4='Limited-Service Restaurants')"
2018-01-26T02:22:26,2018-01-26T02:42:30,"Pandas(_0='Jewel Of Indian Cuisine', CITY='Seattle', LATITUDE=47.66418, LONGITUDE=-122.31326, _4='Full-Service Restaurants')"
2018-02-02T17:31:11,2018-02-02T18:25:27,"Pandas(_0='Aladdin Gyro-Cery & Deli', CITY='Seattle', LATITUDE=47.658171, LONGITUDE=-122.313278, _4='Supermarkets/Other Grocery (Exc Convenience) Strs')"
2018-02-10T05:03:10,2018-02-10T06:38:36,"Pandas(_0='Ashwood Urban Market', CITY='Bellevue', LATITUDE=47.618987, LONGITUDE=-122.191362, _4='Supermarkets/Other Grocery (Exc Convenience) Strs')"
2018-02-22T16:44:42,2018-02-22T17:29:10,"Pandas(_0='Cafe On The Aveune', CITY='Seattle', LATITUDE=47.658501, LONGITUDE=-122.313556, _4='Full-Service Restaurants')"
2018-02-25T02:56:35,2018-02-25T05:05:01,"Pandas(_0='Tutta Bella Neapolitan', CITY='Seattle', LATITUDE=47.66045, LONGITUDE=-122.34247, _4='Full-Service Restaurants')"
2018-03-01T21:42:00,2018-03-01T22:30:34,"Pandas(_0='SUBWAY', CITY='Seattle', LATITUDE=47.605711, LONGITUDE=-122.323664, _4='Limited-Service Restaurants')"
2018-03-01T22:34:49,2018-03-02T00:45:29,"Pandas(_0='SUBWAY', CITY='Seattle', LATITUDE=47.605711, LONGITUDE=-122.323664, _4='Limited-Service Restaurants')"
2018-03-16T01:42:19,2018-03-16T02:56:51,"Pandas(_0='MOD Pizza', CITY='Seattle', LATITUDE=47.658361, LONGITUDE=-122.312838, _4='Full-Service Restaurants')"
2018-03-26T01:01:22,2018-03-26T02:03:16,"Pandas(_0='Joint', CITY='Seattle', LATITUDE=47.668215, LONGITUDE=-122.312672, _4='Full-Service Restaurants')"
2018-03-26T02:18:50,2018-03-26T02:39:29,"Pandas(_0='Shalimar Restaurant', CITY='Seattle', LATITUDE=47.658759, LONGITUDE=-122.312883, _4='Full-Service Restaurants')"
2018-03-29T20:35:40,2018-03-29T21:19:53,"Pandas(_0='Hunt Club', CITY='Seattle', LATITUDE=47.608979, LONGITUDE=-122.326717, _4='Full-Service Restaurants')"
2018-03-29T22:34:42,2018-03-29T23:26:40,"Pandas(_0='SUBWAY', CITY='Seattle', LATITUDE=47.605711, LONGITUDE=-122.323664, _4='Limited-Service Restaurants')"
2018-04-01T01:57:20,2018-04-01T02:49:09,"Pandas(_0='MOD Pizza', CITY='Seattle', LATITUDE=47.658361, LONGITUDE=-122.312838, _4='Full-Service Restaurants')"
2018-04-03T03:03:08,2018-04-03T03:20:18,"Pandas(_0='Thanh VI', CITY='Seattle', LATITUDE=47.659, LONGITUDE=-122.31302, _4='Full-Service Restaurants')"
2018-04-10T17:18:15,2018-04-10T18:20:21,"Pandas(_0='Arepa Venezuelan Kitchen', CITY='Seattle', LATITUDE=47.664869, LONGITUDE=-122.312981, _4='Full-Service Restaurants')"
2018-04-12T00:58:14,2018-04-12T03:15:15,"Pandas(_0='Sultan Jyro Grill', CITY='Seattle', LATITUDE=47.658981, LONGITUDE=-122.312873, _4='Full-Service Restaurants')"
2018-04-13T02:03:17,2018-04-13T03:24:12,"Pandas(_0='Shalimar Restaurant', CITY='Seattle', LATITUDE=47.658759, LONGITUDE=-122.312883, _4='Full-Service Restaurants')"
2018-04-14T21:11:22,2018-04-14T21:53:25,"Pandas(_0='Wasabi Express', CITY='Seattle', LATITUDE=47.602866, LONGITUDE=-122.338541, _4='Full-Service Restaurants')"
2018-05-01T03:08:41,2018-05-01T03:29:35,"Pandas(_0='Thanh VI', CITY='Seattle', LATITUDE=47.659, LONGITUDE=-122.31302, _4='Full-Service Restaurants')"
2018-05-03T19:22:33,2018-05-03T19:46:00,"Pandas(_0='Acapulco Fresh Mexican Grill', CITY='Kenmore', LATITUDE=47.758675, LONGITUDE=-122.262868, _4='Full-Service Restaurants')"
2018-05-04T16:57:03,2018-05-04T18:06:05,"Pandas(_0='Arepa Venezuelan Kitchen', CITY='Seattle', LATITUDE=47.664869, LONGITUDE=-122.312981, _4='Full-Service Restaurants')"
2018-05-04T18:19:45,2018-05-04T19:55:23,"Pandas(_0='Shalimar Restaurant', CITY='Seattle', LATITUDE=47.658759, LONGITUDE=-122.312883, _4='Full-Service Restaurants')"
2018-05-06T05:42:14,2018-05-06T06:23:42,"Pandas(_0='Din Tai Fung-Bellevue', CITY='Bellevue', LATITUDE=47.616623, LONGITUDE=-122.201603, _4='Full-Service Restaurants')"
2018-05-12T04:22:00,2018-05-12T05:34:56,"Pandas(_0='University Teriyaki', CITY='Seattle', LATITUDE=47.65718, LONGITUDE=-122.312935, _4='Full-Service Restaurants')"
2018-05-12T05:39:01,2018-05-12T05:58:22,"Pandas(_0='Cafe Solstice', CITY='Seattle', LATITUDE=47.657397, LONGITUDE=-122.312928, _4='Full-Service Restaurants')"
2018-05-12T06:04:36,2018-05-12T06:22:13,"Pandas(_0='University Teriyaki', CITY='Seattle', LATITUDE=47.65718, LONGITUDE=-122.312935, _4='Full-Service Restaurants')"
2018-05-25T00:54:15,2018-05-25T02:18:12,"Pandas(_0='Sultan Jyro Grill', CITY='Seattle', LATITUDE=47.658981, LONGITUDE=-122.312873, _4='Full-Service Restaurants')"
2018-05-26T01:22:40,2018-05-26T03:35:39,"Pandas(_0='Korean Tofu House', CITY='Seattle', LATITUDE=47.658316, LONGITUDE=-122.314297, _4='Full-Service Restaurants')"
2018-05-27T20:40:04,2018-05-27T20:56:20,"Pandas(_0='Safeway', CITY='Bremerton', LATITUDE=47.620708, LONGITUDE=-122.630825, _4='Supermarkets/Other Grocery (Exc Convenience) Strs')"
2018-06-02T04:27:34,2018-06-02T05:34:44,"Pandas(_0='Cedars Indian Food On Brooklyn', CITY='Seattle', LATITUDE=47.664756, LONGITUDE=-122.314527, _4='Full-Service Restaurants')"
2018-06-02T17:51:52,2018-06-02T18:13:41,"Pandas(_0='Village Sushi', CITY='Seattle', LATITUDE=47.667187, LONGITUDE=-122.313125, _4='Full-Service Restaurants')"
2018-06-07T21:41:40,2018-06-07T22:26:54,"Pandas(_0='SUBWAY', CITY='Seattle', LATITUDE=47.605711, LONGITUDE=-122.323664, _4='Limited-Service Restaurants')"
2018-06-10T02:31:14,2018-06-10T03:03:52,"Pandas(_0='Sultan Jyro Grill', CITY='Seattle', LATITUDE=47.658981, LONGITUDE=-122.312873, _4='Full-Service Restaurants')"
2018-06-10T03:09:16,2018-06-10T03:32:27,"Pandas(_0='Shalimar Restaurant', CITY='Seattle', LATITUDE=47.658759, LONGITUDE=-122.312883, _4='Full-Service Restaurants')"
2018-06-14T05:12:06,2018-06-14T06:57:51,"Pandas(_0='Silkroad Noodle Bar LLC', CITY='Seattle', LATITUDE=47.661497, LONGITUDE=-122.313197, _4='Full-Service Restaurants')"
2018-06-15T22:12:08,2018-06-16T00:15:32,"Pandas(_0='Cafe Solstice', CITY='Seattle', LATITUDE=47.620884, LONGITUDE=-122.31977, _4='Full-Service Restaurants')"
2018-06-16T00:35:30,2018-06-16T03:02:07,"Pandas(_0='Teriyaki Madness', CITY='Seattle', LATITUDE=47.618735, LONGITUDE=-122.312834, _4='Full-Service Restaurants')"
2018-06-18T17:10:02,2018-06-18T18:50:39,"Pandas(_0='Beths Cafe', CITY='Seattle', LATITUDE=47.6821, LONGITUDE=-122.34473, _4='Full-Service Restaurants')"
2018-06-20T01:07:07,2018-06-20T02:28:41,"Pandas(_0='Sarduccis', CITY='Seattle', LATITUDE=47.65795, LONGITUDE=-122.313574, _4='Full-Service Restaurants')"
2018-06-20T02:32:55,2018-06-20T03:28:35,"Pandas(_0='Haru Sushi', CITY='Seattle', LATITUDE=47.65964, LONGITUDE=-122.31337, _4='Full-Service Restaurants')"
2018-06-27T21:55:10,2018-06-27T22:15:00,"Pandas(_0='Safeway', CITY='Port Townsend', LATITUDE=48.108146, LONGITUDE=-122.782355, _4='Supermarkets/Other Grocery (Exc Convenience) Strs')"
2018-06-30T20:10:48,2018-06-30T21:49:10,"Pandas(_0='Quench Waterfront Kitchen-Bar', CITY='Port Townsend', LATITUDE=48.113722, LONGITUDE=-122.757971, _4='Full-Service Restaurants')"
2018-06-30T21:55:41,2018-06-30T22:20:56,"Pandas(_0=""Pippa's Real Tea"", CITY='Port Townsend', LATITUDE=48.115422, LONGITUDE=-122.754239, _4='Full-Service Restaurants')"
2018-07-06T02:13:17,2018-07-06T03:13:43,"Pandas(_0='Pizza Ragazzi', CITY='Seattle', LATITUDE=47.667067, LONGITUDE=-122.313127, _4='Full-Service Restaurants')"
2018-07-23T06:39:02,2018-07-23T07:48:05,"Pandas(_0='Qdoba Mexican Eats', CITY='Seattle', LATITUDE=47.65994, LONGITUDE=-122.31346, _4='Limited-Service Restaurants')"
2018-07-23T17:27:40,2018-07-23T17:58:16,"Pandas(_0='Arepa Venezuelan Kitchen', CITY='Seattle', LATITUDE=47.664869, LONGITUDE=-122.312981, _4='Full-Service Restaurants')"
2018-07-23T23:07:22,2018-07-23T23:36:19,"Pandas(_0='Safeway', CITY='Seattle', LATITUDE=47.664281, LONGITUDE=-122.313907, _4='Supermarkets/Other Grocery (Exc Convenience) Strs')"
2018-07-23T23:45:44,2018-07-24T01:54:07,"Pandas(_0='Village Sushi', CITY='Seattle', LATITUDE=47.667187, LONGITUDE=-122.313125, _4='Full-Service Restaurants')"
2018-07-25T16:02:49,2018-07-25T16:48:52,"Pandas(_0='Village Sushi', CITY='Seattle', LATITUDE=47.667187, LONGITUDE=-122.313125, _4='Full-Service Restaurants')"
2018-07-25T18:05:34,2018-07-25T18:47:16,"Pandas(_0='Ikea Renton Restaurant', CITY='Renton', LATITUDE=47.442492, LONGITUDE=-122.225577, _4='Full-Service Restaurants')"
2018-07-26T16:13:11,2018-07-26T18:22:30,"Pandas(_0='Village Sushi', CITY='Seattle', LATITUDE=47.667187, LONGITUDE=-122.313125, _4='Full-Service Restaurants')"
2018-07-26T18:37:16,2018-07-26T19:49:53,"Pandas(_0='Haru Sushi', CITY='Seattle', LATITUDE=47.65964, LONGITUDE=-122.31337, _4='Full-Service Restaurants')"
2018-07-26T20:01:49,2018-07-26T22:01:25,"Pandas(_0='Village Sushi', CITY='Seattle', LATITUDE=47.667187, LONGITUDE=-122.313125, _4='Full-Service Restaurants')"
2018-07-26T22:12:08,2018-07-26T23:45:47,"Pandas(_0='University Pizzeria', CITY='Seattle', LATITUDE=47.662162, LONGITUDE=-122.313447, _4='Full-Service Restaurants')"
2018-07-28T16:30:23,2018-07-28T17:49:21,"Pandas(_0='Village Sushi', CITY='Seattle', LATITUDE=47.667187, LONGITUDE=-122.313125, _4='Full-Service Restaurants')"
2018-07-30T20:28:27,2018-07-30T20:57:49,"Pandas(_0='Village Sushi', CITY='Seattle', LATITUDE=47.667187, LONGITUDE=-122.313125, _4='Full-Service Restaurants')"
2018-07-30T21:01:56,2018-07-30T21:38:36,"Pandas(_0='Village Sushi', CITY='Seattle', LATITUDE=47.667187, LONGITUDE=-122.313125, _4='Full-Service Restaurants')"
2018-07-31T14:06:58,2018-07-31T16:06:56,"Pandas(_0='Village Sushi', CITY='Seattle', LATITUDE=47.667187, LONGITUDE=-122.313125, _4='Full-Service Restaurants')"
2018-08-02T15:15:19,2018-08-02T15:40:23,"Pandas(_0='Village Sushi', CITY='Seattle', LATITUDE=47.667187, LONGITUDE=-122.313125, _4='Full-Service Restaurants')"
2018-08-02T15:42:54,2018-08-02T16:08:03,"Pandas(_0='Village Sushi', CITY='Seattle', LATITUDE=47.667187, LONGITUDE=-122.313125, _4='Full-Service Restaurants')"
2018-08-03T02:30:50,2018-08-03T02:53:15,"Pandas(_0='Pizza Ragazzi', CITY='Seattle', LATITUDE=47.667067, LONGITUDE=-122.313127, _4='Full-Service Restaurants')"
2018-08-05T02:32:29,2018-08-05T03:21:36,"Pandas(_0='Sultan Jyro Grill', CITY='Seattle', LATITUDE=47.658981, LONGITUDE=-122.312873, _4='Full-Service Restaurants')"
2018-08-05T07:41:16,2018-08-05T10:05:58,"Pandas(_0='Village Sushi', CITY='Seattle', LATITUDE=47.667187, LONGITUDE=-122.313125, _4='Full-Service Restaurants')"
2018-08-05T18:04:11,2018-08-05T20:14:36,"Pandas(_0='Village Sushi', CITY='Seattle', LATITUDE=47.667187, LONGITUDE=-122.313125, _4='Full-Service Restaurants')"
2018-08-06T16:30:13,2018-08-06T18:34:36,"Pandas(_0='Village Sushi', CITY='Seattle', LATITUDE=47.667187, LONGITUDE=-122.313125, _4='Full-Service Restaurants')"
2018-08-13T15:12:44,2018-08-13T16:00:17,"Pandas(_0='Village Sushi', CITY='Seattle', LATITUDE=47.667187, LONGITUDE=-122.313125, _4='Full-Service Restaurants')"
2018-08-13T16:04:33,2018-08-13T16:22:35,"Pandas(_0='Arepa Venezuelan Kitchen', CITY='Seattle', LATITUDE=47.664869, LONGITUDE=-122.312981, _4='Full-Service Restaurants')"
2018-08-13T16:27:40,2018-08-13T17:27:08,"Pandas(_0='Village Sushi', CITY='Seattle', LATITUDE=47.667187, LONGITUDE=-122.313125, _4='Full-Service Restaurants')"
2018-08-14T23:20:33,2018-08-14T23:44:19,"Pandas(_0='Safeway', CITY='Port Townsend', LATITUDE=48.108146, LONGITUDE=-122.782355, _4='Supermarkets/Other Grocery (Exc Convenience) Strs')"
2018-08-17T23:23:38,2018-08-18T01:31:06,"Pandas(_0='Waterfront Pizza', CITY='Port Townsend', LATITUDE=48.11392, LONGITUDE=-122.75717, _4='Full-Service Restaurants')"
2018-08-25T04:01:51,2018-08-25T04:17:13,"Pandas(_0='Village Sushi', CITY='Seattle', LATITUDE=47.667187, LONGITUDE=-122.313125, _4='Full-Service Restaurants')"
2018-08-25T14:08:18,2018-08-25T15:21:04,"Pandas(_0='Village Sushi', CITY='Seattle', LATITUDE=47.667187, LONGITUDE=-122.313125, _4='Full-Service Restaurants')"
2018-08-26T01:55:30,2018-08-26T04:01:28,"Pandas(_0='Beths Cafe', CITY='Seattle', LATITUDE=47.6821, LONGITUDE=-122.34473, _4='Full-Service Restaurants')"
2018-08-27T14:35:12,2018-08-27T15:49:42,"Pandas(_0='Village Sushi', CITY='Seattle', LATITUDE=47.667187, LONGITUDE=-122.313125, _4='Full-Service Restaurants')"
2018-09-02T23:39:58,2018-09-03T00:06:15,"Pandas(_0='Demetris Woodstone Taverna', CITY='Edmonds', LATITUDE=47.812553, LONGITUDE=-122.38211, _4='Full-Service Restaurants')"
2018-09-03T01:51:55,2018-09-03T02:54:39,"Pandas(_0='Village Sushi', CITY='Seattle', LATITUDE=47.667187, LONGITUDE=-122.313125, _4='Full-Service Restaurants')"
2018-09-03T03:03:03,2018-09-03T03:23:52,"Pandas(_0='Safeway', CITY='Seattle', LATITUDE=47.664281, LONGITUDE=-122.313907, _4='Supermarkets/Other Grocery (Exc Convenience) Strs')"
2018-09-04T01:56:25,2018-09-04T03:18:08,"Pandas(_0='Sultan Jyro Grill', CITY='Seattle', LATITUDE=47.658981, LONGITUDE=-122.312873, _4='Full-Service Restaurants')"
2018-09-04T15:19:32,2018-09-04T16:10:57,"Pandas(_0='Village Sushi', CITY='Seattle', LATITUDE=47.667187, LONGITUDE=-122.313125, _4='Full-Service Restaurants')"
2018-09-05T02:08:30,2018-09-05T02:51:26,"Pandas(_0='Sultan Jyro Grill', CITY='Seattle', LATITUDE=47.658981, LONGITUDE=-122.312873, _4='Full-Service Restaurants')"
2018-09-05T22:56:38,2018-09-06T00:38:28,"Pandas(_0='Cafe Solstice', CITY='Seattle', LATITUDE=47.620884, LONGITUDE=-122.31977, _4='Full-Service Restaurants')"
2018-09-08T03:28:27,2018-09-08T04:00:36,"Pandas(_0='Safeway', CITY='Seattle', LATITUDE=47.661923, LONGITUDE=-122.294916, _4='Supermarkets/Other Grocery (Exc Convenience) Strs')"
2018-09-08T04:02:36,2018-09-08T04:33:25,"Pandas(_0='Safeway', CITY='Seattle', LATITUDE=47.661923, LONGITUDE=-122.294916, _4='Supermarkets/Other Grocery (Exc Convenience) Strs')"
2018-09-11T00:59:31,2018-09-11T01:50:57,"Pandas(_0='Village Sushi', CITY='Seattle', LATITUDE=47.667187, LONGITUDE=-122.313125, _4='Full-Service Restaurants')"
2018-09-17T04:41:22,2018-09-17T06:24:17,"Pandas(_0='Sultan Jyro Grill', CITY='Seattle', LATITUDE=47.658981, LONGITUDE=-122.312873, _4='Full-Service Restaurants')"
2018-09-17T17:11:30,2018-09-17T18:54:47,"Pandas(_0='Village Sushi', CITY='Seattle', LATITUDE=47.667187, LONGITUDE=-122.313125, _4='Full-Service Restaurants')"
2018-09-18T00:15:47,2018-09-18T01:11:18,"Pandas(_0='Aladdin Gyro-Cery & Deli', CITY='Seattle', LATITUDE=47.658171, LONGITUDE=-122.313278, _4='Supermarkets/Other Grocery (Exc Convenience) Strs')"
2018-09-19T03:01:07,2018-09-19T03:55:57,"Pandas(_0=""Shultzy's Sausage"", CITY='Seattle', LATITUDE=47.65728, LONGITUDE=-122.313172, _4='Full-Service Restaurants')"
2018-09-24T14:55:26,2018-09-24T15:27:48,"Pandas(_0='Village Sushi', CITY='Seattle', LATITUDE=47.667187, LONGITUDE=-122.313125, _4='Full-Service Restaurants')"
2018-09-24T15:34:15,2018-09-24T16:38:06,"Pandas(_0=""Costa's Restaurant"", CITY='Seattle', LATITUDE=47.66293, LONGITUDE=-122.31329, _4='Full-Service Restaurants')"
2018-09-24T17:03:24,2018-09-24T19:09:50,"Pandas(_0='Village Sushi', CITY='Seattle', LATITUDE=47.667187, LONGITUDE=-122.313125, _4='Full-Service Restaurants')"
2018-09-25T17:59:33,2018-09-25T18:21:59,"Pandas(_0='Village Sushi', CITY='Seattle', LATITUDE=47.667187, LONGITUDE=-122.313125, _4='Full-Service Restaurants')"
2018-09-25T18:34:52,2018-09-25T19:34:17,"Pandas(_0='Burger Place A', CITY='Seattle', LATITUDE=47.65923, LONGITUDE=-122.312862, _4='Full-Service Restaurants')"
2018-09-27T15:06:37,2018-09-27T16:29:49,"Pandas(_0='Village Sushi', CITY='Seattle', LATITUDE=47.667187, LONGITUDE=-122.313125, _4='Full-Service Restaurants')"
2018-09-28T19:36:42,2018-09-28T20:13:20,"Pandas(_0='Tahn Brothers Restaurant', CITY='Seattle', LATITUDE=47.65858, LONGITUDE=-122.3134, _4='Full-Service Restaurants')"
2018-10-02T06:40:57,2018-10-02T07:01:26,"Pandas(_0='Village Sushi', CITY='Seattle', LATITUDE=47.667187, LONGITUDE=-122.313125, _4='Full-Service Restaurants')"
2018-10-02T16:09:50,2018-10-02T18:01:34,"Pandas(_0='Village Sushi', CITY='Seattle', LATITUDE=47.667187, LONGITUDE=-122.313125, _4='Full-Service Restaurants')"
2018-10-03T00:32:29,2018-10-03T00:57:02,"Pandas(_0='Shalimar Restaurant', CITY='Seattle', LATITUDE=47.658759, LONGITUDE=-122.312883, _4='Full-Service Restaurants')"
2018-10-04T13:26:43,2018-10-04T14:58:04,"Pandas(_0='Village Sushi', CITY='Seattle', LATITUDE=47.667187, LONGITUDE=-122.313125, _4='Full-Service Restaurants')"
2018-10-09T16:48:49,2018-10-09T17:42:33,"Pandas(_0='SUBWAY', CITY='Seattle', LATITUDE=47.650877, LONGITUDE=-122.308199, _4='Limited-Service Restaurants')"
2018-10-11T01:00:24,2018-10-11T02:53:52,"Pandas(_0='Village Sushi', CITY='Seattle', LATITUDE=47.667187, LONGITUDE=-122.313125, _4='Full-Service Restaurants')"
2018-10-11T14:39:38,2018-10-11T16:06:32,"Pandas(_0='Village Sushi', CITY='Seattle', LATITUDE=47.667187, LONGITUDE=-122.313125, _4='Full-Service Restaurants')"
2018-10-13T13:32:18,2018-10-13T15:12:25,"Pandas(_0='Village Sushi', CITY='Seattle', LATITUDE=47.667187, LONGITUDE=-122.313125, _4='Full-Service Restaurants')"
2018-10-14T20:18:09,2018-10-14T20:37:34,"Pandas(_0='Village Sushi', CITY='Seattle', LATITUDE=47.667187, LONGITUDE=-122.313125, _4='Full-Service Restaurants')"
2018-10-15T00:02:41,2018-10-15T02:02:31,"Pandas(_0='Cafe On The Aveune', CITY='Seattle', LATITUDE=47.658501, LONGITUDE=-122.313556, _4='Full-Service Restaurants')"
2018-10-15T20:27:08,2018-10-15T22:29:07,"Pandas(_0='University Pizzeria', CITY='Seattle', LATITUDE=47.662162, LONGITUDE=-122.313447, _4='Full-Service Restaurants')"
2018-10-20T00:52:47,2018-10-20T01:40:51,"Pandas(_0='Seoul Posu House', CITY='Seattle', LATITUDE=47.662487, LONGITUDE=-122.31278, _4='Full-Service Restaurants')"
2018-10-20T01:42:54,2018-10-20T02:13:07,"Pandas(_0='Hawaii Bbq Restaurant', CITY='Seattle', LATITUDE=47.662749, LONGITUDE=-122.313173, _4='Full-Service Restaurants')"
2018-10-21T00:48:19,2018-10-21T01:54:30,"Pandas(_0='Cafe On The Aveune', CITY='Seattle', LATITUDE=47.658501, LONGITUDE=-122.313556, _4='Full-Service Restaurants')"
2018-10-22T23:49:25,2018-10-23T00:13:46,"Pandas(_0='Safeway', CITY='Seattle', LATITUDE=47.664281, LONGITUDE=-122.313907, _4='Supermarkets/Other Grocery (Exc Convenience) Strs')"
2018-10-23T16:49:29,2018-10-23T18:51:56,"Pandas(_0='SUBWAY', CITY='Seattle', LATITUDE=47.650877, LONGITUDE=-122.308199, _4='Limited-Service Restaurants')"
2018-10-24T00:34:03,2018-10-24T00:57:41,"Pandas(_0='Aladdin Gyro-Cery & Deli', CITY='Seattle', LATITUDE=47.658171, LONGITUDE=-122.313278, _4='Supermarkets/Other Grocery (Exc Convenience) Strs')"
2018-10-24T02:51:02,2018-10-24T04:09:12,"Pandas(_0='Village Sushi', CITY='Seattle', LATITUDE=47.667187, LONGITUDE=-122.313125, _4='Full-Service Restaurants')"
2018-10-25T01:30:49,2018-10-25T01:50:37,"Pandas(_0='Village Sushi', CITY='Seattle', LATITUDE=47.667187, LONGITUDE=-122.313125, _4='Full-Service Restaurants')"
2018-10-25T01:50:58,2018-10-25T03:25:24,"Pandas(_0='Village Sushi', CITY='Seattle', LATITUDE=47.667187, LONGITUDE=-122.313125, _4='Full-Service Restaurants')"
2018-10-25T03:44:21,2018-10-25T04:07:01,"Pandas(_0='Village Sushi', CITY='Seattle', LATITUDE=47.667187, LONGITUDE=-122.313125, _4='Full-Service Restaurants')"
2018-10-25T18:35:18,2018-10-25T18:56:22,"Pandas(_0='Caffe Ladro', CITY='Seattle', LATITUDE=47.607975, LONGITUDE=-122.338859, _4='Full-Service Restaurants')"
2018-10-25T18:56:26,2018-10-25T20:02:30,"Pandas(_0='Caffe Ladro', CITY='Seattle', LATITUDE=47.607975, LONGITUDE=-122.338859, _4='Full-Service Restaurants')"
2018-10-28T01:28:20,2018-10-28T01:51:27,"Pandas(_0='Safeway', CITY='Seattle', LATITUDE=47.664281, LONGITUDE=-122.313907, _4='Supermarkets/Other Grocery (Exc Convenience) Strs')"
2018-10-28T01:57:35,2018-10-28T04:10:14,"Pandas(_0='Village Sushi', CITY='Seattle', LATITUDE=47.667187, LONGITUDE=-122.313125, _4='Full-Service Restaurants')"
2018-10-28T16:00:52,2018-10-28T16:30:30,"Pandas(_0='Village Sushi', CITY='Seattle', LATITUDE=47.667187, LONGITUDE=-122.313125, _4='Full-Service Restaurants')"
2018-11-03T01:07:25,2018-11-03T01:48:36,"Pandas(_0='Village Sushi', CITY='Seattle', LATITUDE=47.667187, LONGITUDE=-122.313125, _4='Full-Service Restaurants')"
2018-11-04T15:19:36,2018-11-04T17:15:51,"Pandas(_0='Village Sushi', CITY='Seattle', LATITUDE=47.667187, LONGITUDE=-122.313125, _4='Full-Service Restaurants')"
2018-11-05T01:10:48,2018-11-05T01:29:51,"Pandas(_0='Safeway', CITY='Seattle', LATITUDE=47.664281, LONGITUDE=-122.313907, _4='Supermarkets/Other Grocery (Exc Convenience) Strs')"
2018-11-05T01:34:45,2018-11-05T02:44:27,"Pandas(_0='Village Sushi', CITY='Seattle', LATITUDE=47.667187, LONGITUDE=-122.313125, _4='Full-Service Restaurants')"
2018-11-07T17:38:26,2018-11-07T18:42:54,"Pandas(_0='Wayward Vegan Cafe', CITY='Seattle', LATITUDE=47.675804, LONGITUDE=-122.319855, _4='Full-Service Restaurants')"
2018-11-10T00:48:15,2018-11-10T01:09:29,"Pandas(_0='Safeway', CITY='Seattle', LATITUDE=47.664281, LONGITUDE=-122.313907, _4='Supermarkets/Other Grocery (Exc Convenience) Strs')"
2018-11-10T01:15:00,2018-11-10T01:59:28,"Pandas(_0='Village Sushi', CITY='Seattle', LATITUDE=47.667187, LONGITUDE=-122.313125, _4='Full-Service Restaurants')"
2018-11-11T22:45:45,2018-11-12T00:03:29,"Pandas(_0='Village Sushi', CITY='Seattle', LATITUDE=47.667187, LONGITUDE=-122.313125, _4='Full-Service Restaurants')"
2018-11-12T18:49:10,2018-11-12T19:45:35,"Pandas(_0='Skillet Diner-Ballard', CITY='Seattle', LATITUDE=47.66968, LONGITUDE=-122.383696, _4='Full-Service Restaurants')"
2018-11-16T12:25:01,2018-11-16T13:01:48,"Pandas(_0='Village Sushi', CITY='Seattle', LATITUDE=47.667187, LONGITUDE=-122.313125, _4='Full-Service Restaurants')"
2018-11-16T13:01:59,2018-11-16T15:26:08,"Pandas(_0='Village Sushi', CITY='Seattle', LATITUDE=47.667187, LONGITUDE=-122.313125, _4='Full-Service Restaurants')"
2018-11-17T01:06:00,2018-11-17T03:02:17,"Pandas(_0='Village Sushi', CITY='Seattle', LATITUDE=47.667187, LONGITUDE=-122.313125, _4='Full-Service Restaurants')"
2018-11-22T13:13:03,2018-11-22T15:03:40,"Pandas(_0='Village Sushi', CITY='Seattle', LATITUDE=47.667187, LONGITUDE=-122.313125, _4='Full-Service Restaurants')"
2018-11-23T12:05:09,2018-11-23T13:59:42,"Pandas(_0='Village Sushi', CITY='Seattle', LATITUDE=47.667187, LONGITUDE=-122.313125, _4='Full-Service Restaurants')"
2018-11-23T14:22:31,2018-11-23T15:59:02,"Pandas(_0='Village Sushi', CITY='Seattle', LATITUDE=47.667187, LONGITUDE=-122.313125, _4='Full-Service Restaurants')"
2018-11-25T00:56:02,2018-11-25T01:20:44,"Pandas(_0='Safeway', CITY='Seattle', LATITUDE=47.664281, LONGITUDE=-122.313907, _4='Supermarkets/Other Grocery (Exc Convenience) Strs')"
2018-11-27T20:01:49,2018-11-27T20:40:26,"Pandas(_0='Sarduccis', CITY='Seattle', LATITUDE=47.65795, LONGITUDE=-122.313574, _4='Full-Service Restaurants')"
2018-11-29T01:58:31,2018-11-29T03:36:39,"Pandas(_0='Sultan Jyro Grill', CITY='Seattle', LATITUDE=47.658981, LONGITUDE=-122.312873, _4='Full-Service Restaurants')"
2018-11-29T14:14:46,2018-11-29T15:37:24,"Pandas(_0='Village Sushi', CITY='Seattle', LATITUDE=47.667187, LONGITUDE=-122.313125, _4='Full-Service Restaurants')"
2018-11-29T22:34:26,2018-11-30T00:19:59,"Pandas(_0='Village Sushi', CITY='Seattle', LATITUDE=47.667187, LONGITUDE=-122.313125, _4='Full-Service Restaurants')"
2018-12-02T03:11:15,2018-12-02T04:19:09,"Pandas(_0='Cafe Solstice', CITY='Seattle', LATITUDE=47.657397, LONGITUDE=-122.312928, _4='Full-Service Restaurants')"
2018-12-02T20:27:35,2018-12-02T21:44:03,"Pandas(_0='Beardslee Public House', CITY='Bothell', LATITUDE=47.766328, LONGITUDE=-122.1914, _4='Full-Service Restaurants')"
2018-12-03T20:42:41,2018-12-03T21:00:00,"Pandas(_0='Safeway', CITY='Seattle', LATITUDE=47.664281, LONGITUDE=-122.313907, _4='Supermarkets/Other Grocery (Exc Convenience) Strs')"
2018-12-06T01:55:35,2018-12-06T04:14:37,"Pandas(_0='Teriyaki Madness', CITY='Seattle', LATITUDE=47.618735, LONGITUDE=-122.312834, _4='Full-Service Restaurants')"
2018-12-08T15:23:06,2018-12-08T15:49:29,"Pandas(_0='Village Sushi', CITY='Seattle', LATITUDE=47.667187, LONGITUDE=-122.313125, _4='Full-Service Restaurants')"
2018-12-09T01:38:13,2018-12-09T01:55:38,"Pandas(_0='Village Sushi', CITY='Seattle', LATITUDE=47.667187, LONGITUDE=-122.313125, _4='Full-Service Restaurants')"
2018-12-09T01:56:14,2018-12-09T03:35:29,"Pandas(_0='Village Sushi', CITY='Seattle', LATITUDE=47.667187, LONGITUDE=-122.313125, _4='Full-Service Restaurants')"
2018-12-09T04:04:30,2018-12-09T04:22:33,"Pandas(_0='Poquitos', CITY='Seattle', LATITUDE=47.614428, LONGITUDE=-122.319059, _4='Full-Service Restaurants')"
2018-12-09T04:27:31,2018-12-09T04:51:34,"Pandas(_0='Bimbos Bitchin Burrito Kitchen', CITY='Seattle', LATITUDE=47.61397, LONGITUDE=-122.31875, _4='Full-Service Restaurants')"
2018-12-11T16:50:51,2018-12-11T19:13:32,"Pandas(_0='Village Sushi', CITY='Seattle', LATITUDE=47.667187, LONGITUDE=-122.313125, _4='Full-Service Restaurants')"
2018-12-12T18:15:57,2018-12-12T20:06:38,"Pandas(_0='Village Sushi', CITY='Seattle', LATITUDE=47.667187, LONGITUDE=-122.313125, _4='Full-Service Restaurants')"
2018-12-16T22:32:55,2018-12-16T23:54:51,"Pandas(_0='Nifty Fiftys Soda Fountain', CITY='Port Townsend', LATITUDE=48.114497, LONGITUDE=-122.755678, _4='Full-Service Restaurants')"
2018-12-19T01:25:22,2018-12-19T01:42:21,"Pandas(_0='Itadakimasu Restaurant', CITY='Seattle', LATITUDE=47.664344, LONGITUDE=-122.314528, _4='Full-Service Restaurants')"
2018-12-22T16:31:14,2018-12-22T17:22:26,"Pandas(_0='SUBWAY', CITY='Seattle', LATITUDE=47.650877, LONGITUDE=-122.308199, _4='Limited-Service Restaurants')"
2018-12-23T16:58:25,2018-12-23T18:15:25,"Pandas(_0=""Mr Lu's Seafood & Burgers"", CITY='Seattle', LATITUDE=47.664652, LONGITUDE=-122.312762, _4='Full-Service Restaurants')"
2018-12-23T22:16:29,2018-12-23T23:11:07,"Pandas(_0='SUBWAY', CITY='Seattle', LATITUDE=47.650877, LONGITUDE=-122.308199, _4='Limited-Service Restaurants')"
2019-01-06T02:12:03,2019-01-06T03:09:04,"Pandas(_0='Five Guys', CITY='Seattle', LATITUDE=47.702961, LONGITUDE=-122.324993, _4='Full-Service Restaurants')"
2019-01-06T03:11:22,2019-01-06T03:36:47,"Pandas(_0='Sushi Tengu', CITY='Seattle', LATITUDE=47.702475, LONGITUDE=-122.324811, _4='Full-Service Restaurants')"
2019-01-09T02:04:58,2019-01-09T03:57:33,"Pandas(_0='Cedars Indian Food On Brooklyn', CITY='Seattle', LATITUDE=47.664756, LONGITUDE=-122.314527, _4='Full-Service Restaurants')"
2019-01-10T18:49:23,2019-01-10T19:22:27,"Pandas(_0='Arepa Venezuelan Kitchen', CITY='Seattle', LATITUDE=47.664869, LONGITUDE=-122.312981, _4='Full-Service Restaurants')"
2019-01-11T22:58:34,2019-01-11T23:56:44,"Pandas(_0='Pho Thao LLC', CITY='Port Townsend', LATITUDE=48.108929, LONGITUDE=-122.771681, _4='Full-Service Restaurants')"
2019-01-12T00:00:59,2019-01-12T00:16:32,"Pandas(_0='Safeway', CITY='Port Townsend', LATITUDE=48.108146, LONGITUDE=-122.782355, _4='Supermarkets/Other Grocery (Exc Convenience) Strs')"
2019-01-13T06:43:01,2019-01-13T08:16:11,"Pandas(_0='Nifty Fiftys Soda Fountain', CITY='Port Townsend', LATITUDE=48.114497, LONGITUDE=-122.755678, _4='Full-Service Restaurants')"
2019-01-20T23:16:09,2019-01-20T23:38:16,"Pandas(_0='Aladdin Falafel Corner', CITY='Seattle', LATITUDE=47.66236, LONGITUDE=-122.31335, _4='Full-Service Restaurants')"
2019-01-20T23:41:20,2019-01-20T23:57:10,"Pandas(_0='Safeway', CITY='Seattle', LATITUDE=47.664281, LONGITUDE=-122.313907, _4='Supermarkets/Other Grocery (Exc Convenience) Strs')"
2019-01-21T20:58:05,2019-01-21T21:26:04,"Pandas(_0=""Mr Lu's Seafood & Burgers"", CITY='Seattle', LATITUDE=47.664652, LONGITUDE=-122.312762, _4='Full-Service Restaurants')"
2019-01-28T01:33:55,2019-01-28T02:35:09,"Pandas(_0='Thai Fusion Bistro', CITY='Seattle', LATITUDE=47.702331, LONGITUDE=-122.325565, _4='Full-Service Restaurants')"
2019-01-30T01:12:36,2019-01-30T01:33:39,"Pandas(_0='University Pizzeria', CITY='Seattle', LATITUDE=47.662162, LONGITUDE=-122.313447, _4='Full-Service Restaurants')"
2019-01-30T01:33:55,2019-01-30T02:09:24,"Pandas(_0='University Pizzeria', CITY='Seattle', LATITUDE=47.662162, LONGITUDE=-122.313447, _4='Full-Service Restaurants')"
2019-01-30T02:10:24,2019-01-30T02:29:08,"Pandas(_0='University Pizzeria', CITY='Seattle', LATITUDE=47.662162, LONGITUDE=-122.313447, _4='Full-Service Restaurants')"
2019-01-30T20:16:47,2019-01-30T20:40:30,"Pandas(_0='Honeyhole Sandwiches', CITY='Seattle', LATITUDE=47.614012, LONGITUDE=-122.323007, _4='Full-Service Restaurants')"
2019-02-15T23:59:20,2019-02-16T01:17:02,"Pandas(_0='Village Sushi', CITY='Seattle', LATITUDE=47.667187, LONGITUDE=-122.313125, _4='Full-Service Restaurants')"
2019-02-26T00:34:37,2019-02-26T01:50:05,"Pandas(_0='University Pizzeria', CITY='Seattle', LATITUDE=47.662162, LONGITUDE=-122.313447, _4='Full-Service Restaurants')"
2019-02-26T01:51:07,2019-02-26T02:32:22,"Pandas(_0='University Pizzeria', CITY='Seattle', LATITUDE=47.662162, LONGITUDE=-122.313447, _4='Full-Service Restaurants')"
2019-02-26T02:41:31,2019-02-26T03:05:07,"Pandas(_0='University Pizzeria', CITY='Seattle', LATITUDE=47.662162, LONGITUDE=-122.313447, _4='Full-Service Restaurants')"
2019-02-26T20:35:45,2019-02-26T20:55:34,"Pandas(_0=""Mr Lu's Seafood & Burgers"", CITY='Seattle', LATITUDE=47.664652, LONGITUDE=-122.312762, _4='Full-Service Restaurants')"
2019-03-02T01:42:12,2019-03-02T01:58:45,"Pandas(_0='Safeway', CITY='Seattle', LATITUDE=47.664281, LONGITUDE=-122.313907, _4='Supermarkets/Other Grocery (Exc Convenience) Strs')"
2019-03-04T01:14:02,2019-03-04T01:31:47,"Pandas(_0='Safeway', CITY='Seattle', LATITUDE=47.664281, LONGITUDE=-122.313907, _4='Supermarkets/Other Grocery (Exc Convenience) Strs')"
2019-03-10T00:40:00,2019-03-10T01:03:29,"Pandas(_0='Safeway', CITY='Seattle', LATITUDE=47.664281, LONGITUDE=-122.313907, _4='Supermarkets/Other Grocery (Exc Convenience) Strs')"
2019-03-15T23:31:53,2019-03-16T00:07:57,"Pandas(_0='Village Sushi', CITY='Seattle', LATITUDE=47.667187, LONGITUDE=-122.313125, _4='Full-Service Restaurants')"
2019-03-29T04:20:57,2019-03-29T06:16:34,"Pandas(_0=""Yinzi's Kitchen"", CITY='Seattle', LATITUDE=47.661666, LONGITUDE=-122.318342, _4='Full-Service Restaurants')"
2019-04-03T02:12:32,2019-04-03T02:57:22,"Pandas(_0='Cedars Indian Food On Brooklyn', CITY='Seattle', LATITUDE=47.664756, LONGITUDE=-122.314527, _4='Full-Service Restaurants')"
2019-04-07T02:28:43,2019-04-07T03:35:28,"Pandas(_0=""Jimmy John's"", CITY='Seattle', LATITUDE=47.607071, LONGITUDE=-122.335296, _4='Limited-Service Restaurants')"
2019-04-07T20:05:26,2019-04-07T20:40:33,"Pandas(_0=""Mr Lu's Seafood & Burgers"", CITY='Seattle', LATITUDE=47.664652, LONGITUDE=-122.312762, _4='Full-Service Restaurants')"
2019-04-14T03:32:47,2019-04-14T04:26:19,"Pandas(_0='Sarduccis', CITY='Seattle', LATITUDE=47.65795, LONGITUDE=-122.313574, _4='Full-Service Restaurants')"
2019-04-17T00:39:16,2019-04-17T01:25:18,"Pandas(_0='Safeway', CITY='Seattle', LATITUDE=47.664281, LONGITUDE=-122.313907, _4='Supermarkets/Other Grocery (Exc Convenience) Strs')"
2019-04-28T00:02:13,2019-04-28T01:14:32,"Pandas(_0='Village Sushi', CITY='Seattle', LATITUDE=47.667187, LONGITUDE=-122.313125, _4='Full-Service Restaurants')"
2019-04-29T22:00:59,2019-04-29T22:24:27,"Pandas(_0='Blue C Sushi', CITY='Seattle', LATITUDE=47.61201, LONGITUDE=-122.33353, _4='Full-Service Restaurants')"
2019-04-29T23:00:04,2019-04-30T00:08:49,"Pandas(_0='Mililani', CITY='Seattle', LATITUDE=47.608915, LONGITUDE=-122.339683, _4='Full-Service Restaurants')"
2019-04-30T12:24:46,2019-04-30T14:09:23,"Pandas(_0='Village Sushi', CITY='Seattle', LATITUDE=47.667187, LONGITUDE=-122.313125, _4='Full-Service Restaurants')"
2019-05-08T13:22:09,2019-05-08T13:50:53,"Pandas(_0='Village Sushi', CITY='Seattle', LATITUDE=47.667187, LONGITUDE=-122.313125, _4='Full-Service Restaurants')"
2019-05-09T20:52:59,2019-05-09T21:35:51,"Pandas(_0='LA Cocina Oaxaquena', CITY='Seattle', LATITUDE=47.615441, LONGITUDE=-122.328226, _4='Full-Service Restaurants')"
2019-05-09T21:42:14,2019-05-09T22:56:09,"Pandas(_0='LA Cocina Oaxaquena', CITY='Seattle', LATITUDE=47.615441, LONGITUDE=-122.328226, _4='Full-Service Restaurants')"
2019-05-13T19:58:20,2019-05-13T21:07:21,"Pandas(_0='Skillet Diner-Ballard', CITY='Seattle', LATITUDE=47.66968, LONGITUDE=-122.383696, _4='Full-Service Restaurants')"
2019-05-19T19:04:21,2019-05-19T19:20:27,"Pandas(_0='Aladdin Gyro-Cery & Deli', CITY='Seattle', LATITUDE=47.658171, LONGITUDE=-122.313278, _4='Supermarkets/Other Grocery (Exc Convenience) Strs')"
2019-05-19T19:22:30,2019-05-19T20:15:46,"Pandas(_0='Aladdin Gyro-Cery & Deli', CITY='Seattle', LATITUDE=47.658171, LONGITUDE=-122.313278, _4='Supermarkets/Other Grocery (Exc Convenience) Strs')"
2019-05-26T19:14:57,2019-05-26T21:30:50,"Pandas(_0='Village Sushi', CITY='Seattle', LATITUDE=47.667187, LONGITUDE=-122.313125, _4='Full-Service Restaurants')"
2019-05-26T22:05:36,2019-05-26T23:33:58,"Pandas(_0='Village Sushi', CITY='Seattle', LATITUDE=47.667187, LONGITUDE=-122.313125, _4='Full-Service Restaurants')"
2019-05-28T20:09:56,2019-05-28T21:12:48,"Pandas(_0='Dim Sum House', CITY='Seattle', LATITUDE=47.5591, LONGITUDE=-122.30401, _4='Full-Service Restaurants')"
2019-06-03T22:16:33,2019-06-03T23:35:38,"Pandas(_0=""Elliott's Oyster House"", CITY='Seattle', LATITUDE=47.604986, LONGITUDE=-122.340183, _4='Full-Service Restaurants')"
2019-06-17T01:36:54,2019-06-17T02:33:35,"Pandas(_0=""Lil Woody's"", CITY='Seattle', LATITUDE=47.668743, LONGITUDE=-122.384042, _4='Full-Service Restaurants')"
2019-06-17T02:44:26,2019-06-17T04:11:06,"Pandas(_0=""Lil Woody's"", CITY='Seattle', LATITUDE=47.668743, LONGITUDE=-122.384042, _4='Full-Service Restaurants')"
2019-06-26T23:56:48,2019-06-27T00:43:34,"Pandas(_0='Village Sushi', CITY='Seattle', LATITUDE=47.667187, LONGITUDE=-122.313125, _4='Full-Service Restaurants')"
2019-07-05T18:04:38,2019-07-05T20:23:01,"Pandas(_0='Village Sushi', CITY='Seattle', LATITUDE=47.667187, LONGITUDE=-122.313125, _4='Full-Service Restaurants')"
2019-07-05T20:27:15,2019-07-05T22:51:23,"Pandas(_0='Chaco Canyon Cafe', CITY='Seattle', LATITUDE=47.664742, LONGITUDE=-122.315556, _4='Full-Service Restaurants')"
2019-07-13T02:07:46,2019-07-13T04:12:18,"Pandas(_0='University Teriyaki', CITY='Seattle', LATITUDE=47.65718, LONGITUDE=-122.312935, _4='Full-Service Restaurants')"
2019-08-24T02:48:27,2019-08-24T04:02:19,"Pandas(_0='Fogo De Chao Brazilian', CITY='Bellevue', LATITUDE=47.614647, LONGITUDE=-122.201515, _4='Full-Service Restaurants')"
2019-08-24T20:39:15,2019-08-24T21:36:58,"Pandas(_0='Chipotle Mexican Grill', CITY='Seattle', LATITUDE=47.661772, LONGITUDE=-122.298112, _4='Limited-Service Restaurants')"
2019-08-28T01:53:38,2019-08-28T02:16:16,"Pandas(_0='Fogo De Chao Brazilian', CITY='Bellevue', LATITUDE=47.614647, LONGITUDE=-122.201515, _4='Full-Service Restaurants')"
2019-08-28T02:29:32,2019-08-28T02:53:25,"Pandas(_0='Fogo De Chao Brazilian', CITY='Bellevue', LATITUDE=47.614647, LONGITUDE=-122.201515, _4='Full-Service Restaurants')"
2019-08-28T03:16:07,2019-08-28T04:02:35,"Pandas(_0='Fogo De Chao Brazilian', CITY='Bellevue', LATITUDE=47.614647, LONGITUDE=-122.201515, _4='Full-Service Restaurants')"
2019-09-01T06:10:21,2019-09-01T08:36:43,"Pandas(_0='Poquitos', CITY='Seattle', LATITUDE=47.614428, LONGITUDE=-122.319059, _4='Full-Service Restaurants')"
2019-09-01T08:40:45,2019-09-01T09:19:42,"Pandas(_0='Rancho Bravo Tacos', CITY='Seattle', LATITUDE=47.614993, LONGITUDE=-122.319052, _4='Full-Service Restaurants')"
2019-09-01T17:40:27,2019-09-01T18:01:25,"Pandas(_0=""Costa's Restaurant"", CITY='Seattle', LATITUDE=47.66293, LONGITUDE=-122.31329, _4='Full-Service Restaurants')"
2019-09-02T21:08:03,2019-09-02T21:36:44,"Pandas(_0='Pokeworks', CITY='Bellevue', LATITUDE=47.612642, LONGITUDE=-122.201436, _4='Full-Service Restaurants')"
2019-09-07T01:16:42,2019-09-07T02:16:53,"Pandas(_0=""Ma'Ono Fried Chicken"", CITY='Seattle', LATITUDE=47.662478, LONGITUDE=-122.299852, _4='Full-Service Restaurants')"
2019-09-07T02:18:14,2019-09-07T03:30:48,"Pandas(_0='Evergreens Salad', CITY='Seattle', LATITUDE=47.66251, LONGITUDE=-122.299232, _4='Full-Service Restaurants')"
2019-09-19T14:03:49,2019-09-19T14:19:10,"Pandas(_0='Hawaii Bbq Restaurant', CITY='Seattle', LATITUDE=47.662749, LONGITUDE=-122.313173, _4='Full-Service Restaurants')"
2019-09-22T02:00:36,2019-09-22T03:45:02,"Pandas(_0='Sarduccis', CITY='Seattle', LATITUDE=47.65795, LONGITUDE=-122.313574, _4='Full-Service Restaurants')"
2019-09-22T07:17:09,2019-09-22T07:36:52,"Pandas(_0='Pho Tran Restaurant', CITY='Seattle', LATITUDE=47.658779, LONGITUDE=-122.313544, _4='Full-Service Restaurants')"
2019-09-24T19:50:54,2019-09-24T20:44:44,"Pandas(_0='Cafe On The Aveune', CITY='Seattle', LATITUDE=47.658501, LONGITUDE=-122.313556, _4='Full-Service Restaurants')"
2019-09-26T21:41:30,2019-09-26T22:43:55,"Pandas(_0='Cafe On The Aveune', CITY='Seattle', LATITUDE=47.658501, LONGITUDE=-122.313556, _4='Full-Service Restaurants')"
2019-09-26T22:50:01,2019-09-27T00:58:03,"Pandas(_0='Ugly Mug Cafe', CITY='Seattle', LATITUDE=47.659765, LONGITUDE=-122.313736, _4='Full-Service Restaurants')"
2019-09-27T01:02:49,2019-09-27T01:26:33,"Pandas(_0='Chipotle Mexican Grill', CITY='Seattle', LATITUDE=47.659223, LONGITUDE=-122.313346, _4='Limited-Service Restaurants')"
2019-09-27T01:28:43,2019-09-27T03:26:24,"Pandas(_0='Cafe On The Aveune', CITY='Seattle', LATITUDE=47.658501, LONGITUDE=-122.313556, _4='Full-Service Restaurants')"
2019-09-28T03:16:32,2019-09-28T04:47:36,"Pandas(_0='University Pizzeria', CITY='Seattle', LATITUDE=47.662162, LONGITUDE=-122.313447, _4='Full-Service Restaurants')"
2019-10-08T20:13:31,2019-10-08T20:29:08,"Pandas(_0='Nifty Fiftys Soda Fountain', CITY='Port Townsend', LATITUDE=48.114497, LONGITUDE=-122.755678, _4='Full-Service Restaurants')"
2019-10-08T20:42:03,2019-10-08T21:02:53,"Pandas(_0='Safeway', CITY='Port Townsend', LATITUDE=48.108146, LONGITUDE=-122.782355, _4='Supermarkets/Other Grocery (Exc Convenience) Strs')"
2019-10-19T23:58:47,2019-10-20T01:51:48,"Pandas(_0=""Shultzy's Sausage"", CITY='Seattle', LATITUDE=47.65728, LONGITUDE=-122.313172, _4='Full-Service Restaurants')"
2019-10-26T23:19:36,2019-10-26T23:58:23,"Pandas(_0='Shalimar Restaurant', CITY='Seattle', LATITUDE=47.658759, LONGITUDE=-122.312883, _4='Full-Service Restaurants')"
2019-10-27T00:01:14,2019-10-27T01:18:19,"Pandas(_0='Shalimar Restaurant', CITY='Seattle', LATITUDE=47.658759, LONGITUDE=-122.312883, _4='Full-Service Restaurants')"
2019-10-27T02:34:40,2019-10-27T03:49:55,"Pandas(_0='Honey Court Seafood Restaurant', CITY='Seattle', LATITUDE=47.59781, LONGITUDE=-122.3249, _4='Full-Service Restaurants')"
2019-11-03T20:50:58,2019-11-03T21:11:05,"Pandas(_0='Din Tai Fung-Bellevue', CITY='Bellevue', LATITUDE=47.616623, LONGITUDE=-122.201603, _4='Full-Service Restaurants')"
2019-11-03T23:49:43,2019-11-04T00:59:13,"Pandas(_0='Cafe On The Aveune', CITY='Seattle', LATITUDE=47.658501, LONGITUDE=-122.313556, _4='Full-Service Restaurants')"
2019-11-05T00:01:48,2019-11-05T01:33:29,"Pandas(_0='Dragonfish Asian Cafe', CITY='Seattle', LATITUDE=47.612898, LONGITUDE=-122.333785, _4='Full-Service Restaurants')"
2019-11-23T01:00:44,2019-11-23T02:41:42,"Pandas(_0='Manao Thai Street Eats', CITY='Seattle', LATITUDE=47.615484, LONGITUDE=-122.315945, _4='Full-Service Restaurants')"
2019-11-23T19:06:27,2019-11-23T21:00:05,"Pandas(_0='Beths Cafe', CITY='Seattle', LATITUDE=47.6821, LONGITUDE=-122.34473, _4='Full-Service Restaurants')"
2019-11-24T02:34:29,2019-11-24T03:50:26,"Pandas(_0='Cedars Indian Food On Brooklyn', CITY='Seattle', LATITUDE=47.664756, LONGITUDE=-122.314527, _4='Full-Service Restaurants')"
2019-11-24T03:52:37,2019-11-24T04:44:25,"Pandas(_0='Cedars Indian Food On Brooklyn', CITY='Seattle', LATITUDE=47.664756, LONGITUDE=-122.314527, _4='Full-Service Restaurants')"
2019-11-24T18:29:38,2019-11-24T19:26:31,"Pandas(_0=""Voula's Off Shore Cafe"", CITY='Seattle', LATITUDE=47.654759, LONGITUDE=-122.321551, _4='Full-Service Restaurants')"
2019-12-14T20:29:51,2019-12-14T21:20:53,"Pandas(_0='Pho Tai', CITY='Poulsbo', LATITUDE=47.738674, LONGITUDE=-122.641095, _4='Full-Service Restaurants')"
2020-01-05T00:19:35,2020-01-05T00:45:34,"Pandas(_0='Silkroad Noodle Bar LLC', CITY='Seattle', LATITUDE=47.661497, LONGITUDE=-122.313197, _4='Full-Service Restaurants')"
2020-01-05T01:31:02,2020-01-05T02:34:50,"Pandas(_0='Hokkaido Ramen Santouka', CITY='Seattle', LATITUDE=47.662311, LONGITUDE=-122.299124, _4='Full-Service Restaurants')"
2020-01-07T19:26:35,2020-01-07T20:29:58,"Pandas(_0='Ugly Mug Cafe', CITY='Seattle', LATITUDE=47.659765, LONGITUDE=-122.313736, _4='Full-Service Restaurants')"
2020-01-08T02:03:01,2020-01-08T02:40:30,"Pandas(_0='LA Spiga', CITY='Seattle', LATITUDE=47.61377, LONGITUDE=-122.31703, _4='Full-Service Restaurants')"
2020-01-13T22:15:31,2020-01-13T23:19:12,"Pandas(_0='Nifty Fiftys Soda Fountain', CITY='Port Townsend', LATITUDE=48.114497, LONGITUDE=-122.755678, _4='Full-Service Restaurants')"
2020-01-19T03:25:42,2020-01-19T04:18:44,"Pandas(_0='Hokkaido Ramen Santouka', CITY='Seattle', LATITUDE=47.662311, LONGITUDE=-122.299124, _4='Full-Service Restaurants')"
2020-01-19T22:02:07,2020-01-19T22:58:16,"Pandas(_0='Chipotle Mexican Grill', CITY='Seattle', LATITUDE=47.661772, LONGITUDE=-122.298112, _4='Limited-Service Restaurants')"
2020-01-24T16:10:39,2020-01-24T16:37:14,"Pandas(_0='Monsoon Seattle', CITY='Seattle', LATITUDE=47.624899, LONGITUDE=-122.307376, _4='Full-Service Restaurants')"
2020-01-26T19:57:10,2020-01-26T21:00:35,"Pandas(_0=""Voula's Off Shore Cafe"", CITY='Seattle', LATITUDE=47.654759, LONGITUDE=-122.321551, _4='Full-Service Restaurants')"
2020-01-26T22:19:14,2020-01-27T00:35:43,"Pandas(_0='University Pizzeria', CITY='Seattle', LATITUDE=47.662162, LONGITUDE=-122.313447, _4='Full-Service Restaurants')"
2020-02-08T00:46:01,2020-02-08T01:15:29,"Pandas(_0='Monsoon Seattle', CITY='Seattle', LATITUDE=47.624899, LONGITUDE=-122.307376, _4='Full-Service Restaurants')"
2020-02-08T16:34:45,2020-02-08T16:52:14,"Pandas(_0='Monsoon Seattle', CITY='Seattle', LATITUDE=47.624899, LONGITUDE=-122.307376, _4='Full-Service Restaurants')"
2020-02-09T01:33:49,2020-02-09T02:25:57,"Pandas(_0='7-Eleven', CITY='Seattle', LATITUDE=47.659062, LONGITUDE=-122.313122, _4='Convenience Stores')"
2020-02-14T16:23:54,2020-02-14T16:48:34,"Pandas(_0='Monsoon Seattle', CITY='Seattle', LATITUDE=47.624899, LONGITUDE=-122.307376, _4='Full-Service Restaurants')"
2020-02-15T16:22:47,2020-02-15T16:46:00,"Pandas(_0='Monsoon Seattle', CITY='Seattle', LATITUDE=47.624899, LONGITUDE=-122.307376, _4='Full-Service Restaurants')"
2020-02-17T02:15:16,2020-02-17T02:34:40,"Pandas(_0='Safeway', CITY='Seattle', LATITUDE=47.664281, LONGITUDE=-122.313907, _4='Supermarkets/Other Grocery (Exc Convenience) Strs')"
2020-02-18T01:03:35,2020-02-18T02:18:04,"Pandas(_0=""Ma'Ono Fried Chicken"", CITY='Seattle', LATITUDE=47.662478, LONGITUDE=-122.299852, _4='Full-Service Restaurants')"
2020-02-22T21:30:00,2020-02-22T22:06:54,"Pandas(_0='Monsoon Seattle', CITY='Seattle', LATITUDE=47.624899, LONGITUDE=-122.307376, _4='Full-Service Restaurants')"
2020-02-23T02:22:51,2020-02-23T03:25:34,"Pandas(_0='Hokkaido Ramen Santouka', CITY='Seattle', LATITUDE=47.662311, LONGITUDE=-122.299124, _4='Full-Service Restaurants')"
2020-02-23T04:27:41,2020-02-23T05:26:31,"Pandas(_0=""Ma'Ono Fried Chicken"", CITY='Seattle', LATITUDE=47.662478, LONGITUDE=-122.299852, _4='Full-Service Restaurants')"
2020-02-24T02:49:10,2020-02-24T04:10:03,"Pandas(_0='Plaka Estiatorio', CITY='Seattle', LATITUDE=47.668157, LONGITUDE=-122.382212, _4='Full-Service Restaurants')"
2020-02-24T19:07:06,2020-02-24T20:30:24,"Pandas(_0='Beths Cafe', CITY='Seattle', LATITUDE=47.6821, LONGITUDE=-122.34473, _4='Full-Service Restaurants')"
2020-02-24T22:54:28,2020-02-25T00:50:36,"Pandas(_0='Boulevard Grocery', CITY='Seattle', LATITUDE=47.669094, LONGITUDE=-122.306177, _4='Supermarkets/Other Grocery (Exc Convenience) Strs')"
2020-02-26T23:15:52,2020-02-27T01:42:57,"Pandas(_0='Gaudi', CITY='Seattle', LATITUDE=47.66867, LONGITUDE=-122.291, _4='Full-Service Restaurants')"
2020-02-28T21:57:59,2020-02-28T23:28:35,"Pandas(_0='Cheesecake Factory', CITY='Seattle', LATITUDE=47.611899, LONGITUDE=-122.332887, _4='Full-Service Restaurants')"
2020-03-07T00:33:49,2020-03-07T01:34:31,"Pandas(_0='Adana', CITY='Seattle', LATITUDE=47.615245, LONGITUDE=-122.312788, _4='Full-Service Restaurants')"
2020-03-07T01:57:55,2020-03-07T02:43:30,"Pandas(_0='Manao Thai Street Eats', CITY='Seattle', LATITUDE=47.615484, LONGITUDE=-122.315945, _4='Full-Service Restaurants')"
2020-03-08T03:29:36,2020-03-08T05:23:55,"Pandas(_0='Din Tai Fung', CITY='Seattle', LATITUDE=47.661683, LONGITUDE=-122.298195, _4='Full-Service Restaurants')"
2020-03-10T02:48:15,2020-03-10T03:44:15,"Pandas(_0=""Shultzy's Sausage"", CITY='Seattle', LATITUDE=47.65728, LONGITUDE=-122.313172, _4='Full-Service Restaurants')"
2020-03-11T08:33:00,2020-03-11T09:11:40,"Pandas(_0='Safeway', CITY='Seattle', LATITUDE=47.661923, LONGITUDE=-122.294916, _4='Supermarkets/Other Grocery (Exc Convenience) Strs')"
2020-03-11T14:35:44,2020-03-11T14:55:56,"Pandas(_0='Safeway', CITY='Seattle', LATITUDE=47.661923, LONGITUDE=-122.294916, _4='Supermarkets/Other Grocery (Exc Convenience) Strs')"
2020-03-11T15:06:04,2020-03-11T16:18:34,"Pandas(_0='Safeway', CITY='Seattle', LATITUDE=47.661923, LONGITUDE=-122.294916, _4='Supermarkets/Other Grocery (Exc Convenience) Strs')"
2020-03-11T16:23:34,2020-03-11T16:38:57,"Pandas(_0='Safeway', CITY='Seattle', LATITUDE=47.661923, LONGITUDE=-122.294916, _4='Supermarkets/Other Grocery (Exc Convenience) Strs')"
2020-03-18T01:07:22,2020-03-18T02:39:13,"Pandas(_0='Stockbox Neighborhood Grocery', CITY='Seattle', LATITUDE=47.605641, LONGITUDE=-122.324425, _4='Supermarkets/Other Grocery (Exc Convenience) Strs')"
2020-03-18T03:25:45,2020-03-18T04:49:59,"Pandas(_0='Stockbox Neighborhood Grocery', CITY='Seattle', LATITUDE=47.605641, LONGITUDE=-122.324425, _4='Supermarkets/Other Grocery (Exc Convenience) Strs')"
2020-03-18T14:15:35,2020-03-18T14:49:56,"Pandas(_0='Stockbox Neighborhood Grocery', CITY='Seattle', LATITUDE=47.605641, LONGITUDE=-122.324425, _4='Supermarkets/Other Grocery (Exc Convenience) Strs')"
2020-03-24T02:10:41,2020-03-24T02:54:53,"Pandas(_0='Plaka Estiatorio', CITY='Seattle', LATITUDE=47.668157, LONGITUDE=-122.382212, _4='Full-Service Restaurants')"
2020-03-30T01:54:23,2020-03-30T03:17:10,"Pandas(_0='Beths Cafe', CITY='Seattle', LATITUDE=47.6821, LONGITUDE=-122.34473, _4='Full-Service Restaurants')"
2020-04-08T00:13:49,2020-04-08T01:45:05,"Pandas(_0='Stockbox Neighborhood Grocery', CITY='Seattle', LATITUDE=47.605641, LONGITUDE=-122.324425, _4='Supermarkets/Other Grocery (Exc Convenience) Strs')"
2020-04-14T02:18:12,2020-04-14T02:54:50,"Pandas(_0='Cafe Solstice', CITY='Seattle', LATITUDE=47.657397, LONGITUDE=-122.312928, _4='Full-Service Restaurants')"
2020-04-18T00:36:37,2020-04-18T00:56:55,"Pandas(_0='Sarduccis', CITY='Seattle', LATITUDE=47.65795, LONGITUDE=-122.313574, _4='Full-Service Restaurants')"
2020-04-19T01:09:29,2020-04-19T02:05:49,"Pandas(_0=""Ma'Ono Fried Chicken"", CITY='Seattle', LATITUDE=47.662478, LONGITUDE=-122.299852, _4='Full-Service Restaurants')"
2020-04-20T02:45:00,2020-04-20T03:59:48,"Pandas(_0='Cedars Indian Food On Brooklyn', CITY='Seattle', LATITUDE=47.664756, LONGITUDE=-122.314527, _4='Full-Service Restaurants')"
2020-04-21T18:05:25,2020-04-21T19:45:01,"Pandas(_0='Boulevard Grocery', CITY='Seattle', LATITUDE=47.669094, LONGITUDE=-122.306177, _4='Supermarkets/Other Grocery (Exc Convenience) Strs')"
2020-04-22T23:11:36,2020-04-23T00:34:55,"Pandas(_0='My Favorite Deli', CITY='Seattle', LATITUDE=47.661026, LONGITUDE=-122.313941, _4='Full-Service Restaurants')"
2020-04-23T18:48:34,2020-04-23T20:06:53,"Pandas(_0='Tacos Guaymas', CITY='Seattle', LATITUDE=47.67815, LONGITUDE=-122.3277, _4='Full-Service Restaurants')"
2020-04-26T17:51:45,2020-04-26T18:48:33,"Pandas(_0='Arepa Venezuelan Kitchen', CITY='Seattle', LATITUDE=47.664869, LONGITUDE=-122.312981, _4='Full-Service Restaurants')"
2020-04-26T19:43:20,2020-04-26T20:00:00,"Pandas(_0='U Don Fresh Japanese Noodle', CITY='Seattle', LATITUDE=47.661735, LONGITUDE=-122.313192, _4='Full-Service Restaurants')"
2020-04-26T21:23:29,2020-04-26T23:41:24,"Pandas(_0=""Yinzi's Kitchen"", CITY='Seattle', LATITUDE=47.661666, LONGITUDE=-122.318342, _4='Full-Service Restaurants')"
2020-04-27T00:45:46,2020-04-27T01:21:56,"Pandas(_0='Pie', CITY='Seattle', LATITUDE=47.65116, LONGITUDE=-122.350306, _4='Full-Service Restaurants')"
2020-04-27T01:53:33,2020-04-27T03:44:09,"Pandas(_0='Milstead & Co', CITY='Seattle', LATITUDE=47.649318, LONGITUDE=-122.347895, _4='Full-Service Restaurants')"
2020-04-27T05:22:27,2020-04-27T06:30:35,"Pandas(_0=""Brouwer's Cafe"", CITY='Seattle', LATITUDE=47.651608, LONGITUDE=-122.354198, _4='Full-Service Restaurants')"
2020-05-03T02:28:46,2020-05-03T04:23:00,"Pandas(_0='Din Tai Fung-Bellevue', CITY='Bellevue', LATITUDE=47.616623, LONGITUDE=-122.201603, _4='Full-Service Restaurants')"
2020-05-03T15:44:41,2020-05-03T16:56:14,"Pandas(_0='Varlamos Pizzeria', CITY='Seattle', LATITUDE=47.660944, LONGITUDE=-122.288415, _4='Full-Service Restaurants')"
2020-05-06T01:16:29,2020-05-06T02:19:41,"Pandas(_0='Cafe Solstice', CITY='Seattle', LATITUDE=47.657397, LONGITUDE=-122.312928, _4='Full-Service Restaurants')"
2020-05-10T20:59:52,2020-05-10T21:18:49,"Pandas(_0='Safeway', CITY='Port Townsend', LATITUDE=48.108146, LONGITUDE=-122.782355, _4='Supermarkets/Other Grocery (Exc Convenience) Strs')"
2020-05-11T19:33:10,2020-05-11T20:27:30,"Pandas(_0='Nifty Fiftys Soda Fountain', CITY='Port Townsend', LATITUDE=48.114497, LONGITUDE=-122.755678, _4='Full-Service Restaurants')"
2020-05-15T00:51:55,2020-05-15T01:49:28,"Pandas(_0='University Teriyaki', CITY='Seattle', LATITUDE=47.65718, LONGITUDE=-122.312935, _4='Full-Service Restaurants')"
2020-05-16T16:44:37,2020-05-16T17:37:54,"Pandas(_0='Sushi Tengu', CITY='Seattle', LATITUDE=47.702475, LONGITUDE=-122.324811, _4='Full-Service Restaurants')"
2020-05-23T02:34:53,2020-05-23T03:04:45,"Pandas(_0='Chipotle Mexican Grill', CITY='Seattle', LATITUDE=47.659223, LONGITUDE=-122.313346, _4='Limited-Service Restaurants')"
2020-05-25T00:31:56,2020-05-25T02:17:02,"Pandas(_0='Cafe Solstice', CITY='Seattle', LATITUDE=47.657397, LONGITUDE=-122.312928, _4='Full-Service Restaurants')"
2020-06-02T19:15:51,2020-06-02T20:14:55,"Pandas(_0='Nifty Fiftys Soda Fountain', CITY='Port Townsend', LATITUDE=48.114497, LONGITUDE=-122.755678, _4='Full-Service Restaurants')"
2020-06-02T20:50:35,2020-06-02T21:17:47,"Pandas(_0='Safeway', CITY='Port Townsend', LATITUDE=48.108146, LONGITUDE=-122.782355, _4='Supermarkets/Other Grocery (Exc Convenience) Strs')"
2020-06-08T02:12:29,2020-06-08T02:56:11,"Pandas(_0='Hokkaido Ramen Santouka', CITY='Seattle', LATITUDE=47.662311, LONGITUDE=-122.299124, _4='Full-Service Restaurants')"
2020-06-08T18:00:19,2020-06-08T18:56:14,"Pandas(_0=""Julia's Of Wallingford"", CITY='Seattle', LATITUDE=47.660473, LONGITUDE=-122.336555, _4='Full-Service Restaurants')"
2020-06-15T21:07:59,2020-06-15T21:46:04,"Pandas(_0=""Ma'Ono Fried Chicken"", CITY='Seattle', LATITUDE=47.662478, LONGITUDE=-122.299852, _4='Full-Service Restaurants')"
2020-06-18T02:59:34,2020-06-18T03:38:36,"Pandas(_0='Aladdin Gyro-Cery & Deli', CITY='Seattle', LATITUDE=47.658171, LONGITUDE=-122.313278, _4='Supermarkets/Other Grocery (Exc Convenience) Strs')"
2020-06-19T19:46:53,2020-06-19T20:16:57,"Pandas(_0=""Ping's Food Mart"", CITY='Seattle', LATITUDE=47.5984, LONGITUDE=-122.326937, _4='Supermarkets/Other Grocery (Exc Convenience) Strs')"
2020-06-20T22:20:50,2020-06-20T22:42:32,"Pandas(_0='Cafe Solstice', CITY='Seattle', LATITUDE=47.657397, LONGITUDE=-122.312928, _4='Full-Service Restaurants')"
2020-06-21T02:15:12,2020-06-21T02:49:16,"Pandas(_0='Cafe Solstice', CITY='Seattle', LATITUDE=47.657397, LONGITUDE=-122.312928, _4='Full-Service Restaurants')"
2020-06-21T02:55:25,2020-06-21T03:32:00,"Pandas(_0='University Teriyaki', CITY='Seattle', LATITUDE=47.65718, LONGITUDE=-122.312935, _4='Full-Service Restaurants')"
2020-06-22T01:23:15,2020-06-22T03:13:03,"Pandas(_0='Ba Bar', CITY='Seattle', LATITUDE=47.661679, LONGITUDE=-122.29779, _4='Full-Service Restaurants')"
2020-06-22T17:14:42,2020-06-22T17:45:15,"Pandas(_0='Bitterroot Bbq', CITY='Seattle', LATITUDE=47.666175, LONGITUDE=-122.383354, _4='Full-Service Restaurants')"
2020-06-22T17:49:15,2020-06-22T19:14:07,"Pandas(_0='Bastille Cafe & Bar', CITY='Seattle', LATITUDE=47.666438, LONGITUDE=-122.383664, _4='Full-Service Restaurants')"
2020-07-05T19:11:58,2020-07-05T21:19:25,"Pandas(_0='Espresso To Go', CITY='Seattle', LATITUDE=47.651069, LONGITUDE=-122.350767, _4='Full-Service Restaurants')"
2020-07-06T19:04:19,2020-07-06T19:37:01,"Pandas(_0='Paseo Caribbean Restaurant', CITY='Seattle', LATITUDE=47.658495, LONGITUDE=-122.350311, _4='Full-Service Restaurants')"
2020-07-07T21:08:57,2020-07-07T23:32:59,"Pandas(_0='University Pizzeria', CITY='Seattle', LATITUDE=47.662162, LONGITUDE=-122.313447, _4='Full-Service Restaurants')"
2020-07-10T01:24:20,2020-07-10T03:19:41,"Pandas(_0='University Teriyaki', CITY='Seattle', LATITUDE=47.65718, LONGITUDE=-122.312935, _4='Full-Service Restaurants')"
2020-07-14T00:47:55,2020-07-14T01:12:06,"Pandas(_0='Gorditos', CITY='Seattle', LATITUDE=47.69046, LONGITUDE=-122.35579, _4='Full-Service Restaurants')"
2020-07-15T21:08:04,2020-07-15T21:39:28,"Pandas(_0='Cafe Solstice', CITY='Seattle', LATITUDE=47.657397, LONGITUDE=-122.312928, _4='Full-Service Restaurants')"
2020-07-21T18:54:37,2020-07-21T21:04:35,"Pandas(_0='Cafe On The Aveune', CITY='Seattle', LATITUDE=47.658501, LONGITUDE=-122.313556, _4='Full-Service Restaurants')"
2020-08-05T02:49:53,2020-08-05T04:24:40,"Pandas(_0='University Teriyaki', CITY='Seattle', LATITUDE=47.65718, LONGITUDE=-122.312935, _4='Full-Service Restaurants')"
2020-08-19T01:18:45,2020-08-19T02:09:07,"Pandas(_0=""Shultzy's Sausage"", CITY='Seattle', LATITUDE=47.65728, LONGITUDE=-122.313172, _4='Full-Service Restaurants')"
2020-08-26T01:25:24,2020-08-26T01:54:33,"Pandas(_0='Chipotle Mexican Grill', CITY='Seattle', LATITUDE=47.661772, LONGITUDE=-122.298112, _4='Limited-Service Restaurants')"
2020-08-29T00:34:10,2020-08-29T02:02:38,"Pandas(_0=""Ma'Ono Fried Chicken"", CITY='Seattle', LATITUDE=47.662478, LONGITUDE=-122.299852, _4='Full-Service Restaurants')"
2020-08-30T00:56:29,2020-08-30T01:55:53,"Pandas(_0='Hokkaido Ramen Santouka', CITY='Seattle', LATITUDE=47.662311, LONGITUDE=-122.299124, _4='Full-Service Restaurants')"
2020-08-30T17:07:34,2020-08-30T18:32:53,"Pandas(_0='Cheesecake Factory', CITY='Seattle', LATITUDE=47.611899, LONGITUDE=-122.332887, _4='Full-Service Restaurants')"
2020-09-01T15:09:20,2020-09-01T15:27:17,"Pandas(_0=""Bob's Burgers & Brew"", CITY='Sumas', LATITUDE=47.60239, LONGITUDE=-122.331082, _4='Full-Service Restaurants')"
2020-09-08T02:54:58,2020-09-08T04:52:04,"Pandas(_0='Cafe On The Aveune', CITY='Seattle', LATITUDE=47.658501, LONGITUDE=-122.313556, _4='Full-Service Restaurants')"
2020-09-22T00:35:56,2020-09-22T01:03:33,"Pandas(_0='Green House', CITY='Seattle', LATITUDE=47.657155, LONGITUDE=-122.314088, _4='Full-Service Restaurants')"
2020-09-27T21:55:24,2020-09-27T22:12:35,"Pandas(_0='Cafe Solstice', CITY='Seattle', LATITUDE=47.657397, LONGITUDE=-122.312928, _4='Full-Service Restaurants')"
2020-09-27T22:14:37,2020-09-27T23:53:02,"Pandas(_0='Cafe Solstice', CITY='Seattle', LATITUDE=47.657397, LONGITUDE=-122.312928, _4='Full-Service Restaurants')"
2020-10-04T01:56:20,2020-10-04T02:12:03,"Pandas(_0='University Teriyaki', CITY='Seattle', LATITUDE=47.65718, LONGITUDE=-122.312935, _4='Full-Service Restaurants')"
2020-10-04T02:12:18,2020-10-04T03:00:28,"Pandas(_0='University Teriyaki', CITY='Seattle', LATITUDE=47.65718, LONGITUDE=-122.312935, _4='Full-Service Restaurants')"
2020-10-09T19:11:01,2020-10-09T20:28:41,"Pandas(_0='Nifty Fiftys Soda Fountain', CITY='Port Townsend', LATITUDE=48.114497, LONGITUDE=-122.755678, _4='Full-Service Restaurants')"
2020-10-10T19:36:19,2020-10-10T19:55:21,"Pandas(_0='Safeway', CITY='Port Townsend', LATITUDE=48.108146, LONGITUDE=-122.782355, _4='Supermarkets/Other Grocery (Exc Convenience) Strs')"
2020-10-18T00:39:39,2020-10-18T00:58:58,"Pandas(_0='Piroshki On 3rd', CITY='Seattle', LATITUDE=47.60378, LONGITUDE=-122.332266, _4='Full-Service Restaurants')"
2020-10-25T01:53:08,2020-10-25T03:11:38,"Pandas(_0='Blue C Sushi', CITY='Seattle', LATITUDE=47.66212, LONGITUDE=-122.29844, _4='Full-Service Restaurants')"
2020-11-03T00:26:37,2020-11-03T01:29:23,"Pandas(_0='Hokkaido Ramen Santouka', CITY='Seattle', LATITUDE=47.662311, LONGITUDE=-122.299124, _4='Full-Service Restaurants')"
2020-11-05T23:00:12,2020-11-06T01:19:28,"Pandas(_0='Cafe Solstice', CITY='Seattle', LATITUDE=47.620884, LONGITUDE=-122.31977, _4='Full-Service Restaurants')"
2020-11-07T00:51:12,2020-11-07T01:50:30,"Pandas(_0=""Ma'Ono Fried Chicken"", CITY='Seattle', LATITUDE=47.662478, LONGITUDE=-122.299852, _4='Full-Service Restaurants')"
2020-11-16T09:11:49,2020-11-16T09:51:57,"Pandas(_0='Big Time Brewery & Alehouse', CITY='Seattle', LATITUDE=47.657865, LONGITUDE=-122.313288, _4='Full-Service Restaurants')"
2020-11-22T02:49:56,2020-11-22T04:26:45,"Pandas(_0=""Shultzy's Sausage"", CITY='Seattle', LATITUDE=47.65728, LONGITUDE=-122.313172, _4='Full-Service Restaurants')"
2020-11-23T17:08:57,2020-11-23T18:24:03,"Pandas(_0=""Costa's Restaurant"", CITY='Seattle', LATITUDE=47.66293, LONGITUDE=-122.31329, _4='Full-Service Restaurants')"
2020-12-06T03:14:36,2020-12-06T03:50:51,"Pandas(_0='Old Village Korean Restaurant', CITY='Shoreline', LATITUDE=47.73917, LONGITUDE=-122.34468, _4='Full-Service Restaurants')"
2020-12-06T03:51:06,2020-12-06T05:49:27,"Pandas(_0='Pho Tai', CITY='Shoreline', LATITUDE=47.73915, LONGITUDE=-122.34491, _4='Full-Service Restaurants')"
2020-12-06T21:19:54,2020-12-06T21:47:47,"Pandas(_0='Cafe Solstice', CITY='Seattle', LATITUDE=47.657397, LONGITUDE=-122.312928, _4='Full-Service Restaurants')"
2020-12-11T18:19:46,2020-12-11T18:36:46,"Pandas(_0='Safeway', CITY='Port Townsend', LATITUDE=48.108146, LONGITUDE=-122.782355, _4='Supermarkets/Other Grocery (Exc Convenience) Strs')"
2020-12-21T01:19:44,2020-12-21T01:39:37,"Pandas(_0='Plaka Estiatorio', CITY='Seattle', LATITUDE=47.668157, LONGITUDE=-122.382212, _4='Full-Service Restaurants')"
2020-12-25T20:17:49,2020-12-25T20:38:18,"Pandas(_0='Thai Tom', CITY='Seattle', LATITUDE=47.66254, LONGITUDE=-122.31332, _4='Full-Service Restaurants')"
2020-12-25T21:01:24,2020-12-25T21:18:51,"Pandas(_0='Village Sushi', CITY='Seattle', LATITUDE=47.667187, LONGITUDE=-122.313125, _4='Full-Service Restaurants')"
2020-12-26T19:34:04,2020-12-26T20:37:54,"Pandas(_0='Beths Cafe', CITY='Seattle', LATITUDE=47.6821, LONGITUDE=-122.34473, _4='Full-Service Restaurants')"
2021-01-09T21:55:16,2021-01-09T22:38:52,"Pandas(_0='Safeway', CITY='Port Townsend', LATITUDE=48.108146, LONGITUDE=-122.782355, _4='Supermarkets/Other Grocery (Exc Convenience) Strs')"
2021-01-11T20:30:43,2021-01-11T22:48:43,"Pandas(_0='Nifty Fiftys Soda Fountain', CITY='Port Townsend', LATITUDE=48.114497, LONGITUDE=-122.755678, _4='Full-Service Restaurants')"
2021-01-11T22:48:45,2021-01-11T23:21:37,"Pandas(_0=""Pippa's Real Tea"", CITY='Port Townsend', LATITUDE=48.115422, LONGITUDE=-122.754239, _4='Full-Service Restaurants')"
2021-01-14T23:31:25,2021-01-15T00:20:55,"Pandas(_0='Quench Waterfront Kitchen-Bar', CITY='Port Townsend', LATITUDE=48.113722, LONGITUDE=-122.757971, _4='Full-Service Restaurants')"
2021-01-15T19:28:28,2021-01-15T20:37:49,"Pandas(_0='Family Pancake House', CITY='Bremerton', LATITUDE=47.601889, LONGITUDE=-122.62984, _4='Full-Service Restaurants')"
2021-01-16T02:26:58,2021-01-16T03:50:00,"Pandas(_0='Cafe Solstice', CITY='Seattle', LATITUDE=47.657397, LONGITUDE=-122.312928, _4='Full-Service Restaurants')"
2021-01-19T22:30:09,2021-01-20T00:14:54,"Pandas(_0=""Ma'Ono Fried Chicken"", CITY='Seattle', LATITUDE=47.662478, LONGITUDE=-122.299852, _4='Full-Service Restaurants')"
2021-02-01T19:14:24,2021-02-01T21:01:51,"Pandas(_0='Elliott Bay Cafe', CITY='Seattle', LATITUDE=47.614686, LONGITUDE=-122.319842, _4='Full-Service Restaurants')"
2021-02-19T02:27:25,2021-02-19T04:13:32,"Pandas(_0='Chipotle Mexican Grill', CITY='Seattle', LATITUDE=47.661772, LONGITUDE=-122.298112, _4='Limited-Service Restaurants')"
2021-03-13T03:08:26,2021-03-13T04:19:05,"Pandas(_0='University Pizzeria', CITY='Seattle', LATITUDE=47.662162, LONGITUDE=-122.313447, _4='Full-Service Restaurants')"
2021-03-21T04:20:03,2021-03-21T06:25:42,"Pandas(_0='Bimbos Bitchin Burrito Kitchen', CITY='Seattle', LATITUDE=47.61397, LONGITUDE=-122.31875, _4='Full-Service Restaurants')"
2021-03-21T08:31:53,2021-03-21T09:19:46,"Pandas(_0='Rancho Bravo Tacos', CITY='Seattle', LATITUDE=47.614993, LONGITUDE=-122.319052, _4='Full-Service Restaurants')"
2021-03-28T02:02:26,2021-03-28T03:12:06,"Pandas(_0='Ichiro Teriyaki', CITY='Seattle', LATITUDE=47.657588, LONGITUDE=-122.313163, _4='Full-Service Restaurants')"
2021-03-28T03:12:41,2021-03-28T04:19:42,"Pandas(_0='Cafe Solstice', CITY='Seattle', LATITUDE=47.657397, LONGITUDE=-122.312928, _4='Full-Service Restaurants')"
2021-04-02T01:51:31,2021-04-02T02:06:58,"Pandas(_0='Noodle Nation', CITY='Seattle', LATITUDE=47.65926, LONGITUDE=-122.31296, _4='Full-Service Restaurants')"
2021-04-04T02:28:14,2021-04-04T04:51:16,"Pandas(_0='University Teriyaki', CITY='Seattle', LATITUDE=47.65718, LONGITUDE=-122.312935, _4='Full-Service Restaurants')"
2021-04-23T00:14:35,2021-04-23T02:07:50,"Pandas(_0='Kraken Bar & Lounge', CITY='Seattle', LATITUDE=47.667742, LONGITUDE=-122.313117, _4='Full-Service Restaurants')"
2021-04-24T02:15:16,2021-04-24T02:55:49,"Pandas(_0='Honeyhole Sandwiches', CITY='Seattle', LATITUDE=47.614012, LONGITUDE=-122.323007, _4='Full-Service Restaurants')"
2021-04-26T01:29:19,2021-04-26T02:48:35,"Pandas(_0='University Teriyaki', CITY='Seattle', LATITUDE=47.65718, LONGITUDE=-122.312935, _4='Full-Service Restaurants')"
2021-04-27T18:23:58,2021-04-27T20:24:24,"Pandas(_0='Seatown Seabar & Rotisserie', CITY='Seattle', LATITUDE=47.610622, LONGITUDE=-122.343831, _4='Full-Service Restaurants')"
2021-04-27T20:49:15,2021-04-27T21:06:30,"Pandas(_0='Pasta Guys LLC', CITY='Seattle', LATITUDE=47.608677, LONGITUDE=-122.341056, _4='Supermarkets/Other Grocery (Exc Convenience) Strs')"
2021-04-27T21:09:32,2021-04-27T23:37:40,"Pandas(_0='Pike Pub & Brewery', CITY='Seattle', LATITUDE=47.608221, LONGITUDE=-122.339575, _4='Full-Service Restaurants')"
2021-05-08T18:37:18,2021-05-08T19:28:06,"Pandas(_0='Pasta Guys LLC', CITY='Seattle', LATITUDE=47.608677, LONGITUDE=-122.341056, _4='Supermarkets/Other Grocery (Exc Convenience) Strs')"
2021-05-10T19:47:38,2021-05-10T21:01:03,"Pandas(_0='Nifty Fiftys Soda Fountain', CITY='Port Townsend', LATITUDE=48.114497, LONGITUDE=-122.755678, _4='Full-Service Restaurants')"
2021-05-13T20:12:25,2021-05-13T20:47:42,"Pandas(_0='Arepa Venezuelan Kitchen', CITY='Seattle', LATITUDE=47.664869, LONGITUDE=-122.312981, _4='Full-Service Restaurants')"
2021-05-15T20:59:21,2021-05-15T22:16:10,"Pandas(_0='University Pizzeria', CITY='Seattle', LATITUDE=47.662162, LONGITUDE=-122.313447, _4='Full-Service Restaurants')"
2021-05-16T17:16:48,2021-05-16T17:38:58,"Pandas(_0=""Yinzi's Kitchen"", CITY='Seattle', LATITUDE=47.661666, LONGITUDE=-122.318342, _4='Full-Service Restaurants')"
2021-05-16T17:42:48,2021-05-16T18:04:38,"Pandas(_0=""Yinzi's Kitchen"", CITY='Seattle', LATITUDE=47.661666, LONGITUDE=-122.318342, _4='Full-Service Restaurants')"
2021-05-17T19:53:42,2021-05-17T22:11:10,"Pandas(_0='123 Thai Food', CITY='Seattle', LATITUDE=47.648354, LONGITUDE=-122.355126, _4='Full-Service Restaurants')"
2021-05-19T01:18:34,2021-05-19T01:34:12,"Pandas(_0='No Bones Beach Club', CITY='Seattle', LATITUDE=47.66834, LONGITUDE=-122.37868, _4='Full-Service Restaurants')"
2021-05-19T01:34:43,2021-05-19T02:02:58,"Pandas(_0='Ramen Man', CITY='Seattle', LATITUDE=47.661613, LONGITUDE=-122.338395, _4='Full-Service Restaurants')"
2021-05-23T20:18:56,2021-05-23T21:24:00,"Pandas(_0='Royal Grinders', CITY='Seattle', LATITUDE=47.651141, LONGITUDE=-122.350866, _4='Full-Service Restaurants')"
2021-05-24T16:02:17,2021-05-24T17:17:13,"Pandas(_0='123 Thai Food', CITY='Seattle', LATITUDE=47.648354, LONGITUDE=-122.355126, _4='Full-Service Restaurants')"
2021-05-24T17:17:57,2021-05-24T18:46:21,"Pandas(_0='123 Thai Food', CITY='Seattle', LATITUDE=47.648354, LONGITUDE=-122.355126, _4='Full-Service Restaurants')"
2021-05-26T20:25:03,2021-05-26T21:55:33,"Pandas(_0='University Teriyaki', CITY='Seattle', LATITUDE=47.65718, LONGITUDE=-122.312935, _4='Full-Service Restaurants')"
2021-05-27T04:38:11,2021-05-27T06:00:57,"Pandas(_0='Beths Cafe', CITY='Seattle', LATITUDE=47.6821, LONGITUDE=-122.34473, _4='Full-Service Restaurants')"
2021-05-28T17:57:52,2021-05-28T19:29:51,"Pandas(_0='Sea-Thai Restaurant', CITY='Seattle', LATITUDE=47.661104, LONGITUDE=-122.330532, _4='Full-Service Restaurants')"
2021-05-29T17:45:54,2021-05-29T18:42:03,"Pandas(_0='Five Guys', CITY='Seattle', LATITUDE=47.702961, LONGITUDE=-122.324993, _4='Full-Service Restaurants')"
2021-06-06T01:34:25,2021-06-06T02:56:53,"Pandas(_0=""Hot Mama's Pizza"", CITY='Seattle', LATITUDE=47.615301, LONGITUDE=-122.323227, _4='Full-Service Restaurants')"
2021-06-06T03:05:49,2021-06-06T03:29:25,"Pandas(_0='Panera Bread', CITY='Seattle', LATITUDE=47.615899, LONGITUDE=-122.320387, _4='Limited-Service Restaurants')"
2021-06-06T22:42:37,2021-06-06T22:57:59,"Pandas(_0='Mee Sum Pastry', CITY='Seattle', LATITUDE=47.661192, LONGITUDE=-122.313203, _4='Full-Service Restaurants')"
2021-06-08T00:27:44,2021-06-08T01:28:16,"Pandas(_0='Cafe Solstice', CITY='Seattle', LATITUDE=47.657397, LONGITUDE=-122.312928, _4='Full-Service Restaurants')"
2021-06-10T03:07:16,2021-06-10T03:38:17,"Pandas(_0='Oddfellows Cafe + Bar', CITY='Seattle', LATITUDE=47.614965, LONGITUDE=-122.319538, _4='Full-Service Restaurants')"
2021-06-13T02:22:47,2021-06-13T03:24:15,"Pandas(_0='Georgian', CITY='Seattle', LATITUDE=47.60815, LONGITUDE=-122.334931, _4='Full-Service Restaurants')"
2021-06-13T03:25:46,2021-06-13T05:04:30,"Pandas(_0='Georgian', CITY='Seattle', LATITUDE=47.60815, LONGITUDE=-122.334931, _4='Full-Service Restaurants')"
2021-06-13T05:10:01,2021-06-13T05:43:50,"Pandas(_0='Vovito Caffe & Gelato', CITY='Seattle', LATITUDE=47.607114, LONGITUDE=-122.333789, _4='Full-Service Restaurants')"
2021-06-13T16:30:57,2021-06-13T18:10:43,"Pandas(_0='Vovito Caffe & Gelato', CITY='Seattle', LATITUDE=47.607114, LONGITUDE=-122.333789, _4='Full-Service Restaurants')"
2021-06-18T17:07:26,2021-06-18T17:27:48,"Pandas(_0='Shawerma King', CITY='Seattle', LATITUDE=47.660998, LONGITUDE=-122.313208, _4='Full-Service Restaurants')"
2021-06-20T22:49:47,2021-06-20T23:16:12,"Pandas(_0='Safeway', CITY='Seattle', LATITUDE=47.664281, LONGITUDE=-122.313907, _4='Supermarkets/Other Grocery (Exc Convenience) Strs')"
2021-06-21T19:07:01,2021-06-21T20:10:10,"Pandas(_0='Portage Bay Cafe', CITY='Seattle', LATITUDE=47.657738, LONGITUDE=-122.317735, _4='Full-Service Restaurants')"
2021-06-22T02:28:50,2021-06-22T04:06:13,"Pandas(_0='University Teriyaki', CITY='Seattle', LATITUDE=47.65718, LONGITUDE=-122.312935, _4='Full-Service Restaurants')"
2021-06-22T20:53:42,2021-06-22T22:02:26,"Pandas(_0='Nifty Fiftys Soda Fountain', CITY='Port Townsend', LATITUDE=48.114497, LONGITUDE=-122.755678, _4='Full-Service Restaurants')"
2021-11-28T18:00:17,2021-11-28T19:09:38,"Pandas(_0='Portage Bay Cafe', CITY='Seattle', LATITUDE=47.657738, LONGITUDE=-122.317735, _4='Full-Service Restaurants')"
2021-11-30T02:07:29,2021-11-30T02:48:31,"Pandas(_0=""Ma'Ono Fried Chicken"", CITY='Seattle', LATITUDE=47.662478, LONGITUDE=-122.299852, _4='Full-Service Restaurants')"
2021-12-03T01:38:33,2021-12-03T03:02:26,"Pandas(_0='Nifty Fiftys Soda Fountain', CITY='Port Townsend', LATITUDE=48.114497, LONGITUDE=-122.755678, _4='Full-Service Restaurants')"
2021-12-05T04:42:52,2021-12-05T06:00:16,"Pandas(_0=""Yinzi's Kitchen"", CITY='Seattle', LATITUDE=47.661666, LONGITUDE=-122.318342, _4='Full-Service Restaurants')"
2021-12-05T06:15:39,2021-12-05T07:10:26,"Pandas(_0=""Yinzi's Kitchen"", CITY='Seattle', LATITUDE=47.661666, LONGITUDE=-122.318342, _4='Full-Service Restaurants')"
