start,end,outlet info
2011-04-19T18:39:24,2011-04-19T19:27:27,"Pandas(_0='West Edge Market', CITY='Seattle', LATITUDE=47.6066, LONGITUDE=-122.338831, _4='Limited-Service Restaurants')"
2011-04-27T01:55:40,2011-04-27T02:38:04,"Pandas(_0='North City Wine Bar & Bistro', CITY='Shoreline', LATITUDE=47.757723, LONGITUDE=-122.313171, _4='Full-Service Restaurants')"
2011-04-27T20:46:29,2011-04-27T21:50:49,"Pandas(_0=""King's Teriyaki"", CITY='Woodinville', LATITUDE=47.753784, LONGITUDE=-122.160695, _4='Full-Service Restaurants')"
2011-07-05T02:23:32,2011-07-05T04:38:09,"Pandas(_0='North City Wine Bar & Bistro', CITY='Shoreline', LATITUDE=47.757723, LONGITUDE=-122.313171, _4='Full-Service Restaurants')"
2011-07-29T23:21:55,2011-07-29T23:41:05,"Pandas(_0=""Applebee's"", CITY='Lynnwood', LATITUDE=47.820591, LONGITUDE=-122.296373, _4='Full-Service Restaurants')"
2011-08-11T18:13:45,2011-08-11T19:05:32,"Pandas(_0='Taco Del Mar', CITY='Ritzville', LATITUDE=47.117448, LONGITUDE=-118.36751, _4='Limited-Service Restaurants')"
2011-09-13T18:01:58,2011-09-13T18:17:10,"Pandas(_0='Garden Cafe', CITY='Woodinville', LATITUDE=47.75343, LONGITUDE=-122.157025, _4='Full-Service Restaurants')"
2011-09-28T19:30:18,2011-09-28T20:07:50,"Pandas(_0='Qdoba Mexican Eats', CITY='Mill Creek', LATITUDE=47.849819, LONGITUDE=-122.219328, _4='Limited-Service Restaurants')"
2011-10-11T02:14:40,2011-10-11T02:55:30,"Pandas(_0='Red Robin Gourmet Burgers', CITY='Woodinville', LATITUDE=47.75772, LONGITUDE=-122.15561, _4='Full-Service Restaurants')"
2011-10-14T18:06:45,2011-10-14T18:42:46,"Pandas(_0='Haggen Food & Pharmacy', CITY='Woodinville', LATITUDE=47.755668, LONGITUDE=-122.156759, _4='Supermarkets/Other Grocery (Exc Convenience) Strs')"
2011-10-17T20:34:37,2011-10-17T22:29:27,"Pandas(_0='Red Lobster', CITY='Lynnwood', LATITUDE=47.821467, LONGITUDE=-122.291018, _4='Full-Service Restaurants')"
2011-10-18T00:08:20,2011-10-18T00:52:25,"Pandas(_0='Haggen Food & Pharmacy', CITY='Woodinville', LATITUDE=47.755668, LONGITUDE=-122.156759, _4='Supermarkets/Other Grocery (Exc Convenience) Strs')"
2011-10-23T19:07:41,2011-10-23T19:44:04,"Pandas(_0=""Romio's Pizza & Pasta"", CITY='Kirkland', LATITUDE=47.71164, LONGITUDE=-122.18815, _4='Full-Service Restaurants')"
2011-10-25T17:59:38,2011-10-25T18:28:30,"Pandas(_0=""Romio's Pizza & Pasta"", CITY='Kirkland', LATITUDE=47.71164, LONGITUDE=-122.18815, _4='Full-Service Restaurants')"
2011-11-02T21:40:51,2011-11-02T22:04:57,"Pandas(_0='Jubilee Reach Thrift Store', CITY='Bellevue', LATITUDE=47.630695, LONGITUDE=-122.144156, _4='Full-Service Restaurants')"
2011-11-03T18:08:56,2011-11-03T18:25:41,"Pandas(_0='Family Pancake House', CITY='Redmond', LATITUDE=47.668481, LONGITUDE=-122.104427, _4='Full-Service Restaurants')"
2011-11-05T20:15:42,2011-11-05T20:39:07,"Pandas(_0='Haggen Food & Pharmacy', CITY='Woodinville', LATITUDE=47.755668, LONGITUDE=-122.156759, _4='Supermarkets/Other Grocery (Exc Convenience) Strs')"
2011-11-07T18:21:22,2011-11-07T18:46:12,"Pandas(_0='Haggen Food & Pharmacy', CITY='Woodinville', LATITUDE=47.755668, LONGITUDE=-122.156759, _4='Supermarkets/Other Grocery (Exc Convenience) Strs')"
2011-11-10T18:19:30,2011-11-10T20:02:03,"Pandas(_0=""Papa Murphy's Take 'N' Bake"", CITY='Woodinville', LATITUDE=47.75502, LONGITUDE=-122.150545, _4='Limited-Service Restaurants')"
2011-11-15T03:27:58,2011-11-15T03:45:16,"Pandas(_0='Haggen Food & Pharmacy', CITY='Woodinville', LATITUDE=47.755668, LONGITUDE=-122.156759, _4='Supermarkets/Other Grocery (Exc Convenience) Strs')"
2011-11-15T17:04:01,2011-11-15T17:24:19,"Pandas(_0=""Romio's Pizza & Pasta"", CITY='Kirkland', LATITUDE=47.71164, LONGITUDE=-122.18815, _4='Full-Service Restaurants')"
2011-11-15T18:43:05,2011-11-15T18:58:14,"Pandas(_0='Village Square Cafe', CITY='Redmond', LATITUDE=47.678543, LONGITUDE=-122.124759, _4='Full-Service Restaurants')"
2011-11-30T19:07:12,2011-11-30T19:25:28,"Pandas(_0='Turners', CITY='Everett', LATITUDE=47.978912, LONGITUDE=-122.200738, _4='Full-Service Restaurants')"
2011-12-11T22:34:32,2011-12-11T22:56:56,"Pandas(_0='Haggen Food & Pharmacy', CITY='Woodinville', LATITUDE=47.755668, LONGITUDE=-122.156759, _4='Supermarkets/Other Grocery (Exc Convenience) Strs')"
2011-12-17T17:48:35,2011-12-17T18:22:25,"Pandas(_0='Haggen Food & Pharmacy', CITY='Woodinville', LATITUDE=47.755668, LONGITUDE=-122.156759, _4='Supermarkets/Other Grocery (Exc Convenience) Strs')"
2011-12-22T22:49:34,2011-12-22T23:18:58,"Pandas(_0='Haggen Food & Pharmacy', CITY='Woodinville', LATITUDE=47.755668, LONGITUDE=-122.156759, _4='Supermarkets/Other Grocery (Exc Convenience) Strs')"
2011-12-26T19:38:23,2011-12-26T19:59:44,"Pandas(_0='QFC', CITY='Mercer Island', LATITUDE=47.584959, LONGITUDE=-122.232886, _4='Supermarkets/Other Grocery (Exc Convenience) Strs')"
2012-01-08T17:48:29,2012-01-08T18:35:33,"Pandas(_0='Bthree WA Burgers & Breakfast', CITY='Lynnwood', LATITUDE=47.8212, LONGITUDE=-122.28811, _4='Full-Service Restaurants')"
2012-01-08T19:44:48,2012-01-08T20:06:16,"Pandas(_0='Haggen Food & Pharmacy', CITY='Woodinville', LATITUDE=47.755668, LONGITUDE=-122.156759, _4='Supermarkets/Other Grocery (Exc Convenience) Strs')"
2012-01-17T19:01:30,2012-01-17T19:39:41,"Pandas(_0='Pho Vina', CITY='Woodinville', LATITUDE=47.753853, LONGITUDE=-122.152807, _4='Full-Service Restaurants')"
2012-01-26T03:39:42,2012-01-26T04:09:11,"Pandas(_0='Haggen Food & Pharmacy', CITY='Woodinville', LATITUDE=47.755668, LONGITUDE=-122.156759, _4='Supermarkets/Other Grocery (Exc Convenience) Strs')"
2012-02-01T22:23:16,2012-02-02T00:01:40,"Pandas(_0='Big Fish Grill-Woodinville', CITY='Woodinville', LATITUDE=47.754802, LONGITUDE=-122.156336, _4='Full-Service Restaurants')"
2012-02-09T21:07:50,2012-02-09T21:25:15,"Pandas(_0='Haggen Food & Pharmacy', CITY='Woodinville', LATITUDE=47.755668, LONGITUDE=-122.156759, _4='Supermarkets/Other Grocery (Exc Convenience) Strs')"
2012-02-11T20:09:48,2012-02-11T21:42:04,"Pandas(_0='Red Lobster', CITY='Lynnwood', LATITUDE=47.821467, LONGITUDE=-122.291018, _4='Full-Service Restaurants')"
2012-02-17T02:26:28,2012-02-17T02:52:11,"Pandas(_0='Haggen Food & Pharmacy', CITY='Woodinville', LATITUDE=47.755668, LONGITUDE=-122.156759, _4='Supermarkets/Other Grocery (Exc Convenience) Strs')"
2012-03-05T02:45:22,2012-03-05T03:43:01,"Pandas(_0='Fred Meyer', CITY='Redmond', LATITUDE=47.670691, LONGITUDE=-122.104415, _4='Department Stores')"
2012-03-05T05:41:51,2012-03-05T05:59:55,"Pandas(_0='MOD Pizza', CITY='Woodinville', LATITUDE=47.75686, LONGITUDE=-122.15443, _4='Full-Service Restaurants')"
2012-03-06T17:37:15,2012-03-06T18:17:33,"Pandas(_0='Bthree WA Burgers & Breakfast', CITY='Lynnwood', LATITUDE=47.8212, LONGITUDE=-122.28811, _4='Full-Service Restaurants')"
2012-03-10T13:35:13,2012-03-10T13:59:30,"Pandas(_0='Haggen Food & Pharmacy', CITY='Woodinville', LATITUDE=47.755668, LONGITUDE=-122.156759, _4='Supermarkets/Other Grocery (Exc Convenience) Strs')"
2012-03-11T01:13:39,2012-03-11T01:41:39,"Pandas(_0=""Papa Murphy's Take 'N' Bake"", CITY='Woodinville', LATITUDE=47.75502, LONGITUDE=-122.150545, _4='Limited-Service Restaurants')"
2012-03-14T19:15:59,2012-03-14T20:08:10,"Pandas(_0='Archer Ale House', CITY='Bellingham', LATITUDE=48.720108, LONGITUDE=-122.504588, _4='Full-Service Restaurants')"
2012-04-10T20:07:46,2012-04-10T21:09:28,"Pandas(_0=""Duke's Bellevue Chowder House"", CITY='Bellevue', LATITUDE=47.615254, LONGITUDE=-122.20154, _4='Full-Service Restaurants')"
2012-04-18T16:36:39,2012-04-18T17:10:40,"Pandas(_0='El Buen Gusto Rest', CITY='Prosser', LATITUDE=46.205826, LONGITUDE=-119.770212, _4='Full-Service Restaurants')"
2012-04-19T19:30:53,2012-04-19T19:56:01,"Pandas(_0='El Caporal Mexican Restaurant', CITY='Prosser', LATITUDE=46.205231, LONGITUDE=-119.769573, _4='Full-Service Restaurants')"
2012-04-19T20:07:57,2012-04-19T20:30:26,"Pandas(_0='Coffee Break Expresso', CITY='Prosser', LATITUDE=46.219778, LONGITUDE=-119.790138, _4='Full-Service Restaurants')"
2012-04-24T20:17:02,2012-04-24T20:32:10,"Pandas(_0=""Jersey Mike's Subs"", CITY='Woodinville', LATITUDE=47.753789, LONGITUDE=-122.152807, _4='Full-Service Restaurants')"
2012-04-25T01:37:21,2012-04-25T01:53:55,"Pandas(_0='Haggen Food & Pharmacy', CITY='Woodinville', LATITUDE=47.755668, LONGITUDE=-122.156759, _4='Supermarkets/Other Grocery (Exc Convenience) Strs')"
2012-05-01T20:34:21,2012-05-01T20:56:58,"Pandas(_0=""Jersey Mike's Subs"", CITY='Woodinville', LATITUDE=47.753789, LONGITUDE=-122.152807, _4='Full-Service Restaurants')"
2012-05-01T20:59:07,2012-05-01T21:47:23,"Pandas(_0='Haggen Food & Pharmacy', CITY='Woodinville', LATITUDE=47.755668, LONGITUDE=-122.156759, _4='Supermarkets/Other Grocery (Exc Convenience) Strs')"
2012-05-09T20:43:49,2012-05-09T21:13:00,"Pandas(_0='Armadillo Barbecue', CITY='Woodinville', LATITUDE=47.74045, LONGITUDE=-121.9864, _4='Full-Service Restaurants')"
2012-05-14T00:14:02,2012-05-14T00:40:33,"Pandas(_0='Safeway', CITY='Kirkland', LATITUDE=47.732456, LONGITUDE=-122.174391, _4='Supermarkets/Other Grocery (Exc Convenience) Strs')"
2012-05-15T22:26:47,2012-05-15T23:07:11,"Pandas(_0='Haggen Food & Pharmacy', CITY='Woodinville', LATITUDE=47.755668, LONGITUDE=-122.156759, _4='Supermarkets/Other Grocery (Exc Convenience) Strs')"
2012-05-18T21:55:24,2012-05-18T23:19:49,"Pandas(_0='Taco Del Mar', CITY='Lynnwood', LATITUDE=47.821053, LONGITUDE=-122.290227, _4='Limited-Service Restaurants')"
2012-05-19T20:26:46,2012-05-19T20:44:15,"Pandas(_0='Costco Wholesale', CITY='Woodinville', LATITUDE=47.779395, LONGITUDE=-122.148542, _4='Warehouse Clubs & Supercenters')"
2012-05-19T20:52:20,2012-05-19T21:09:09,"Pandas(_0='Costco Wholesale', CITY='Woodinville', LATITUDE=47.779395, LONGITUDE=-122.148542, _4='Warehouse Clubs & Supercenters')"
2012-06-04T19:52:32,2012-06-04T20:35:19,"Pandas(_0='SUBWAY', CITY='Kirkland', LATITUDE=47.731011, LONGITUDE=-122.173508, _4='Limited-Service Restaurants')"
2012-06-08T21:53:19,2012-06-08T22:10:26,"Pandas(_0=""Jersey Mike's Subs"", CITY='Woodinville', LATITUDE=47.753789, LONGITUDE=-122.152807, _4='Full-Service Restaurants')"
2012-06-14T18:29:42,2012-06-14T19:10:20,"Pandas(_0='Haggen Food & Pharmacy', CITY='Woodinville', LATITUDE=47.755668, LONGITUDE=-122.156759, _4='Supermarkets/Other Grocery (Exc Convenience) Strs')"
2012-06-15T19:55:46,2012-06-15T20:26:05,"Pandas(_0='SUBWAY', CITY='Kirkland', LATITUDE=47.731011, LONGITUDE=-122.173508, _4='Limited-Service Restaurants')"
2012-06-21T00:06:01,2012-06-21T00:48:06,"Pandas(_0='Rogue Ales Issaquah Brewhouse', CITY='Issaquah', LATITUDE=47.530098, LONGITUDE=-122.037104, _4='Full-Service Restaurants')"
2012-07-02T01:23:08,2012-07-02T01:53:22,"Pandas(_0='Haggen Food & Pharmacy', CITY='Woodinville', LATITUDE=47.755668, LONGITUDE=-122.156759, _4='Supermarkets/Other Grocery (Exc Convenience) Strs')"
2012-07-09T17:54:33,2012-07-09T18:10:54,"Pandas(_0='Costco Wholesale', CITY='Woodinville', LATITUDE=47.779395, LONGITUDE=-122.148542, _4='Warehouse Clubs & Supercenters')"
2012-08-09T20:28:11,2012-08-09T21:03:14,"Pandas(_0='Haggen Food & Pharmacy', CITY='Woodinville', LATITUDE=47.755668, LONGITUDE=-122.156759, _4='Supermarkets/Other Grocery (Exc Convenience) Strs')"
2012-08-10T01:12:02,2012-08-10T01:28:22,"Pandas(_0='Haggen Food & Pharmacy', CITY='Woodinville', LATITUDE=47.755668, LONGITUDE=-122.156759, _4='Supermarkets/Other Grocery (Exc Convenience) Strs')"
2012-08-11T22:40:12,2012-08-12T00:02:14,"Pandas(_0='Joey Kitchen At U Village', CITY='Seattle', LATITUDE=47.661686, LONGITUDE=-122.298478, _4='Full-Service Restaurants')"
2012-08-15T21:03:49,2012-08-15T21:24:48,"Pandas(_0=""Domino's"", CITY='Woodinville', LATITUDE=47.756315, LONGITUDE=-122.080998, _4='Limited-Service Restaurants')"
2012-08-18T21:50:40,2012-08-18T22:14:59,"Pandas(_0=""Jersey Mike's Subs"", CITY='Woodinville', LATITUDE=47.753789, LONGITUDE=-122.152807, _4='Full-Service Restaurants')"
2012-08-20T02:36:42,2012-08-20T02:58:12,"Pandas(_0='Costco Wholesale', CITY='Woodinville', LATITUDE=47.779395, LONGITUDE=-122.148542, _4='Warehouse Clubs & Supercenters')"
2012-08-22T22:43:22,2012-08-22T23:02:30,"Pandas(_0='Haggen Food & Pharmacy', CITY='Woodinville', LATITUDE=47.755668, LONGITUDE=-122.156759, _4='Supermarkets/Other Grocery (Exc Convenience) Strs')"
2012-08-25T17:00:02,2012-08-25T17:24:29,"Pandas(_0='Haggen Food & Pharmacy', CITY='Woodinville', LATITUDE=47.755668, LONGITUDE=-122.156759, _4='Supermarkets/Other Grocery (Exc Convenience) Strs')"
2012-08-28T18:21:44,2012-08-28T18:48:07,"Pandas(_0='Costco Wholesale', CITY='Woodinville', LATITUDE=47.779395, LONGITUDE=-122.148542, _4='Warehouse Clubs & Supercenters')"
2012-08-28T19:43:17,2012-08-28T20:07:51,"Pandas(_0=""Domino's"", CITY='Woodinville', LATITUDE=47.756315, LONGITUDE=-122.080998, _4='Limited-Service Restaurants')"
2012-08-28T23:17:53,2012-08-28T23:47:47,"Pandas(_0=""Rooney's"", CITY='Woodinville', LATITUDE=47.75588, LONGITUDE=-122.15176, _4='Full-Service Restaurants')"
2012-08-30T01:46:02,2012-08-30T03:29:15,"Pandas(_0='Ooba Tooba Mex Grill', CITY='Woodinville', LATITUDE=47.75306, LONGITUDE=-122.15212, _4='Full-Service Restaurants')"
2012-09-03T22:37:50,2012-09-03T23:10:40,"Pandas(_0='Armadillo Barbecue', CITY='Woodinville', LATITUDE=47.74045, LONGITUDE=-121.9864, _4='Full-Service Restaurants')"
2012-09-03T23:11:51,2012-09-03T23:47:14,"Pandas(_0='Armadillo Barbecue', CITY='Woodinville', LATITUDE=47.74045, LONGITUDE=-121.9864, _4='Full-Service Restaurants')"
2012-09-06T01:41:13,2012-09-06T02:07:10,"Pandas(_0='Haggen Food & Pharmacy', CITY='Woodinville', LATITUDE=47.755668, LONGITUDE=-122.156759, _4='Supermarkets/Other Grocery (Exc Convenience) Strs')"
2012-09-08T21:35:40,2012-09-08T21:55:49,"Pandas(_0='Costco Wholesale', CITY='Woodinville', LATITUDE=47.779395, LONGITUDE=-122.148542, _4='Warehouse Clubs & Supercenters')"
2012-09-10T20:45:45,2012-09-10T21:14:11,"Pandas(_0='Haggen Food & Pharmacy', CITY='Woodinville', LATITUDE=47.755668, LONGITUDE=-122.156759, _4='Supermarkets/Other Grocery (Exc Convenience) Strs')"
2012-09-16T19:57:01,2012-09-16T20:44:41,"Pandas(_0='Costco Wholesale', CITY='Woodinville', LATITUDE=47.779395, LONGITUDE=-122.148542, _4='Warehouse Clubs & Supercenters')"
2012-09-17T00:53:25,2012-09-17T01:49:55,"Pandas(_0=""Rooney's"", CITY='Woodinville', LATITUDE=47.75588, LONGITUDE=-122.15176, _4='Full-Service Restaurants')"
2012-09-18T00:06:40,2012-09-18T00:41:02,"Pandas(_0='Haggen Food & Pharmacy', CITY='Woodinville', LATITUDE=47.755668, LONGITUDE=-122.156759, _4='Supermarkets/Other Grocery (Exc Convenience) Strs')"
2012-09-22T00:29:15,2012-09-22T00:53:42,"Pandas(_0='Haggen Food & Pharmacy', CITY='Woodinville', LATITUDE=47.755668, LONGITUDE=-122.156759, _4='Supermarkets/Other Grocery (Exc Convenience) Strs')"
2012-10-01T00:09:44,2012-10-01T00:28:05,"Pandas(_0='Haggen Food & Pharmacy', CITY='Woodinville', LATITUDE=47.755668, LONGITUDE=-122.156759, _4='Supermarkets/Other Grocery (Exc Convenience) Strs')"
2012-10-01T22:33:36,2012-10-01T23:32:36,"Pandas(_0=""Rooney's"", CITY='Woodinville', LATITUDE=47.75588, LONGITUDE=-122.15176, _4='Full-Service Restaurants')"
2012-10-02T21:59:39,2012-10-02T22:18:43,"Pandas(_0='Haggen Food & Pharmacy', CITY='Woodinville', LATITUDE=47.755668, LONGITUDE=-122.156759, _4='Supermarkets/Other Grocery (Exc Convenience) Strs')"
2012-10-04T03:50:50,2012-10-04T04:45:48,"Pandas(_0='North City Wine Bar & Bistro', CITY='Shoreline', LATITUDE=47.757723, LONGITUDE=-122.313171, _4='Full-Service Restaurants')"
2012-10-04T05:56:29,2012-10-04T06:39:50,"Pandas(_0='North City Wine Bar & Bistro', CITY='Shoreline', LATITUDE=47.757723, LONGITUDE=-122.313171, _4='Full-Service Restaurants')"
2012-10-06T01:16:25,2012-10-06T01:32:31,"Pandas(_0='Costco Wholesale', CITY='Woodinville', LATITUDE=47.779395, LONGITUDE=-122.148542, _4='Warehouse Clubs & Supercenters')"
2012-10-08T00:40:16,2012-10-08T01:13:10,"Pandas(_0='Haggen Food & Pharmacy', CITY='Woodinville', LATITUDE=47.755668, LONGITUDE=-122.156759, _4='Supermarkets/Other Grocery (Exc Convenience) Strs')"
2012-10-12T21:54:29,2012-10-12T23:13:37,"Pandas(_0='Side By Side', CITY='Seattle', LATITUDE=47.662447, LONGITUDE=-122.311919, _4='Full-Service Restaurants')"
2012-10-15T01:21:10,2012-10-15T01:47:26,"Pandas(_0='Haggen Food & Pharmacy', CITY='Woodinville', LATITUDE=47.755668, LONGITUDE=-122.156759, _4='Supermarkets/Other Grocery (Exc Convenience) Strs')"
2012-10-17T22:48:56,2012-10-17T23:19:47,"Pandas(_0='Haggen Food & Pharmacy', CITY='Woodinville', LATITUDE=47.755668, LONGITUDE=-122.156759, _4='Supermarkets/Other Grocery (Exc Convenience) Strs')"
2012-10-19T16:58:53,2012-10-19T17:25:10,"Pandas(_0='Haggen Food & Pharmacy', CITY='Woodinville', LATITUDE=47.755668, LONGITUDE=-122.156759, _4='Supermarkets/Other Grocery (Exc Convenience) Strs')"
2012-10-21T23:50:16,2012-10-22T00:12:28,"Pandas(_0='Costco Wholesale', CITY='Woodinville', LATITUDE=47.779395, LONGITUDE=-122.148542, _4='Warehouse Clubs & Supercenters')"
2012-10-24T23:49:56,2012-10-25T00:20:21,"Pandas(_0='Safeway', CITY='Kirkland', LATITUDE=47.732456, LONGITUDE=-122.174391, _4='Supermarkets/Other Grocery (Exc Convenience) Strs')"
2012-10-28T23:20:38,2012-10-28T23:49:03,"Pandas(_0='Haggen Food & Pharmacy', CITY='Woodinville', LATITUDE=47.755668, LONGITUDE=-122.156759, _4='Supermarkets/Other Grocery (Exc Convenience) Strs')"
2011-03-28T00:53:17,2011-03-28T01:22:38,"Pandas(_0='Chipotle Mexican Grill', CITY='Lynnwood', LATITUDE=47.829707, LONGITUDE=-122.272485, _4='Limited-Service Restaurants')"
2011-03-31T22:58:36,2011-03-31T23:24:27,"Pandas(_0=""Anthony's Homeport Kirkland"", CITY='Bellevue', LATITUDE=47.674024, LONGITUDE=-122.206215, _4='Full-Service Restaurants')"
2014-01-14T21:14:20,2014-01-14T21:44:44,"Pandas(_0='Haggen Food & Pharmacy', CITY='Woodinville', LATITUDE=47.755668, LONGITUDE=-122.156759, _4='Supermarkets/Other Grocery (Exc Convenience) Strs')"
2014-01-15T16:29:44,2014-01-15T17:04:14,"Pandas(_0='Little London Plane', CITY='Seattle', LATITUDE=47.59933, LONGITUDE=-122.332843, _4='Full-Service Restaurants')"
2014-01-19T20:27:10,2014-01-19T20:45:20,"Pandas(_0='Safeway', CITY='Kirkland', LATITUDE=47.732456, LONGITUDE=-122.174391, _4='Supermarkets/Other Grocery (Exc Convenience) Strs')"
2014-01-20T19:15:44,2014-01-20T19:42:15,"Pandas(_0='Costco Wholesale', CITY='Woodinville', LATITUDE=47.779395, LONGITUDE=-122.148542, _4='Warehouse Clubs & Supercenters')"
2014-01-28T20:42:54,2014-01-28T21:01:46,"Pandas(_0='Haggen Food & Pharmacy', CITY='Woodinville', LATITUDE=47.755668, LONGITUDE=-122.156759, _4='Supermarkets/Other Grocery (Exc Convenience) Strs')"
2014-01-29T03:52:38,2014-01-29T05:40:45,"Pandas(_0='Match Coffee & Wine', CITY='Duvall', LATITUDE=47.741781, LONGITUDE=-121.986291, _4='Full-Service Restaurants')"
2014-02-02T21:42:59,2014-02-02T22:17:18,"Pandas(_0='Trader Joes', CITY='Redmond', LATITUDE=47.674916, LONGITUDE=-122.127643, _4='Supermarkets/Other Grocery (Exc Convenience) Strs')"
2014-02-17T18:26:30,2014-02-17T19:52:46,"Pandas(_0='Costco Wholesale', CITY='Woodinville', LATITUDE=47.779395, LONGITUDE=-122.148542, _4='Warehouse Clubs & Supercenters')"
2014-05-04T23:03:12,2014-05-04T23:22:31,"Pandas(_0='SUBWAY', CITY='Kirkland', LATITUDE=47.731011, LONGITUDE=-122.173508, _4='Limited-Service Restaurants')"
2014-05-04T23:34:42,2014-05-05T00:22:01,"Pandas(_0='SUBWAY', CITY='Kirkland', LATITUDE=47.731011, LONGITUDE=-122.173508, _4='Limited-Service Restaurants')"
2014-05-06T03:45:36,2014-05-06T04:05:53,"Pandas(_0='Tipsy Cow Burger Bar', CITY='Woodinville', LATITUDE=47.754295, LONGITUDE=-122.150644, _4='Full-Service Restaurants')"
2014-05-06T18:57:34,2014-05-06T19:29:02,"Pandas(_0='Haggen Food & Pharmacy', CITY='Woodinville', LATITUDE=47.755668, LONGITUDE=-122.156759, _4='Supermarkets/Other Grocery (Exc Convenience) Strs')"
2014-05-09T15:25:04,2014-05-09T16:00:12,"Pandas(_0='Haggen Food & Pharmacy', CITY='Woodinville', LATITUDE=47.755668, LONGITUDE=-122.156759, _4='Supermarkets/Other Grocery (Exc Convenience) Strs')"
2014-05-09T20:15:34,2014-05-09T21:36:05,"Pandas(_0='Bay Cafe', CITY='Seattle', LATITUDE=47.6556, LONGITUDE=-122.38117, _4='Full-Service Restaurants')"
2014-05-12T00:14:28,2014-05-12T01:47:50,"Pandas(_0='Big Fish Grill-Woodinville', CITY='Woodinville', LATITUDE=47.754802, LONGITUDE=-122.156336, _4='Full-Service Restaurants')"
2014-05-13T20:10:19,2014-05-13T20:28:02,"Pandas(_0='SUBWAY', CITY='Kirkland', LATITUDE=47.731011, LONGITUDE=-122.173508, _4='Limited-Service Restaurants')"
2014-05-15T23:50:32,2014-05-16T00:11:26,"Pandas(_0='Costco Wholesale', CITY='Woodinville', LATITUDE=47.779395, LONGITUDE=-122.148542, _4='Warehouse Clubs & Supercenters')"
2014-05-31T20:10:33,2014-05-31T20:29:09,"Pandas(_0='SUBWAY', CITY='Kirkland', LATITUDE=47.731011, LONGITUDE=-122.173508, _4='Limited-Service Restaurants')"
2014-05-31T21:06:49,2014-05-31T21:24:11,"Pandas(_0='SUBWAY', CITY='Kirkland', LATITUDE=47.731011, LONGITUDE=-122.173508, _4='Limited-Service Restaurants')"
2014-06-23T19:57:52,2014-06-23T20:16:03,"Pandas(_0=""Jimmy John's"", CITY='Redmond', LATITUDE=47.67569, LONGITUDE=-122.12714, _4='Limited-Service Restaurants')"
2014-06-28T23:23:43,2014-06-28T23:42:26,"Pandas(_0='SUBWAY', CITY='Kirkland', LATITUDE=47.731011, LONGITUDE=-122.173508, _4='Limited-Service Restaurants')"
2014-06-28T23:48:48,2014-06-29T00:31:40,"Pandas(_0='Sora Sushi Woodinville', CITY='Woodinville', LATITUDE=47.733328, LONGITUDE=-122.152737, _4='Full-Service Restaurants')"
2014-06-30T18:59:12,2014-06-30T20:37:07,"Pandas(_0='Salt & Iron', CITY='Edmonds', LATITUDE=47.811162, LONGITUDE=-122.378817, _4='Full-Service Restaurants')"
2014-06-30T21:43:48,2014-06-30T22:17:44,"Pandas(_0='MOD Pizza', CITY='Woodinville', LATITUDE=47.75686, LONGITUDE=-122.15443, _4='Full-Service Restaurants')"
2014-07-07T18:10:55,2014-07-07T18:30:37,"Pandas(_0='SUBWAY', CITY='Kirkland', LATITUDE=47.731011, LONGITUDE=-122.173508, _4='Limited-Service Restaurants')"
2014-07-10T23:06:42,2014-07-11T00:55:14,"Pandas(_0='Spiros Pizza', CITY='Shoreline', LATITUDE=47.76286, LONGITUDE=-122.34642, _4='Full-Service Restaurants')"
2014-07-13T21:10:02,2014-07-13T21:32:37,"Pandas(_0='Haggen Food & Pharmacy', CITY='Woodinville', LATITUDE=47.755668, LONGITUDE=-122.156759, _4='Supermarkets/Other Grocery (Exc Convenience) Strs')"
2014-07-25T20:14:43,2014-07-25T21:02:21,"Pandas(_0=""Papa Murphy's Take 'N' Bake"", CITY='Woodinville', LATITUDE=47.75502, LONGITUDE=-122.150545, _4='Limited-Service Restaurants')"
2014-07-25T21:51:24,2014-07-25T23:16:49,"Pandas(_0=""Applebee's"", CITY='Lynnwood', LATITUDE=47.820591, LONGITUDE=-122.296373, _4='Full-Service Restaurants')"
2014-07-28T00:53:04,2014-07-28T01:24:46,"Pandas(_0='Haggen Food & Pharmacy', CITY='Woodinville', LATITUDE=47.755668, LONGITUDE=-122.156759, _4='Supermarkets/Other Grocery (Exc Convenience) Strs')"
2014-08-01T00:13:00,2014-08-01T00:35:25,"Pandas(_0='Haggen Food & Pharmacy', CITY='Woodinville', LATITUDE=47.755668, LONGITUDE=-122.156759, _4='Supermarkets/Other Grocery (Exc Convenience) Strs')"
2014-08-01T19:59:23,2014-08-01T21:48:07,"Pandas(_0='SUBWAY', CITY='Kirkland', LATITUDE=47.731011, LONGITUDE=-122.173508, _4='Limited-Service Restaurants')"
2014-08-02T21:03:09,2014-08-02T21:19:27,"Pandas(_0='Gobble', CITY='Woodinville', LATITUDE=47.755764, LONGITUDE=-122.161196, _4='Full-Service Restaurants')"
2014-08-06T00:58:28,2014-08-06T01:32:32,"Pandas(_0='Haggen Food & Pharmacy', CITY='Woodinville', LATITUDE=47.755668, LONGITUDE=-122.156759, _4='Supermarkets/Other Grocery (Exc Convenience) Strs')"
2014-08-13T19:54:33,2014-08-13T20:15:45,"Pandas(_0='Costco Wholesale', CITY='Woodinville', LATITUDE=47.779395, LONGITUDE=-122.148542, _4='Warehouse Clubs & Supercenters')"
2014-08-25T20:53:29,2014-08-25T22:21:32,"Pandas(_0='Salt & Iron', CITY='Edmonds', LATITUDE=47.811162, LONGITUDE=-122.378817, _4='Full-Service Restaurants')"
2014-08-31T20:13:23,2014-08-31T20:41:47,"Pandas(_0='Soulfood', CITY='Redmond', LATITUDE=47.675292, LONGITUDE=-122.130695, _4='Full-Service Restaurants')"
2014-09-17T20:57:45,2014-09-17T21:42:10,"Pandas(_0='Safeway', CITY='Kirkland', LATITUDE=47.732456, LONGITUDE=-122.174391, _4='Supermarkets/Other Grocery (Exc Convenience) Strs')"
2014-09-17T21:54:39,2014-09-17T22:36:07,"Pandas(_0='SUBWAY', CITY='Kirkland', LATITUDE=47.731011, LONGITUDE=-122.173508, _4='Limited-Service Restaurants')"
2014-09-23T20:13:51,2014-09-23T20:55:32,"Pandas(_0='Costco Wholesale', CITY='Woodinville', LATITUDE=47.779395, LONGITUDE=-122.148542, _4='Warehouse Clubs & Supercenters')"
2014-09-26T23:47:48,2014-09-27T00:08:34,"Pandas(_0='Jin Me Rest', CITY='Lynnwood', LATITUDE=47.832885, LONGITUDE=-122.277404, _4='Full-Service Restaurants')"
2014-10-08T18:38:50,2014-10-08T19:29:57,"Pandas(_0='Panera Bread', CITY='Seattle', LATITUDE=47.615899, LONGITUDE=-122.320387, _4='Limited-Service Restaurants')"
2012-11-07T20:09:30,2012-11-07T20:43:10,"Pandas(_0='Greene Juice', CITY='Kirkland', LATITUDE=47.675467, LONGITUDE=-122.203589, _4='Full-Service Restaurants')"
2012-11-09T00:08:12,2012-11-09T00:35:43,"Pandas(_0='Ooba Tooba Mex Grill', CITY='Woodinville', LATITUDE=47.75306, LONGITUDE=-122.15212, _4='Full-Service Restaurants')"
2012-11-13T00:00:00,2012-11-13T00:26:32,"Pandas(_0='Wehoneybrew.Com Espresso Cafe', CITY='Bothell', LATITUDE=47.760051, LONGITUDE=-122.205772, _4='Full-Service Restaurants')"
2012-11-13T00:28:13,2012-11-13T00:48:40,"Pandas(_0='Tandem A Wine & Cheese Bar', CITY='Bothell', LATITUDE=47.76039, LONGITUDE=-122.204407, _4='Full-Service Restaurants')"
2012-11-13T23:36:05,2012-11-14T00:36:06,"Pandas(_0='Thai Mekong Restaurant', CITY='Graham', LATITUDE=47.07738, LONGITUDE=-122.2929, _4='Full-Service Restaurants')"
2012-11-17T00:20:47,2012-11-17T00:50:08,"Pandas(_0='Clay Oven', CITY='Woodinville', LATITUDE=47.75328, LONGITUDE=-122.15357, _4='Full-Service Restaurants')"
2012-11-18T23:14:11,2012-11-18T23:44:44,"Pandas(_0='Haggen Food & Pharmacy', CITY='Woodinville', LATITUDE=47.755668, LONGITUDE=-122.156759, _4='Supermarkets/Other Grocery (Exc Convenience) Strs')"
2012-11-24T17:48:17,2012-11-24T18:29:20,"Pandas(_0=""Papa Murphy's Take 'N' Bake"", CITY='Woodinville', LATITUDE=47.75502, LONGITUDE=-122.150545, _4='Limited-Service Restaurants')"
2012-11-25T20:24:03,2012-11-25T20:40:55,"Pandas(_0='Haggen Food & Pharmacy', CITY='Woodinville', LATITUDE=47.755668, LONGITUDE=-122.156759, _4='Supermarkets/Other Grocery (Exc Convenience) Strs')"
2012-11-30T19:52:04,2012-11-30T20:17:43,"Pandas(_0='Costco Wholesale', CITY='Woodinville', LATITUDE=47.779395, LONGITUDE=-122.148542, _4='Warehouse Clubs & Supercenters')"
2012-12-07T20:30:16,2012-12-07T21:05:58,"Pandas(_0='Haggen Food & Pharmacy', CITY='Woodinville', LATITUDE=47.755668, LONGITUDE=-122.156759, _4='Supermarkets/Other Grocery (Exc Convenience) Strs')"
2012-12-08T23:25:23,2012-12-08T23:50:05,"Pandas(_0='Haggen Food & Pharmacy', CITY='Woodinville', LATITUDE=47.755668, LONGITUDE=-122.156759, _4='Supermarkets/Other Grocery (Exc Convenience) Strs')"
2012-12-15T01:14:45,2012-12-15T01:45:04,"Pandas(_0='Haggen Food & Pharmacy', CITY='Woodinville', LATITUDE=47.755668, LONGITUDE=-122.156759, _4='Supermarkets/Other Grocery (Exc Convenience) Strs')"
2012-12-15T22:20:32,2012-12-15T22:39:30,"Pandas(_0='Safeway', CITY='Kirkland', LATITUDE=47.732456, LONGITUDE=-122.174391, _4='Supermarkets/Other Grocery (Exc Convenience) Strs')"
2012-12-17T21:52:29,2012-12-17T22:46:14,"Pandas(_0=""Teddy's Bigger Burgers"", CITY='Woodinville', LATITUDE=47.756392, LONGITUDE=-122.153345, _4='Full-Service Restaurants')"
2012-12-19T00:51:26,2012-12-19T01:35:40,"Pandas(_0='Red Robin Gourmet Burgers', CITY='Auburn', LATITUDE=47.296082, LONGITUDE=-122.242098, _4='Full-Service Restaurants')"
2012-12-23T02:02:04,2012-12-23T02:28:01,"Pandas(_0='Haggen Food & Pharmacy', CITY='Woodinville', LATITUDE=47.755668, LONGITUDE=-122.156759, _4='Supermarkets/Other Grocery (Exc Convenience) Strs')"
2012-12-28T19:39:27,2012-12-28T20:17:18,"Pandas(_0=""Papa Murphy's Take 'N' Bake"", CITY='Woodinville', LATITUDE=47.75502, LONGITUDE=-122.150545, _4='Limited-Service Restaurants')"
2012-12-28T23:16:26,2012-12-28T23:44:04,"Pandas(_0='Haggen Food & Pharmacy', CITY='Woodinville', LATITUDE=47.755668, LONGITUDE=-122.156759, _4='Supermarkets/Other Grocery (Exc Convenience) Strs')"
2013-01-12T02:34:33,2013-01-12T02:50:43,"Pandas(_0='Haggen Food & Pharmacy', CITY='Woodinville', LATITUDE=47.755668, LONGITUDE=-122.156759, _4='Supermarkets/Other Grocery (Exc Convenience) Strs')"
2013-01-13T17:16:01,2013-01-13T17:48:28,"Pandas(_0='Haggen Food & Pharmacy', CITY='Woodinville', LATITUDE=47.755668, LONGITUDE=-122.156759, _4='Supermarkets/Other Grocery (Exc Convenience) Strs')"
2013-01-19T23:45:21,2013-01-20T00:05:00,"Pandas(_0='Plaza Santa Fe', CITY='Woodinville', LATITUDE=47.753525, LONGITUDE=-122.153418, _4='Full-Service Restaurants')"
2013-01-21T01:39:42,2013-01-21T01:58:35,"Pandas(_0='Haggen Food & Pharmacy', CITY='Woodinville', LATITUDE=47.755668, LONGITUDE=-122.156759, _4='Supermarkets/Other Grocery (Exc Convenience) Strs')"
2013-01-22T22:57:28,2013-01-22T23:15:35,"Pandas(_0='Safeway', CITY='Kirkland', LATITUDE=47.732456, LONGITUDE=-122.174391, _4='Supermarkets/Other Grocery (Exc Convenience) Strs')"
2013-01-23T19:39:24,2013-01-23T19:59:49,"Pandas(_0='Haggen Food & Pharmacy', CITY='Woodinville', LATITUDE=47.755668, LONGITUDE=-122.156759, _4='Supermarkets/Other Grocery (Exc Convenience) Strs')"
2013-01-27T21:27:49,2013-01-27T21:46:47,"Pandas(_0='Costco Wholesale', CITY='Woodinville', LATITUDE=47.779395, LONGITUDE=-122.148542, _4='Warehouse Clubs & Supercenters')"
2013-01-27T21:48:48,2013-01-27T22:17:09,"Pandas(_0='Costco Wholesale', CITY='Woodinville', LATITUDE=47.779395, LONGITUDE=-122.148542, _4='Warehouse Clubs & Supercenters')"
2013-02-01T23:24:22,2013-02-01T23:53:49,"Pandas(_0='Haggen Food & Pharmacy', CITY='Woodinville', LATITUDE=47.755668, LONGITUDE=-122.156759, _4='Supermarkets/Other Grocery (Exc Convenience) Strs')"
2013-02-08T01:21:20,2013-02-08T01:47:22,"Pandas(_0='Haggen Food & Pharmacy', CITY='Woodinville', LATITUDE=47.755668, LONGITUDE=-122.156759, _4='Supermarkets/Other Grocery (Exc Convenience) Strs')"
2013-02-10T22:41:27,2013-02-10T22:58:05,"Pandas(_0='Costco Wholesale', CITY='Woodinville', LATITUDE=47.779395, LONGITUDE=-122.148542, _4='Warehouse Clubs & Supercenters')"
2013-02-10T23:00:00,2013-02-10T23:16:16,"Pandas(_0='Costco Wholesale', CITY='Woodinville', LATITUDE=47.779395, LONGITUDE=-122.148542, _4='Warehouse Clubs & Supercenters')"
2013-02-16T23:35:01,2013-02-16T23:53:08,"Pandas(_0='Haggen Food & Pharmacy', CITY='Woodinville', LATITUDE=47.755668, LONGITUDE=-122.156759, _4='Supermarkets/Other Grocery (Exc Convenience) Strs')"
2013-02-18T19:45:26,2013-02-18T21:18:58,"Pandas(_0=""Anthony's Homeport Edmonds"", CITY='Edmonds', LATITUDE=47.80798, LONGITUDE=-122.39098, _4='Full-Service Restaurants')"
2013-02-20T16:43:41,2013-02-20T17:21:30,"Pandas(_0=""Papa Murphy's Take 'N' Bake"", CITY='Woodinville', LATITUDE=47.75502, LONGITUDE=-122.150545, _4='Limited-Service Restaurants')"
2013-02-21T18:56:32,2013-02-21T19:20:56,"Pandas(_0='Haggen Food & Pharmacy', CITY='Woodinville', LATITUDE=47.755668, LONGITUDE=-122.156759, _4='Supermarkets/Other Grocery (Exc Convenience) Strs')"
2013-02-24T19:39:19,2013-02-24T20:02:25,"Pandas(_0='Costco Wholesale', CITY='Woodinville', LATITUDE=47.779395, LONGITUDE=-122.148542, _4='Warehouse Clubs & Supercenters')"
2013-03-01T22:31:58,2013-03-01T23:14:12,"Pandas(_0=""Garlic Jim's Famous Grmt Pizza"", CITY='Bothell', LATITUDE=47.761343, LONGITUDE=-122.176131, _4='Full-Service Restaurants')"
2013-03-03T00:25:27,2013-03-03T00:41:50,"Pandas(_0='Haggen Food & Pharmacy', CITY='Woodinville', LATITUDE=47.755668, LONGITUDE=-122.156759, _4='Supermarkets/Other Grocery (Exc Convenience) Strs')"
2013-03-09T01:16:15,2013-03-09T01:38:29,"Pandas(_0='Haggen Food & Pharmacy', CITY='Woodinville', LATITUDE=47.755668, LONGITUDE=-122.156759, _4='Supermarkets/Other Grocery (Exc Convenience) Strs')"
2013-03-10T22:39:40,2013-03-10T23:08:50,"Pandas(_0=""Papa Murphy's Take 'N' Bake"", CITY='Woodinville', LATITUDE=47.75502, LONGITUDE=-122.150545, _4='Limited-Service Restaurants')"
2013-03-12T22:37:55,2013-03-12T22:58:23,"Pandas(_0='Haggen Food & Pharmacy', CITY='Woodinville', LATITUDE=47.755668, LONGITUDE=-122.156759, _4='Supermarkets/Other Grocery (Exc Convenience) Strs')"
2013-03-14T23:45:32,2013-03-15T00:03:29,"Pandas(_0='Haggen Food & Pharmacy', CITY='Woodinville', LATITUDE=47.755668, LONGITUDE=-122.156759, _4='Supermarkets/Other Grocery (Exc Convenience) Strs')"
2013-03-17T18:40:39,2013-03-17T19:02:55,"Pandas(_0='Zeeks Pizza', CITY='Kirkland', LATITUDE=47.67627, LONGITUDE=-122.20608, _4='Full-Service Restaurants')"
2013-03-17T19:35:54,2013-03-17T19:59:16,"Pandas(_0='Thai Ginger-Madison Park', CITY='Seattle', LATITUDE=47.63582, LONGITUDE=-122.27866, _4='Full-Service Restaurants')"
2013-03-17T20:01:06,2013-03-17T21:15:43,"Pandas(_0='Cactus Restaurants Inc', CITY='Seattle', LATITUDE=47.63614, LONGITUDE=-122.27782, _4='Full-Service Restaurants')"
2013-03-18T00:39:22,2013-03-18T03:01:21,"Pandas(_0='Bear & The Bee', CITY='Seattle', LATITUDE=47.613441, LONGITUDE=-122.344782, _4='Full-Service Restaurants')"
2013-03-23T15:35:10,2013-03-23T15:57:25,"Pandas(_0='Whole Foods Market', CITY='Bellevue', LATITUDE=47.618372, LONGITUDE=-122.184971, _4='Supermarkets/Other Grocery (Exc Convenience) Strs')"
2013-03-25T18:47:17,2013-03-25T19:28:24,"Pandas(_0=""50's Burger Bar"", CITY='Edmonds', LATITUDE=47.81063, LONGITUDE=-122.37793, _4='Full-Service Restaurants')"
2013-03-25T19:30:36,2013-03-25T20:44:04,"Pandas(_0='Salt & Iron', CITY='Edmonds', LATITUDE=47.811162, LONGITUDE=-122.378817, _4='Full-Service Restaurants')"
2013-03-30T02:26:53,2013-03-30T03:01:52,"Pandas(_0='Ooba Tooba Mex Grill', CITY='Woodinville', LATITUDE=47.75306, LONGITUDE=-122.15212, _4='Full-Service Restaurants')"
2013-03-31T20:30:17,2013-03-31T21:28:49,"Pandas(_0='Whole Foods Market', CITY='Bellevue', LATITUDE=47.618372, LONGITUDE=-122.184971, _4='Supermarkets/Other Grocery (Exc Convenience) Strs')"
2013-04-01T20:52:21,2013-04-01T21:36:23,"Pandas(_0='Chanterelle Restaurant', CITY='Edmonds', LATITUDE=47.810955, LONGITUDE=-122.379108, _4='Full-Service Restaurants')"
2013-04-08T00:56:53,2013-04-08T01:21:12,"Pandas(_0='Haggen Food & Pharmacy', CITY='Woodinville', LATITUDE=47.755668, LONGITUDE=-122.156759, _4='Supermarkets/Other Grocery (Exc Convenience) Strs')"
2013-04-10T18:02:40,2013-04-10T18:32:33,"Pandas(_0='Iyara Thai Cuisine', CITY='Redmond', LATITUDE=47.67256, LONGITUDE=-122.12104, _4='Full-Service Restaurants')"
2013-04-13T01:33:05,2013-04-13T01:49:55,"Pandas(_0='Haggen Food & Pharmacy', CITY='Woodinville', LATITUDE=47.755668, LONGITUDE=-122.156759, _4='Supermarkets/Other Grocery (Exc Convenience) Strs')"
2013-04-16T18:51:39,2013-04-16T19:51:56,"Pandas(_0=""Ruth's Chris Steak House"", CITY='Bellevue', LATITUDE=47.61535, LONGITUDE=-122.201821, _4='Full-Service Restaurants')"
2013-04-28T19:27:19,2013-04-28T19:53:25,"Pandas(_0='Haggen Food & Pharmacy', CITY='Woodinville', LATITUDE=47.755668, LONGITUDE=-122.156759, _4='Supermarkets/Other Grocery (Exc Convenience) Strs')"
2013-05-01T19:31:28,2013-05-01T20:59:56,"Pandas(_0='Red Robin Gourmet Burgers', CITY='Spokane', LATITUDE=47.658825, LONGITUDE=-117.423306, _4='Full-Service Restaurants')"
2013-05-01T21:04:50,2013-05-01T22:03:06,"Pandas(_0='Safari Room Fresh Grill & Bar', CITY='Spokane', LATITUDE=47.656255, LONGITUDE=-117.422986, _4='Full-Service Restaurants')"
2013-05-05T18:15:53,2013-05-05T18:50:03,"Pandas(_0='Haggen Food & Pharmacy', CITY='Woodinville', LATITUDE=47.755668, LONGITUDE=-122.156759, _4='Supermarkets/Other Grocery (Exc Convenience) Strs')"
2013-05-06T19:01:36,2013-05-06T19:35:27,"Pandas(_0=""Mc Donald's"", CITY='Everett', LATITUDE=47.963783, LONGITUDE=-122.208584, _4='Limited-Service Restaurants')"
2013-05-09T05:12:54,2013-05-09T05:39:22,"Pandas(_0='Haggen Food & Pharmacy', CITY='Woodinville', LATITUDE=47.755668, LONGITUDE=-122.156759, _4='Supermarkets/Other Grocery (Exc Convenience) Strs')"
2013-05-11T20:18:14,2013-05-11T21:11:21,"Pandas(_0='Slip', CITY='Kirkland', LATITUDE=47.67542, LONGITUDE=-122.2072, _4='Full-Service Restaurants')"
2013-05-13T02:29:43,2013-05-13T02:57:13,"Pandas(_0=""Teddy's Bigger Burgers"", CITY='Woodinville', LATITUDE=47.756392, LONGITUDE=-122.153345, _4='Full-Service Restaurants')"
2013-05-16T22:28:50,2013-05-16T23:12:08,"Pandas(_0='Haggen Food & Pharmacy', CITY='Woodinville', LATITUDE=47.755668, LONGITUDE=-122.156759, _4='Supermarkets/Other Grocery (Exc Convenience) Strs')"
2013-05-18T00:26:15,2013-05-18T01:14:12,"Pandas(_0='Big Fish Grill-Woodinville', CITY='Woodinville', LATITUDE=47.754802, LONGITUDE=-122.156336, _4='Full-Service Restaurants')"
2013-05-19T23:24:55,2013-05-19T23:40:58,"Pandas(_0='Costco Wholesale', CITY='Woodinville', LATITUDE=47.779395, LONGITUDE=-122.148542, _4='Warehouse Clubs & Supercenters')"
2013-05-23T18:32:32,2013-05-23T19:07:12,"Pandas(_0='Safeway', CITY='Kirkland', LATITUDE=47.732456, LONGITUDE=-122.174391, _4='Supermarkets/Other Grocery (Exc Convenience) Strs')"
2013-05-25T03:45:52,2013-05-25T04:16:03,"Pandas(_0='Haggen Food & Pharmacy', CITY='Woodinville', LATITUDE=47.755668, LONGITUDE=-122.156759, _4='Supermarkets/Other Grocery (Exc Convenience) Strs')"
2013-05-26T22:12:36,2013-05-26T22:36:51,"Pandas(_0='Haggen Food & Pharmacy', CITY='Woodinville', LATITUDE=47.755668, LONGITUDE=-122.156759, _4='Supermarkets/Other Grocery (Exc Convenience) Strs')"
2013-05-29T03:23:10,2013-05-29T03:41:49,"Pandas(_0='Haggen Food & Pharmacy', CITY='Woodinville', LATITUDE=47.755668, LONGITUDE=-122.156759, _4='Supermarkets/Other Grocery (Exc Convenience) Strs')"
2013-05-29T23:11:23,2013-05-29T23:46:58,"Pandas(_0='Ooba Tooba Mex Grill', CITY='Woodinville', LATITUDE=47.75306, LONGITUDE=-122.15212, _4='Full-Service Restaurants')"
2013-05-31T19:29:22,2013-05-31T19:47:54,"Pandas(_0='Safeway', CITY='Monroe', LATITUDE=47.859853, LONGITUDE=-121.967143, _4='Supermarkets/Other Grocery (Exc Convenience) Strs')"
2013-05-31T20:36:26,2013-05-31T21:13:33,"Pandas(_0=""Papa Murphy's Take 'N' Bake"", CITY='Woodinville', LATITUDE=47.75502, LONGITUDE=-122.150545, _4='Limited-Service Restaurants')"
2013-05-31T21:19:36,2013-05-31T22:09:33,"Pandas(_0=""Rooney's"", CITY='Woodinville', LATITUDE=47.75588, LONGITUDE=-122.15176, _4='Full-Service Restaurants')"
2013-06-03T18:22:48,2013-06-03T18:40:56,"Pandas(_0='Safeway', CITY='Kirkland', LATITUDE=47.732456, LONGITUDE=-122.174391, _4='Supermarkets/Other Grocery (Exc Convenience) Strs')"
2013-06-09T20:58:59,2013-06-09T21:30:22,"Pandas(_0='Haggen Food & Pharmacy', CITY='Woodinville', LATITUDE=47.755668, LONGITUDE=-122.156759, _4='Supermarkets/Other Grocery (Exc Convenience) Strs')"
2013-06-13T17:46:38,2013-06-13T18:07:02,"Pandas(_0='Haggen Food & Pharmacy', CITY='Woodinville', LATITUDE=47.755668, LONGITUDE=-122.156759, _4='Supermarkets/Other Grocery (Exc Convenience) Strs')"
2013-06-17T17:36:51,2013-06-17T17:55:58,"Pandas(_0='Safeway', CITY='Kirkland', LATITUDE=47.732456, LONGITUDE=-122.174391, _4='Supermarkets/Other Grocery (Exc Convenience) Strs')"
2013-06-21T16:52:38,2013-06-21T18:21:47,"Pandas(_0=""Bob's Burgers & Brew"", CITY='Sumas', LATITUDE=47.60239, LONGITUDE=-122.331082, _4='Full-Service Restaurants')"
2013-06-23T22:03:29,2013-06-23T22:43:39,"Pandas(_0='Haggen Food & Pharmacy', CITY='Woodinville', LATITUDE=47.755668, LONGITUDE=-122.156759, _4='Supermarkets/Other Grocery (Exc Convenience) Strs')"
2013-07-03T19:28:03,2013-07-03T19:54:35,"Pandas(_0='Haggen Food & Pharmacy', CITY='Woodinville', LATITUDE=47.755668, LONGITUDE=-122.156759, _4='Supermarkets/Other Grocery (Exc Convenience) Strs')"
2013-07-05T19:54:21,2013-07-05T20:40:50,"Pandas(_0='Big Fish Grill-Woodinville', CITY='Woodinville', LATITUDE=47.754802, LONGITUDE=-122.156336, _4='Full-Service Restaurants')"
2013-07-06T19:54:17,2013-07-06T20:12:52,"Pandas(_0='Haggen Food & Pharmacy', CITY='Woodinville', LATITUDE=47.755668, LONGITUDE=-122.156759, _4='Supermarkets/Other Grocery (Exc Convenience) Strs')"
2013-07-10T19:47:28,2013-07-10T20:34:39,"Pandas(_0='Satay', CITY='Seattle', LATITUDE=47.689643, LONGITUDE=-122.355655, _4='Full-Service Restaurants')"
2013-07-13T17:07:29,2013-07-13T17:26:45,"Pandas(_0='Soulfood', CITY='Redmond', LATITUDE=47.675292, LONGITUDE=-122.130695, _4='Full-Service Restaurants')"
2013-07-15T23:15:26,2013-07-15T23:43:02,"Pandas(_0=""Ezell's Famous Chicken"", CITY='Woodinville', LATITUDE=47.75348, LONGITUDE=-122.1538, _4='Full-Service Restaurants')"
2013-07-16T18:18:54,2013-07-16T19:22:26,"Pandas(_0='Little Park Restaurant', CITY='Spanaway', LATITUDE=47.101078, LONGITUDE=-122.435348, _4='Full-Service Restaurants')"
2013-07-17T23:05:40,2013-07-17T23:32:04,"Pandas(_0='Costco Wholesale', CITY='Woodinville', LATITUDE=47.779395, LONGITUDE=-122.148542, _4='Warehouse Clubs & Supercenters')"
2013-07-17T23:38:21,2013-07-18T00:03:25,"Pandas(_0='Costco Wholesale', CITY='Woodinville', LATITUDE=47.779395, LONGITUDE=-122.148542, _4='Warehouse Clubs & Supercenters')"
2013-07-19T20:24:27,2013-07-19T20:52:41,"Pandas(_0='Haggen Food & Pharmacy', CITY='Woodinville', LATITUDE=47.755668, LONGITUDE=-122.156759, _4='Supermarkets/Other Grocery (Exc Convenience) Strs')"
2013-07-20T21:06:56,2013-07-20T21:43:45,"Pandas(_0='Haggen Food & Pharmacy', CITY='Woodinville', LATITUDE=47.755668, LONGITUDE=-122.156759, _4='Supermarkets/Other Grocery (Exc Convenience) Strs')"
2013-07-20T22:17:35,2013-07-20T22:47:50,"Pandas(_0='Saagar Groceries', CITY='Kirkland', LATITUDE=47.712472, LONGITUDE=-122.186569, _4='Supermarkets/Other Grocery (Exc Convenience) Strs')"
2013-07-21T19:09:01,2013-07-21T19:33:36,"Pandas(_0='Haggen Food & Pharmacy', CITY='Woodinville', LATITUDE=47.755668, LONGITUDE=-122.156759, _4='Supermarkets/Other Grocery (Exc Convenience) Strs')"
2013-07-23T18:37:34,2013-07-23T19:00:16,"Pandas(_0='Haggen Food & Pharmacy', CITY='Woodinville', LATITUDE=47.755668, LONGITUDE=-122.156759, _4='Supermarkets/Other Grocery (Exc Convenience) Strs')"
2013-07-24T21:39:10,2013-07-24T22:19:28,"Pandas(_0='Haggen Food & Pharmacy', CITY='Woodinville', LATITUDE=47.755668, LONGITUDE=-122.156759, _4='Supermarkets/Other Grocery (Exc Convenience) Strs')"
2013-07-25T20:04:36,2013-07-25T21:53:41,"Pandas(_0='Qdoba Mexican Eats', CITY='Redmond', LATITUDE=47.632013, LONGITUDE=-122.138296, _4='Limited-Service Restaurants')"
2013-07-31T21:44:54,2013-07-31T22:23:08,"Pandas(_0='Haggen Food & Pharmacy', CITY='Woodinville', LATITUDE=47.755668, LONGITUDE=-122.156759, _4='Supermarkets/Other Grocery (Exc Convenience) Strs')"
2013-08-03T23:13:22,2013-08-03T23:44:30,"Pandas(_0='Haggen Food & Pharmacy', CITY='Woodinville', LATITUDE=47.755668, LONGITUDE=-122.156759, _4='Supermarkets/Other Grocery (Exc Convenience) Strs')"
2013-08-09T19:01:15,2013-08-09T20:04:17,"Pandas(_0='Soulfood', CITY='Redmond', LATITUDE=47.675292, LONGITUDE=-122.130695, _4='Full-Service Restaurants')"
2013-08-09T21:49:22,2013-08-09T22:20:47,"Pandas(_0='Costco Wholesale', CITY='Woodinville', LATITUDE=47.779395, LONGITUDE=-122.148542, _4='Warehouse Clubs & Supercenters')"
2013-08-09T22:53:22,2013-08-09T23:12:00,"Pandas(_0='Haggen Food & Pharmacy', CITY='Woodinville', LATITUDE=47.755668, LONGITUDE=-122.156759, _4='Supermarkets/Other Grocery (Exc Convenience) Strs')"
2013-08-10T19:22:41,2013-08-10T19:47:03,"Pandas(_0='Safeway', CITY='Kirkland', LATITUDE=47.732456, LONGITUDE=-122.174391, _4='Supermarkets/Other Grocery (Exc Convenience) Strs')"
2013-08-12T00:35:16,2013-08-12T01:09:33,"Pandas(_0=""Papa Murphy's Take 'N' Bake"", CITY='Woodinville', LATITUDE=47.75502, LONGITUDE=-122.150545, _4='Limited-Service Restaurants')"
2013-08-15T04:07:45,2013-08-15T06:15:34,"Pandas(_0='Match Coffee & Wine', CITY='Duvall', LATITUDE=47.741781, LONGITUDE=-121.986291, _4='Full-Service Restaurants')"
2013-08-18T22:14:42,2013-08-18T23:08:02,"Pandas(_0='Bthree WA Burgers & Breakfast', CITY='Lynnwood', LATITUDE=47.8212, LONGITUDE=-122.28811, _4='Full-Service Restaurants')"
2013-08-20T20:57:23,2013-08-20T21:38:06,"Pandas(_0='Haggen Food & Pharmacy', CITY='Woodinville', LATITUDE=47.755668, LONGITUDE=-122.156759, _4='Supermarkets/Other Grocery (Exc Convenience) Strs')"
2013-08-23T19:43:08,2013-08-23T20:10:35,"Pandas(_0='Gobble', CITY='Woodinville', LATITUDE=47.755764, LONGITUDE=-122.161196, _4='Full-Service Restaurants')"
2013-08-23T21:52:14,2013-08-23T22:22:29,"Pandas(_0='Safeway', CITY='Kirkland', LATITUDE=47.732456, LONGITUDE=-122.174391, _4='Supermarkets/Other Grocery (Exc Convenience) Strs')"
2013-08-24T20:08:30,2013-08-24T20:30:02,"Pandas(_0='Haggen Food & Pharmacy', CITY='Woodinville', LATITUDE=47.755668, LONGITUDE=-122.156759, _4='Supermarkets/Other Grocery (Exc Convenience) Strs')"
2013-08-24T21:00:15,2013-08-24T21:18:40,"Pandas(_0='Costco Wholesale', CITY='Woodinville', LATITUDE=47.779395, LONGITUDE=-122.148542, _4='Warehouse Clubs & Supercenters')"
2013-08-24T21:20:41,2013-08-24T21:45:01,"Pandas(_0='Costco Wholesale', CITY='Woodinville', LATITUDE=47.779395, LONGITUDE=-122.148542, _4='Warehouse Clubs & Supercenters')"
2013-09-05T20:20:05,2013-09-05T21:26:07,"Pandas(_0='Village Eatery Tea Co', CITY='Bothell', LATITUDE=47.78207, LONGITUDE=-122.222802, _4='Full-Service Restaurants')"
2013-09-09T21:46:17,2013-09-09T23:28:06,"Pandas(_0='Red Lobster', CITY='Lynnwood', LATITUDE=47.821467, LONGITUDE=-122.291018, _4='Full-Service Restaurants')"
2013-09-13T21:20:38,2013-09-13T22:35:47,"Pandas(_0=""Girardi's Osteria"", CITY='Edmonds', LATITUDE=47.807115, LONGITUDE=-122.377952, _4='Full-Service Restaurants')"
2013-09-14T23:55:33,2013-09-15T00:57:18,"Pandas(_0=""Teddy's Bigger Burgers"", CITY='Woodinville', LATITUDE=47.756392, LONGITUDE=-122.153345, _4='Full-Service Restaurants')"
2013-09-22T22:13:09,2013-09-22T22:35:21,"Pandas(_0='Safeway', CITY='Kirkland', LATITUDE=47.732456, LONGITUDE=-122.174391, _4='Supermarkets/Other Grocery (Exc Convenience) Strs')"
2013-09-24T20:51:15,2013-09-24T21:12:29,"Pandas(_0='Haggen Food & Pharmacy', CITY='Woodinville', LATITUDE=47.755668, LONGITUDE=-122.156759, _4='Supermarkets/Other Grocery (Exc Convenience) Strs')"
2013-10-04T21:49:00,2013-10-04T22:22:46,"Pandas(_0='I Love Teriyaki', CITY='Bellevue', LATITUDE=47.630657, LONGITUDE=-122.155041, _4='Full-Service Restaurants')"
2013-10-04T22:25:13,2013-10-04T23:11:42,"Pandas(_0=""Denny's"", CITY='Bellevue', LATITUDE=47.630445, LONGITUDE=-122.14347, _4='Full-Service Restaurants')"
2013-10-05T20:45:21,2013-10-05T22:04:52,"Pandas(_0='Luna Park Cafe', CITY='Seattle', LATITUDE=47.570571, LONGITUDE=-122.370766, _4='Full-Service Restaurants')"
2013-10-09T22:51:34,2013-10-09T23:22:02,"Pandas(_0=""P F Chang's China Bistro"", CITY='Seattle', LATITUDE=47.611281, LONGITUDE=-122.337644, _4='Full-Service Restaurants')"
2013-10-11T22:04:59,2013-10-11T22:33:05,"Pandas(_0='Big Fish Grill-Woodinville', CITY='Woodinville', LATITUDE=47.754802, LONGITUDE=-122.156336, _4='Full-Service Restaurants')"
2013-10-18T00:08:29,2013-10-18T00:26:45,"Pandas(_0='Haggen Food & Pharmacy', CITY='Woodinville', LATITUDE=47.755668, LONGITUDE=-122.156759, _4='Supermarkets/Other Grocery (Exc Convenience) Strs')"
2013-10-24T00:51:25,2013-10-24T01:27:14,"Pandas(_0='Clay Oven', CITY='Woodinville', LATITUDE=47.75328, LONGITUDE=-122.15357, _4='Full-Service Restaurants')"
2013-10-24T18:49:35,2013-10-24T19:18:08,"Pandas(_0='Haggen Food & Pharmacy', CITY='Woodinville', LATITUDE=47.755668, LONGITUDE=-122.156759, _4='Supermarkets/Other Grocery (Exc Convenience) Strs')"
2013-10-29T01:34:49,2013-10-29T01:51:05,"Pandas(_0='Haggen Food & Pharmacy', CITY='Woodinville', LATITUDE=47.755668, LONGITUDE=-122.156759, _4='Supermarkets/Other Grocery (Exc Convenience) Strs')"
2013-10-29T21:17:17,2013-10-29T21:53:10,"Pandas(_0='Gobble', CITY='Woodinville', LATITUDE=47.755764, LONGITUDE=-122.161196, _4='Full-Service Restaurants')"
2013-10-30T03:38:54,2013-10-30T05:46:37,"Pandas(_0='Venice Pizza', CITY='Edmonds', LATITUDE=47.77894, LONGITUDE=-122.36219, _4='Full-Service Restaurants')"
2013-11-07T23:28:12,2013-11-07T23:48:37,"Pandas(_0='Safeway', CITY='Kirkland', LATITUDE=47.723476, LONGITUDE=-122.206339, _4='Supermarkets/Other Grocery (Exc Convenience) Strs')"
2013-11-19T19:58:30,2013-11-19T22:04:22,"Pandas(_0=""Anthony's Homeport Edmonds"", CITY='Edmonds', LATITUDE=47.80798, LONGITUDE=-122.39098, _4='Full-Service Restaurants')"
2013-11-22T22:24:53,2013-11-22T23:09:34,"Pandas(_0=""Shari's Restaurant"", CITY='Lynnwood', LATITUDE=47.822216, LONGITUDE=-122.314802, _4='Full-Service Restaurants')"
2013-11-23T21:02:01,2013-11-23T21:40:29,"Pandas(_0='Feed Co Burgers', CITY='Redmond', LATITUDE=47.674642, LONGITUDE=-122.122205, _4='Full-Service Restaurants')"
2013-12-05T21:35:25,2013-12-05T22:01:41,"Pandas(_0='Haggen Food & Pharmacy', CITY='Woodinville', LATITUDE=47.755668, LONGITUDE=-122.156759, _4='Supermarkets/Other Grocery (Exc Convenience) Strs')"
2013-12-10T19:38:16,2013-12-10T20:29:38,"Pandas(_0='Bthree WA Burgers & Breakfast', CITY='Lynnwood', LATITUDE=47.8212, LONGITUDE=-122.28811, _4='Full-Service Restaurants')"
2013-12-23T00:39:33,2013-12-23T00:54:44,"Pandas(_0='Costco Wholesale', CITY='Woodinville', LATITUDE=47.779395, LONGITUDE=-122.148542, _4='Warehouse Clubs & Supercenters')"
2013-12-23T19:42:26,2013-12-23T20:59:04,"Pandas(_0='Las Espuelas Family Mexican', CITY='Mountlake Ter', LATITUDE=47.791553, LONGITUDE=-122.291146, _4='Full-Service Restaurants')"
2013-12-24T19:04:15,2013-12-24T19:58:05,"Pandas(_0='Costco Wholesale', CITY='Woodinville', LATITUDE=47.779395, LONGITUDE=-122.148542, _4='Warehouse Clubs & Supercenters')"
2013-12-26T01:46:39,2013-12-26T03:36:34,"Pandas(_0='Pen Thai Restaurant', CITY='Bothell', LATITUDE=47.759852, LONGITUDE=-122.205036, _4='Full-Service Restaurants')"
2013-12-30T20:54:37,2013-12-30T21:20:47,"Pandas(_0='Haggen Food & Pharmacy', CITY='Woodinville', LATITUDE=47.755668, LONGITUDE=-122.156759, _4='Supermarkets/Other Grocery (Exc Convenience) Strs')"
2014-01-06T00:37:54,2014-01-06T00:55:42,"Pandas(_0='Haggen Food & Pharmacy', CITY='Woodinville', LATITUDE=47.755668, LONGITUDE=-122.156759, _4='Supermarkets/Other Grocery (Exc Convenience) Strs')"
2014-01-06T19:32:37,2014-01-06T20:24:30,"Pandas(_0=""Papa Murphy's Take 'N' Bake"", CITY='Woodinville', LATITUDE=47.75502, LONGITUDE=-122.150545, _4='Limited-Service Restaurants')"
2016-06-04T01:48:04,2016-06-04T03:21:04,"Pandas(_0='Ooba Tooba Mex Grill', CITY='Woodinville', LATITUDE=47.75306, LONGITUDE=-122.15212, _4='Full-Service Restaurants')"
2016-06-06T22:17:38,2016-06-06T22:43:53,"Pandas(_0='Haggen Food & Pharmacy', CITY='Woodinville', LATITUDE=47.755668, LONGITUDE=-122.156759, _4='Supermarkets/Other Grocery (Exc Convenience) Strs')"
2016-06-06T22:57:04,2016-06-06T23:44:03,"Pandas(_0=""Chan's Place Woodinville"", CITY='Woodinville', LATITUDE=47.75394, LONGITUDE=-122.14882, _4='Full-Service Restaurants')"
2016-06-08T19:54:42,2016-06-08T20:10:54,"Pandas(_0='New Orleans Creole Restaurant', CITY='Seattle', LATITUDE=47.601138, LONGITUDE=-122.333785, _4='Full-Service Restaurants')"
2016-06-19T18:54:31,2016-06-19T19:13:39,"Pandas(_0='Costco Wholesale', CITY='Woodinville', LATITUDE=47.779395, LONGITUDE=-122.148542, _4='Warehouse Clubs & Supercenters')"
2016-06-23T21:19:43,2016-06-23T21:48:24,"Pandas(_0='Haggen Food & Pharmacy', CITY='Woodinville', LATITUDE=47.755668, LONGITUDE=-122.156759, _4='Supermarkets/Other Grocery (Exc Convenience) Strs')"
2016-06-25T20:31:37,2016-06-25T22:12:08,"Pandas(_0='Ooba Tooba Mex Grill', CITY='Woodinville', LATITUDE=47.75306, LONGITUDE=-122.15212, _4='Full-Service Restaurants')"
2016-06-27T21:32:45,2016-06-27T21:51:23,"Pandas(_0='Costco Wholesale', CITY='Woodinville', LATITUDE=47.779395, LONGITUDE=-122.148542, _4='Warehouse Clubs & Supercenters')"
2016-06-30T20:22:05,2016-06-30T20:38:22,"Pandas(_0='Safeway', CITY='Kirkland', LATITUDE=47.732456, LONGITUDE=-122.174391, _4='Supermarkets/Other Grocery (Exc Convenience) Strs')"
2016-07-02T20:29:12,2016-07-02T20:57:10,"Pandas(_0='Soulfood', CITY='Redmond', LATITUDE=47.675292, LONGITUDE=-122.130695, _4='Full-Service Restaurants')"
2016-07-06T20:55:59,2016-07-06T21:45:19,"Pandas(_0='SUBWAY', CITY='Kirkland', LATITUDE=47.731011, LONGITUDE=-122.173508, _4='Limited-Service Restaurants')"
2016-07-12T21:42:28,2016-07-12T22:04:44,"Pandas(_0='Haggen Food & Pharmacy', CITY='Woodinville', LATITUDE=47.755668, LONGITUDE=-122.156759, _4='Supermarkets/Other Grocery (Exc Convenience) Strs')"
2016-07-12T23:21:20,2016-07-13T00:14:31,"Pandas(_0='Ooba Tooba Mex Grill', CITY='Woodinville', LATITUDE=47.75306, LONGITUDE=-122.15212, _4='Full-Service Restaurants')"
2016-07-17T21:00:52,2016-07-17T22:06:27,"Pandas(_0='Trails End Tap House & Rstrnt', CITY='Snohomish', LATITUDE=47.917965, LONGITUDE=-122.087895, _4='Full-Service Restaurants')"
2016-07-18T20:42:18,2016-07-18T21:08:51,"Pandas(_0='Haggen Food & Pharmacy', CITY='Woodinville', LATITUDE=47.755668, LONGITUDE=-122.156759, _4='Supermarkets/Other Grocery (Exc Convenience) Strs')"
2016-07-22T20:37:19,2016-07-22T20:58:47,"Pandas(_0=""Teddy's Bigger Burgers"", CITY='Woodinville', LATITUDE=47.756392, LONGITUDE=-122.153345, _4='Full-Service Restaurants')"
2016-07-26T22:19:05,2016-07-26T22:45:54,"Pandas(_0='Haggen Food & Pharmacy', CITY='Woodinville', LATITUDE=47.755668, LONGITUDE=-122.156759, _4='Supermarkets/Other Grocery (Exc Convenience) Strs')"
2016-08-08T00:17:27,2016-08-08T00:48:06,"Pandas(_0='Haggen Food & Pharmacy', CITY='Woodinville', LATITUDE=47.755668, LONGITUDE=-122.156759, _4='Supermarkets/Other Grocery (Exc Convenience) Strs')"
2016-08-08T23:42:17,2016-08-09T00:06:45,"Pandas(_0='Haggen Food & Pharmacy', CITY='Woodinville', LATITUDE=47.755668, LONGITUDE=-122.156759, _4='Supermarkets/Other Grocery (Exc Convenience) Strs')"
2016-08-09T23:58:07,2016-08-10T01:07:22,"Pandas(_0='SUBWAY', CITY='Kirkland', LATITUDE=47.731011, LONGITUDE=-122.173508, _4='Limited-Service Restaurants')"
2016-08-10T02:29:50,2016-08-10T03:00:18,"Pandas(_0='SUBWAY', CITY='Kirkland', LATITUDE=47.731011, LONGITUDE=-122.173508, _4='Limited-Service Restaurants')"
2016-08-14T20:39:09,2016-08-14T21:28:18,"Pandas(_0='SUBWAY', CITY='Kirkland', LATITUDE=47.731011, LONGITUDE=-122.173508, _4='Limited-Service Restaurants')"
2016-08-19T19:11:14,2016-08-19T19:35:33,"Pandas(_0='Haggen Food & Pharmacy', CITY='Woodinville', LATITUDE=47.755668, LONGITUDE=-122.156759, _4='Supermarkets/Other Grocery (Exc Convenience) Strs')"
2016-08-21T20:26:22,2016-08-21T21:34:43,"Pandas(_0=""Teddy's Bigger Burgers"", CITY='Woodinville', LATITUDE=47.756392, LONGITUDE=-122.153345, _4='Full-Service Restaurants')"
2016-08-22T20:07:05,2016-08-22T20:26:05,"Pandas(_0='Haggen Food & Pharmacy', CITY='Woodinville', LATITUDE=47.755668, LONGITUDE=-122.156759, _4='Supermarkets/Other Grocery (Exc Convenience) Strs')"
2016-08-23T19:09:08,2016-08-23T19:25:21,"Pandas(_0='SUBWAY', CITY='Kirkland', LATITUDE=47.731011, LONGITUDE=-122.173508, _4='Limited-Service Restaurants')"
2016-08-25T21:15:15,2016-08-25T22:05:22,"Pandas(_0='SUBWAY', CITY='Kirkland', LATITUDE=47.731011, LONGITUDE=-122.173508, _4='Limited-Service Restaurants')"
2016-09-01T03:03:40,2016-09-01T04:38:54,"Pandas(_0='Shaker & Spear-Belltown', CITY='Seattle', LATITUDE=47.611762, LONGITUDE=-122.34174, _4='Full-Service Restaurants')"
2016-09-06T00:09:05,2016-09-06T00:53:34,"Pandas(_0='SUBWAY', CITY='Kirkland', LATITUDE=47.731011, LONGITUDE=-122.173508, _4='Limited-Service Restaurants')"
2016-09-07T22:13:45,2016-09-07T22:30:03,"Pandas(_0=""Wendy's"", CITY='Woodinville', LATITUDE=47.754788, LONGITUDE=-122.1584, _4='Limited-Service Restaurants')"
2016-09-09T23:15:08,2016-09-09T23:40:31,"Pandas(_0=""Teddy's Bigger Burgers"", CITY='Woodinville', LATITUDE=47.756392, LONGITUDE=-122.153345, _4='Full-Service Restaurants')"
2016-09-10T21:17:43,2016-09-10T21:34:07,"Pandas(_0='Costco Wholesale', CITY='Woodinville', LATITUDE=47.779395, LONGITUDE=-122.148542, _4='Warehouse Clubs & Supercenters')"
2014-10-28T23:01:51,2014-10-28T23:22:34,"Pandas(_0='Haggen Food & Pharmacy', CITY='Woodinville', LATITUDE=47.755668, LONGITUDE=-122.156759, _4='Supermarkets/Other Grocery (Exc Convenience) Strs')"
2014-11-03T00:35:33,2014-11-03T01:06:36,"Pandas(_0=""Papa Murphy's Take 'N' Bake"", CITY='Woodinville', LATITUDE=47.75502, LONGITUDE=-122.150545, _4='Limited-Service Restaurants')"
2014-11-06T01:29:23,2014-11-06T03:29:16,"Pandas(_0='Tango', CITY='Seattle', LATITUDE=47.613893, LONGITUDE=-122.328804, _4='Full-Service Restaurants')"
2014-11-14T21:51:27,2014-11-14T22:12:14,"Pandas(_0='Haggen Food & Pharmacy', CITY='Woodinville', LATITUDE=47.755668, LONGITUDE=-122.156759, _4='Supermarkets/Other Grocery (Exc Convenience) Strs')"
2014-11-14T22:21:02,2014-11-14T22:38:00,"Pandas(_0='Gobble', CITY='Woodinville', LATITUDE=47.755764, LONGITUDE=-122.161196, _4='Full-Service Restaurants')"
2014-11-25T23:23:11,2014-11-25T23:53:33,"Pandas(_0='Red Robin Gourmet Burgers', CITY='Redmond', LATITUDE=47.631084, LONGITUDE=-122.142449, _4='Full-Service Restaurants')"
2014-11-26T20:27:25,2014-11-26T20:44:30,"Pandas(_0=""Johnny's"", CITY='Fife', LATITUDE=47.239709, LONGITUDE=-122.358629, _4='Full-Service Restaurants')"
2014-12-02T20:10:47,2014-12-02T21:34:26,"Pandas(_0=""Anthony's Homeport Edmonds"", CITY='Edmonds', LATITUDE=47.80798, LONGITUDE=-122.39098, _4='Full-Service Restaurants')"
2014-12-17T22:07:04,2014-12-17T22:51:38,"Pandas(_0='Haggen Food & Pharmacy', CITY='Woodinville', LATITUDE=47.755668, LONGITUDE=-122.156759, _4='Supermarkets/Other Grocery (Exc Convenience) Strs')"
2014-12-19T21:15:46,2014-12-19T21:37:54,"Pandas(_0='Gobble', CITY='Woodinville', LATITUDE=47.755764, LONGITUDE=-122.161196, _4='Full-Service Restaurants')"
2014-12-26T22:30:18,2014-12-27T00:04:06,"Pandas(_0=""Anthony's Homeport Edmonds"", CITY='Edmonds', LATITUDE=47.80798, LONGITUDE=-122.39098, _4='Full-Service Restaurants')"
2014-12-28T23:01:17,2014-12-28T23:16:46,"Pandas(_0=""Papa Murphy's Take 'N' Bake"", CITY='Woodinville', LATITUDE=47.75502, LONGITUDE=-122.150545, _4='Limited-Service Restaurants')"
2014-12-28T23:25:28,2014-12-28T23:42:12,"Pandas(_0='Gobble', CITY='Woodinville', LATITUDE=47.755764, LONGITUDE=-122.161196, _4='Full-Service Restaurants')"
2015-02-04T15:22:02,2015-02-04T15:41:24,"Pandas(_0='QFC', CITY='Mercer Island', LATITUDE=47.541717, LONGITUDE=-122.225919, _4='Supermarkets/Other Grocery (Exc Convenience) Strs')"
2015-02-05T20:01:08,2015-02-05T21:50:12,"Pandas(_0=""Anthony's Homeport Edmonds"", CITY='Edmonds', LATITUDE=47.80798, LONGITUDE=-122.39098, _4='Full-Service Restaurants')"
2015-02-14T22:38:30,2015-02-14T22:56:39,"Pandas(_0='Gobble', CITY='Woodinville', LATITUDE=47.755764, LONGITUDE=-122.161196, _4='Full-Service Restaurants')"
2015-02-19T18:41:58,2015-02-19T19:05:34,"Pandas(_0='Haggen Food & Pharmacy', CITY='Woodinville', LATITUDE=47.755668, LONGITUDE=-122.156759, _4='Supermarkets/Other Grocery (Exc Convenience) Strs')"
2015-02-22T16:54:13,2015-02-22T17:36:32,"Pandas(_0='Costco Wholesale', CITY='Woodinville', LATITUDE=47.779395, LONGITUDE=-122.148542, _4='Warehouse Clubs & Supercenters')"
2015-03-03T00:43:29,2015-03-03T00:59:10,"Pandas(_0='Haggen Food & Pharmacy', CITY='Woodinville', LATITUDE=47.755668, LONGITUDE=-122.156759, _4='Supermarkets/Other Grocery (Exc Convenience) Strs')"
2015-03-04T21:34:46,2015-03-04T21:58:35,"Pandas(_0='Haggen Food & Pharmacy', CITY='Woodinville', LATITUDE=47.755668, LONGITUDE=-122.156759, _4='Supermarkets/Other Grocery (Exc Convenience) Strs')"
2015-03-07T19:49:26,2015-03-07T20:11:00,"Pandas(_0='Costco Wholesale', CITY='Woodinville', LATITUDE=47.779395, LONGITUDE=-122.148542, _4='Warehouse Clubs & Supercenters')"
2015-03-27T19:35:21,2015-03-27T20:04:06,"Pandas(_0='Fred Meyer', CITY='Kirkland', LATITUDE=47.70836, LONGITUDE=-122.184198, _4='Department Stores')"
2015-04-05T01:10:05,2015-04-05T01:30:45,"Pandas(_0='Clay Oven', CITY='Woodinville', LATITUDE=47.75328, LONGITUDE=-122.15357, _4='Full-Service Restaurants')"
2015-04-15T21:24:34,2015-04-15T21:46:30,"Pandas(_0='El Pueblito', CITY='Gig Harbor', LATITUDE=47.331074, LONGITUDE=-122.582754, _4='Full-Service Restaurants')"
2015-04-15T22:17:03,2015-04-15T23:12:44,"Pandas(_0='Tides Tavern', CITY='Gig Harbor', LATITUDE=47.329241, LONGITUDE=-122.578141, _4='Full-Service Restaurants')"
2015-04-21T23:42:13,2015-04-22T00:20:46,"Pandas(_0='Haggen Food & Pharmacy', CITY='Woodinville', LATITUDE=47.755668, LONGITUDE=-122.156759, _4='Supermarkets/Other Grocery (Exc Convenience) Strs')"
2015-04-25T21:22:54,2015-04-25T21:47:04,"Pandas(_0='SUBWAY', CITY='Kirkland', LATITUDE=47.731011, LONGITUDE=-122.173508, _4='Limited-Service Restaurants')"
2015-04-26T01:37:49,2015-04-26T02:16:21,"Pandas(_0='Ooba Tooba Mex Grill', CITY='Woodinville', LATITUDE=47.75306, LONGITUDE=-122.15212, _4='Full-Service Restaurants')"
2015-04-29T01:38:56,2015-04-29T02:00:59,"Pandas(_0='Haggen Food & Pharmacy', CITY='Woodinville', LATITUDE=47.755668, LONGITUDE=-122.156759, _4='Supermarkets/Other Grocery (Exc Convenience) Strs')"
2015-04-29T22:23:11,2015-04-29T23:15:00,"Pandas(_0='SUBWAY', CITY='Kirkland', LATITUDE=47.731011, LONGITUDE=-122.173508, _4='Limited-Service Restaurants')"
2015-04-30T22:58:05,2015-04-30T23:59:17,"Pandas(_0='Cheesecake Factory', CITY='Seattle', LATITUDE=47.611899, LONGITUDE=-122.332887, _4='Full-Service Restaurants')"
2015-05-01T22:29:03,2015-05-01T22:45:25,"Pandas(_0='Haggen Food & Pharmacy', CITY='Woodinville', LATITUDE=47.755668, LONGITUDE=-122.156759, _4='Supermarkets/Other Grocery (Exc Convenience) Strs')"
2015-05-04T00:21:13,2015-05-04T00:48:19,"Pandas(_0='Gobble', CITY='Woodinville', LATITUDE=47.755764, LONGITUDE=-122.161196, _4='Full-Service Restaurants')"
2015-05-09T16:46:23,2015-05-09T17:42:04,"Pandas(_0=""Papa Murphy's Take 'N' Bake"", CITY='Woodinville', LATITUDE=47.75502, LONGITUDE=-122.150545, _4='Limited-Service Restaurants')"
2015-05-09T17:52:16,2015-05-09T18:53:51,"Pandas(_0=""Teddy's Bigger Burgers"", CITY='Woodinville', LATITUDE=47.756392, LONGITUDE=-122.153345, _4='Full-Service Restaurants')"
2015-05-13T21:40:16,2015-05-13T23:49:04,"Pandas(_0='Cathouse Pizza', CITY='Snohomish', LATITUDE=47.911616, LONGITUDE=-122.096909, _4='Full-Service Restaurants')"
2015-05-14T15:52:47,2015-05-14T17:23:45,"Pandas(_0='Bthree WA Burgers & Breakfast', CITY='Lynnwood', LATITUDE=47.8212, LONGITUDE=-122.28811, _4='Full-Service Restaurants')"
2015-05-17T21:58:40,2015-05-17T22:15:26,"Pandas(_0='Big Fish Grill-Woodinville', CITY='Woodinville', LATITUDE=47.754802, LONGITUDE=-122.156336, _4='Full-Service Restaurants')"
2015-05-25T21:41:20,2015-05-25T22:05:05,"Pandas(_0='Haggen Food & Pharmacy', CITY='Woodinville', LATITUDE=47.755668, LONGITUDE=-122.156759, _4='Supermarkets/Other Grocery (Exc Convenience) Strs')"
2015-05-28T01:05:09,2015-05-28T02:43:37,"Pandas(_0='Match Coffee & Wine', CITY='Duvall', LATITUDE=47.741781, LONGITUDE=-121.986291, _4='Full-Service Restaurants')"
2015-05-30T19:03:30,2015-05-30T20:11:07,"Pandas(_0='Lime & Lemon', CITY='Lynnwood', LATITUDE=47.822552, LONGITUDE=-122.282676, _4='Full-Service Restaurants')"
2015-06-01T23:25:18,2015-06-01T23:44:18,"Pandas(_0='Haggen Food & Pharmacy', CITY='Woodinville', LATITUDE=47.755668, LONGITUDE=-122.156759, _4='Supermarkets/Other Grocery (Exc Convenience) Strs')"
2015-06-03T23:24:54,2015-06-04T00:18:35,"Pandas(_0='SUBWAY', CITY='Kirkland', LATITUDE=47.731011, LONGITUDE=-122.173508, _4='Limited-Service Restaurants')"
2015-06-04T00:20:39,2015-06-04T00:53:49,"Pandas(_0='SUBWAY', CITY='Kirkland', LATITUDE=47.731011, LONGITUDE=-122.173508, _4='Limited-Service Restaurants')"
2015-06-04T17:15:36,2015-06-04T18:34:17,"Pandas(_0='KFC', CITY='Lynnwood', LATITUDE=47.821287, LONGITUDE=-122.287474, _4='Limited-Service Restaurants')"
2015-06-08T19:29:22,2015-06-08T19:48:42,"Pandas(_0='Haggen Food & Pharmacy', CITY='Woodinville', LATITUDE=47.755668, LONGITUDE=-122.156759, _4='Supermarkets/Other Grocery (Exc Convenience) Strs')"
2015-06-12T20:27:28,2015-06-12T22:37:15,"Pandas(_0='SUBWAY', CITY='Kirkland', LATITUDE=47.731011, LONGITUDE=-122.173508, _4='Limited-Service Restaurants')"
2015-06-13T20:40:07,2015-06-13T21:01:41,"Pandas(_0=""Anthony's Homeport Edmonds"", CITY='Edmonds', LATITUDE=47.80798, LONGITUDE=-122.39098, _4='Full-Service Restaurants')"
2015-06-13T23:19:03,2015-06-13T23:39:22,"Pandas(_0='Haggen Food & Pharmacy', CITY='Woodinville', LATITUDE=47.755668, LONGITUDE=-122.156759, _4='Supermarkets/Other Grocery (Exc Convenience) Strs')"
2015-06-15T17:53:12,2015-06-15T18:27:03,"Pandas(_0='Safeway', CITY='Puyallup', LATITUDE=47.135317, LONGITUDE=-122.294844, _4='Supermarkets/Other Grocery (Exc Convenience) Strs')"
2015-06-15T19:42:19,2015-06-15T19:59:04,"Pandas(_0='I Love Teriyaki', CITY='Bellevue', LATITUDE=47.630657, LONGITUDE=-122.155041, _4='Full-Service Restaurants')"
2015-06-15T21:40:39,2015-06-15T21:59:03,"Pandas(_0='Whole Foods Market', CITY='Bellevue', LATITUDE=47.618372, LONGITUDE=-122.184971, _4='Supermarkets/Other Grocery (Exc Convenience) Strs')"
2015-06-19T18:56:06,2015-06-19T20:19:48,"Pandas(_0='Bthree WA Burgers & Breakfast', CITY='Lynnwood', LATITUDE=47.8212, LONGITUDE=-122.28811, _4='Full-Service Restaurants')"
2015-07-08T19:32:29,2015-07-08T19:49:10,"Pandas(_0='Qdoba Mexican Eats', CITY='Redmond', LATITUDE=47.632013, LONGITUDE=-122.138296, _4='Limited-Service Restaurants')"
2015-07-08T20:38:31,2015-07-08T21:13:44,"Pandas(_0='Haggen Food & Pharmacy', CITY='Woodinville', LATITUDE=47.755668, LONGITUDE=-122.156759, _4='Supermarkets/Other Grocery (Exc Convenience) Strs')"
2015-07-12T18:56:06,2015-07-12T20:14:27,"Pandas(_0='Demetris Woodstone Taverna', CITY='Edmonds', LATITUDE=47.812553, LONGITUDE=-122.38211, _4='Full-Service Restaurants')"
2015-07-13T18:56:00,2015-07-13T19:16:51,"Pandas(_0='SUBWAY', CITY='Kirkland', LATITUDE=47.731011, LONGITUDE=-122.173508, _4='Limited-Service Restaurants')"
2015-07-13T22:25:39,2015-07-13T22:49:29,"Pandas(_0=""Garlic Jim's Famous Grmt Pizza"", CITY='Bothell', LATITUDE=47.761343, LONGITUDE=-122.176131, _4='Full-Service Restaurants')"
2015-07-25T21:45:47,2015-07-25T22:08:45,"Pandas(_0='SUBWAY', CITY='Kirkland', LATITUDE=47.731011, LONGITUDE=-122.173508, _4='Limited-Service Restaurants')"
2015-07-25T22:33:16,2015-07-25T23:08:04,"Pandas(_0='Haggen Food & Pharmacy', CITY='Woodinville', LATITUDE=47.755668, LONGITUDE=-122.156759, _4='Supermarkets/Other Grocery (Exc Convenience) Strs')"
2015-07-29T20:53:27,2015-07-29T21:20:16,"Pandas(_0='Safeway', CITY='Kirkland', LATITUDE=47.732456, LONGITUDE=-122.174391, _4='Supermarkets/Other Grocery (Exc Convenience) Strs')"
2015-08-02T21:12:51,2015-08-02T21:52:44,"Pandas(_0='Red Robin Gourmet Burgers', CITY='Woodinville', LATITUDE=47.75772, LONGITUDE=-122.15561, _4='Full-Service Restaurants')"
2015-08-03T21:22:46,2015-08-03T21:51:03,"Pandas(_0=""Teddy's Bigger Burgers"", CITY='Woodinville', LATITUDE=47.756392, LONGITUDE=-122.153345, _4='Full-Service Restaurants')"
2015-08-05T20:12:39,2015-08-05T20:43:29,"Pandas(_0='Haggen Food & Pharmacy', CITY='Woodinville', LATITUDE=47.755668, LONGITUDE=-122.156759, _4='Supermarkets/Other Grocery (Exc Convenience) Strs')"
2015-08-07T23:06:38,2015-08-08T00:05:24,"Pandas(_0='SUBWAY', CITY='Kirkland', LATITUDE=47.731011, LONGITUDE=-122.173508, _4='Limited-Service Restaurants')"
2015-08-09T00:54:17,2015-08-09T01:51:04,"Pandas(_0=""Mc Donald's"", CITY='Puyallup', LATITUDE=47.09944, LONGITUDE=-122.29272, _4='Limited-Service Restaurants')"
2015-08-10T20:31:43,2015-08-10T20:52:16,"Pandas(_0='Haggen Food & Pharmacy', CITY='Woodinville', LATITUDE=47.755668, LONGITUDE=-122.156759, _4='Supermarkets/Other Grocery (Exc Convenience) Strs')"
2015-08-13T22:06:29,2015-08-13T22:30:14,"Pandas(_0='Costco Wholesale', CITY='Woodinville', LATITUDE=47.779395, LONGITUDE=-122.148542, _4='Warehouse Clubs & Supercenters')"
2015-08-24T19:46:07,2015-08-24T21:20:37,"Pandas(_0='SUBWAY', CITY='Kirkland', LATITUDE=47.731011, LONGITUDE=-122.173508, _4='Limited-Service Restaurants')"
2015-08-24T22:09:40,2015-08-24T22:33:30,"Pandas(_0='SUBWAY', CITY='Kirkland', LATITUDE=47.731011, LONGITUDE=-122.173508, _4='Limited-Service Restaurants')"
2015-09-05T20:42:07,2015-09-05T21:57:45,"Pandas(_0='Bahama Breeze', CITY='Tukwila', LATITUDE=47.461175, LONGITUDE=-122.261461, _4='Full-Service Restaurants')"
2015-09-14T21:47:28,2015-09-14T22:11:52,"Pandas(_0='Haggen Food & Pharmacy', CITY='Woodinville', LATITUDE=47.755668, LONGITUDE=-122.156759, _4='Supermarkets/Other Grocery (Exc Convenience) Strs')"
2015-09-16T20:40:05,2015-09-16T22:00:25,"Pandas(_0='SUBWAY', CITY='Kirkland', LATITUDE=47.731011, LONGITUDE=-122.173508, _4='Limited-Service Restaurants')"
2015-09-17T19:09:31,2015-09-17T19:56:32,"Pandas(_0='Bthree WA Burgers & Breakfast', CITY='Lynnwood', LATITUDE=47.8212, LONGITUDE=-122.28811, _4='Full-Service Restaurants')"
2015-09-19T00:03:58,2015-09-19T00:45:31,"Pandas(_0='Haggen Food & Pharmacy', CITY='Woodinville', LATITUDE=47.755668, LONGITUDE=-122.156759, _4='Supermarkets/Other Grocery (Exc Convenience) Strs')"
2015-09-21T00:15:46,2015-09-21T00:33:20,"Pandas(_0='Haggen Food & Pharmacy', CITY='Woodinville', LATITUDE=47.755668, LONGITUDE=-122.156759, _4='Supermarkets/Other Grocery (Exc Convenience) Strs')"
2015-09-24T23:17:32,2015-09-24T23:39:06,"Pandas(_0='SUBWAY', CITY='Kirkland', LATITUDE=47.731011, LONGITUDE=-122.173508, _4='Limited-Service Restaurants')"
2015-10-01T21:57:33,2015-10-01T23:23:56,"Pandas(_0='Pizzeria Bruciato', CITY='Bainbridge Isle', LATITUDE=47.624894, LONGITUDE=-122.519156, _4='Full-Service Restaurants')"
2015-10-02T18:41:52,2015-10-02T20:09:12,"Pandas(_0='Bthree WA Burgers & Breakfast', CITY='Lynnwood', LATITUDE=47.8212, LONGITUDE=-122.28811, _4='Full-Service Restaurants')"
2015-10-08T22:58:09,2015-10-08T23:41:02,"Pandas(_0='SUBWAY', CITY='Kirkland', LATITUDE=47.731011, LONGITUDE=-122.173508, _4='Limited-Service Restaurants')"
2015-10-13T22:12:28,2015-10-13T23:52:01,"Pandas(_0='El Puerto Mexican Restaurant', CITY='Edmonds', LATITUDE=47.810807, LONGITUDE=-122.377886, _4='Full-Service Restaurants')"
2015-10-16T23:05:12,2015-10-16T23:34:32,"Pandas(_0='Haggen Food & Pharmacy', CITY='Woodinville', LATITUDE=47.755668, LONGITUDE=-122.156759, _4='Supermarkets/Other Grocery (Exc Convenience) Strs')"
2015-10-18T22:00:46,2015-10-18T22:32:50,"Pandas(_0=""Papa Murphy's Take 'N' Bake"", CITY='Woodinville', LATITUDE=47.75502, LONGITUDE=-122.150545, _4='Limited-Service Restaurants')"
2015-10-21T00:34:43,2015-10-21T00:59:48,"Pandas(_0=""Mc Donald's"", CITY='Puyallup', LATITUDE=47.09944, LONGITUDE=-122.29272, _4='Limited-Service Restaurants')"
2015-11-07T21:41:12,2015-11-07T22:34:02,"Pandas(_0='Red Lobster', CITY='Lynnwood', LATITUDE=47.821467, LONGITUDE=-122.291018, _4='Full-Service Restaurants')"
2015-11-08T00:20:18,2015-11-08T00:38:36,"Pandas(_0='Haggen Food & Pharmacy', CITY='Woodinville', LATITUDE=47.755668, LONGITUDE=-122.156759, _4='Supermarkets/Other Grocery (Exc Convenience) Strs')"
2015-11-17T23:45:45,2015-11-18T00:07:53,"Pandas(_0='Haggen Food & Pharmacy', CITY='Woodinville', LATITUDE=47.755668, LONGITUDE=-122.156759, _4='Supermarkets/Other Grocery (Exc Convenience) Strs')"
2015-11-29T18:13:16,2015-11-29T18:30:00,"Pandas(_0='Haggen Food & Pharmacy', CITY='Woodinville', LATITUDE=47.755668, LONGITUDE=-122.156759, _4='Supermarkets/Other Grocery (Exc Convenience) Strs')"
2015-12-04T16:55:49,2015-12-04T18:33:06,"Pandas(_0='Bthree WA Burgers & Breakfast', CITY='Lynnwood', LATITUDE=47.8212, LONGITUDE=-122.28811, _4='Full-Service Restaurants')"
2015-12-08T00:37:13,2015-12-08T01:02:08,"Pandas(_0='Haggen Food & Pharmacy', CITY='Woodinville', LATITUDE=47.755668, LONGITUDE=-122.156759, _4='Supermarkets/Other Grocery (Exc Convenience) Strs')"
2015-12-13T21:22:45,2015-12-13T22:49:04,"Pandas(_0=""Anthony's Homeport Edmonds"", CITY='Edmonds', LATITUDE=47.80798, LONGITUDE=-122.39098, _4='Full-Service Restaurants')"
2015-12-20T16:21:36,2015-12-20T17:42:03,"Pandas(_0='Hometown Restaurant', CITY='Centralia', LATITUDE=46.724655, LONGITUDE=-122.971801, _4='Full-Service Restaurants')"
2015-12-20T22:45:09,2015-12-21T00:17:21,"Pandas(_0=""Anthony's Homeport Edmonds"", CITY='Edmonds', LATITUDE=47.80798, LONGITUDE=-122.39098, _4='Full-Service Restaurants')"
2015-12-25T01:53:28,2015-12-25T02:19:27,"Pandas(_0='Haggen Food & Pharmacy', CITY='Woodinville', LATITUDE=47.755668, LONGITUDE=-122.156759, _4='Supermarkets/Other Grocery (Exc Convenience) Strs')"
2016-01-03T00:02:23,2016-01-03T00:32:25,"Pandas(_0='Haggen Food & Pharmacy', CITY='Woodinville', LATITUDE=47.755668, LONGITUDE=-122.156759, _4='Supermarkets/Other Grocery (Exc Convenience) Strs')"
2016-01-03T22:05:12,2016-01-03T23:18:27,"Pandas(_0='Salt & Iron', CITY='Edmonds', LATITUDE=47.811162, LONGITUDE=-122.378817, _4='Full-Service Restaurants')"
2016-01-09T18:49:04,2016-01-09T19:38:40,"Pandas(_0='SUBWAY', CITY='Kirkland', LATITUDE=47.731011, LONGITUDE=-122.173508, _4='Limited-Service Restaurants')"
2016-01-09T21:09:02,2016-01-09T21:26:34,"Pandas(_0='Safeway', CITY='Kirkland', LATITUDE=47.732456, LONGITUDE=-122.174391, _4='Supermarkets/Other Grocery (Exc Convenience) Strs')"
2016-01-12T19:41:13,2016-01-12T20:09:58,"Pandas(_0='Haggen Food & Pharmacy', CITY='Woodinville', LATITUDE=47.755668, LONGITUDE=-122.156759, _4='Supermarkets/Other Grocery (Exc Convenience) Strs')"
2016-01-20T02:01:22,2016-01-20T02:23:58,"Pandas(_0='Ooba Tooba Mex Grill', CITY='Woodinville', LATITUDE=47.75306, LONGITUDE=-122.15212, _4='Full-Service Restaurants')"
2016-01-23T20:37:58,2016-01-23T21:04:22,"Pandas(_0='Safeway', CITY='Kirkland', LATITUDE=47.732456, LONGITUDE=-122.174391, _4='Supermarkets/Other Grocery (Exc Convenience) Strs')"
2016-01-24T23:00:40,2016-01-25T00:36:00,"Pandas(_0='Church Key Pub', CITY='Edmonds', LATITUDE=47.811258, LONGITUDE=-122.378447, _4='Full-Service Restaurants')"
2016-01-25T00:36:19,2016-01-25T00:53:05,"Pandas(_0='Church Key Pub', CITY='Edmonds', LATITUDE=47.811258, LONGITUDE=-122.378447, _4='Full-Service Restaurants')"
2016-01-26T19:07:15,2016-01-26T19:52:03,"Pandas(_0='Haggen Food & Pharmacy', CITY='Woodinville', LATITUDE=47.755668, LONGITUDE=-122.156759, _4='Supermarkets/Other Grocery (Exc Convenience) Strs')"
2016-02-01T19:03:30,2016-02-01T19:37:27,"Pandas(_0='Soulfood', CITY='Redmond', LATITUDE=47.675292, LONGITUDE=-122.130695, _4='Full-Service Restaurants')"
2016-02-06T19:19:56,2016-02-06T20:09:03,"Pandas(_0='SUBWAY', CITY='Kirkland', LATITUDE=47.731011, LONGITUDE=-122.173508, _4='Limited-Service Restaurants')"
2016-02-07T23:53:07,2016-02-08T00:19:47,"Pandas(_0='Haggen Food & Pharmacy', CITY='Woodinville', LATITUDE=47.755668, LONGITUDE=-122.156759, _4='Supermarkets/Other Grocery (Exc Convenience) Strs')"
2016-02-08T19:36:37,2016-02-08T20:24:42,"Pandas(_0='SUBWAY', CITY='Kirkland', LATITUDE=47.731011, LONGITUDE=-122.173508, _4='Limited-Service Restaurants')"
2016-02-11T21:45:22,2016-02-11T22:04:18,"Pandas(_0=""Domino's"", CITY='Woodinville', LATITUDE=47.756315, LONGITUDE=-122.080998, _4='Limited-Service Restaurants')"
2016-02-16T00:45:47,2016-02-16T01:01:31,"Pandas(_0='Safeway', CITY='Kirkland', LATITUDE=47.732456, LONGITUDE=-122.174391, _4='Supermarkets/Other Grocery (Exc Convenience) Strs')"
2016-02-20T16:02:39,2016-02-20T16:40:05,"Pandas(_0=""Garlic Jim's Famous Grmt Pizza"", CITY='Bothell', LATITUDE=47.761343, LONGITUDE=-122.176131, _4='Full-Service Restaurants')"
2016-02-26T21:26:33,2016-02-26T23:00:13,"Pandas(_0=""Anthony's Homeport Edmonds"", CITY='Edmonds', LATITUDE=47.80798, LONGITUDE=-122.39098, _4='Full-Service Restaurants')"
2016-03-05T20:14:04,2016-03-05T20:32:27,"Pandas(_0='Haggen Food & Pharmacy', CITY='Woodinville', LATITUDE=47.755668, LONGITUDE=-122.156759, _4='Supermarkets/Other Grocery (Exc Convenience) Strs')"
2016-03-05T20:44:36,2016-03-05T21:05:53,"Pandas(_0='MOD Pizza', CITY='Woodinville', LATITUDE=47.75686, LONGITUDE=-122.15443, _4='Full-Service Restaurants')"
2016-03-08T18:44:40,2016-03-08T19:01:04,"Pandas(_0='Haggen Food & Pharmacy', CITY='Woodinville', LATITUDE=47.755668, LONGITUDE=-122.156759, _4='Supermarkets/Other Grocery (Exc Convenience) Strs')"
2016-03-08T23:16:03,2016-03-09T00:16:39,"Pandas(_0='SUBWAY', CITY='Kirkland', LATITUDE=47.731011, LONGITUDE=-122.173508, _4='Limited-Service Restaurants')"
2016-03-19T23:44:50,2016-03-20T00:17:37,"Pandas(_0='Costco Wholesale', CITY='Woodinville', LATITUDE=47.779395, LONGITUDE=-122.148542, _4='Warehouse Clubs & Supercenters')"
2016-03-20T00:27:47,2016-03-20T00:44:10,"Pandas(_0='Costco Wholesale', CITY='Woodinville', LATITUDE=47.779395, LONGITUDE=-122.148542, _4='Warehouse Clubs & Supercenters')"
2016-03-21T21:24:32,2016-03-21T21:47:19,"Pandas(_0='Haggen Food & Pharmacy', CITY='Woodinville', LATITUDE=47.755668, LONGITUDE=-122.156759, _4='Supermarkets/Other Grocery (Exc Convenience) Strs')"
2016-03-22T22:30:52,2016-03-22T22:50:18,"Pandas(_0='SUBWAY', CITY='Kirkland', LATITUDE=47.731011, LONGITUDE=-122.173508, _4='Limited-Service Restaurants')"
2016-03-22T23:00:25,2016-03-22T23:30:43,"Pandas(_0=""Papa Murphy's Take 'N' Bake"", CITY='Woodinville', LATITUDE=47.75502, LONGITUDE=-122.150545, _4='Limited-Service Restaurants')"
2016-03-28T21:07:09,2016-03-28T21:52:06,"Pandas(_0='Haggen Food & Pharmacy', CITY='Woodinville', LATITUDE=47.755668, LONGITUDE=-122.156759, _4='Supermarkets/Other Grocery (Exc Convenience) Strs')"
2016-03-30T18:15:24,2016-03-30T18:32:11,"Pandas(_0='Costco Wholesale', CITY='Woodinville', LATITUDE=47.779395, LONGITUDE=-122.148542, _4='Warehouse Clubs & Supercenters')"
2016-04-03T00:45:37,2016-04-03T01:07:45,"Pandas(_0='Haggen Food & Pharmacy', CITY='Woodinville', LATITUDE=47.755668, LONGITUDE=-122.156759, _4='Supermarkets/Other Grocery (Exc Convenience) Strs')"
2016-04-06T23:58:33,2016-04-07T00:24:24,"Pandas(_0='Haggen Food & Pharmacy', CITY='Woodinville', LATITUDE=47.755668, LONGITUDE=-122.156759, _4='Supermarkets/Other Grocery (Exc Convenience) Strs')"
2016-04-08T17:02:07,2016-04-08T18:34:23,"Pandas(_0='Bthree WA Burgers & Breakfast', CITY='Lynnwood', LATITUDE=47.8212, LONGITUDE=-122.28811, _4='Full-Service Restaurants')"
2016-04-10T19:36:36,2016-04-10T19:55:53,"Pandas(_0='Haggen Food & Pharmacy', CITY='Woodinville', LATITUDE=47.755668, LONGITUDE=-122.156759, _4='Supermarkets/Other Grocery (Exc Convenience) Strs')"
2016-04-12T23:55:09,2016-04-13T00:44:03,"Pandas(_0='Church Key Pub', CITY='Edmonds', LATITUDE=47.811258, LONGITUDE=-122.378447, _4='Full-Service Restaurants')"
2016-04-13T21:02:34,2016-04-13T21:19:30,"Pandas(_0='Coco Ramen & Curry Bar Izakaya', CITY='Bellevue', LATITUDE=47.61513, LONGITUDE=-122.198852, _4='Full-Service Restaurants')"
2016-04-15T22:29:33,2016-04-15T22:47:39,"Pandas(_0='Haggen Food & Pharmacy', CITY='Woodinville', LATITUDE=47.755668, LONGITUDE=-122.156759, _4='Supermarkets/Other Grocery (Exc Convenience) Strs')"
2016-04-19T22:46:24,2016-04-19T23:33:54,"Pandas(_0='Twisted Cuban Cafe & Bar', CITY='Woodinville', LATITUDE=47.753116, LONGITUDE=-122.170725, _4='Full-Service Restaurants')"
2016-04-20T18:49:30,2016-04-20T19:26:30,"Pandas(_0='Costco Wholesale', CITY='Woodinville', LATITUDE=47.779395, LONGITUDE=-122.148542, _4='Warehouse Clubs & Supercenters')"
2016-04-25T23:38:49,2016-04-25T23:55:18,"Pandas(_0='Fred Meyer', CITY='Kirkland', LATITUDE=47.70836, LONGITUDE=-122.184198, _4='Department Stores')"
2016-04-27T21:29:28,2016-04-27T22:39:03,"Pandas(_0='Purple Cafe-Wine Bar-Wdnvll', CITY='Woodinville', LATITUDE=47.73322, LONGITUDE=-122.152634, _4='Full-Service Restaurants')"
2016-05-03T21:43:30,2016-05-03T23:33:27,"Pandas(_0=""Teddy's Bigger Burgers"", CITY='Woodinville', LATITUDE=47.756392, LONGITUDE=-122.153345, _4='Full-Service Restaurants')"
2016-05-03T23:38:44,2016-05-03T23:59:11,"Pandas(_0='Haggen Food & Pharmacy', CITY='Woodinville', LATITUDE=47.755668, LONGITUDE=-122.156759, _4='Supermarkets/Other Grocery (Exc Convenience) Strs')"
2016-05-07T18:59:54,2016-05-07T19:46:50,"Pandas(_0=""Teddy's Bigger Burgers"", CITY='Woodinville', LATITUDE=47.756392, LONGITUDE=-122.153345, _4='Full-Service Restaurants')"
2016-05-07T22:31:38,2016-05-07T23:08:00,"Pandas(_0='Cathouse Pizza', CITY='Snohomish', LATITUDE=47.911616, LONGITUDE=-122.096909, _4='Full-Service Restaurants')"
2016-05-14T19:47:38,2016-05-14T20:52:52,"Pandas(_0='Haggen Food & Pharmacy', CITY='Woodinville', LATITUDE=47.755668, LONGITUDE=-122.156759, _4='Supermarkets/Other Grocery (Exc Convenience) Strs')"
2016-05-16T19:52:07,2016-05-16T20:12:37,"Pandas(_0=""Jake's Cafe On 2nd Street"", CITY='Snohomish', LATITUDE=47.912628, LONGITUDE=-122.091146, _4='Full-Service Restaurants')"
2016-05-21T20:33:15,2016-05-21T20:49:38,"Pandas(_0='Haggen Food & Pharmacy', CITY='Woodinville', LATITUDE=47.755668, LONGITUDE=-122.156759, _4='Supermarkets/Other Grocery (Exc Convenience) Strs')"
2016-05-24T19:21:52,2016-05-24T19:52:48,"Pandas(_0='Haggen Food & Pharmacy', CITY='Woodinville', LATITUDE=47.755668, LONGITUDE=-122.156759, _4='Supermarkets/Other Grocery (Exc Convenience) Strs')"
2016-05-29T20:11:09,2016-05-29T20:37:58,"Pandas(_0=""Jake's Cafe On 2nd Street"", CITY='Snohomish', LATITUDE=47.912628, LONGITUDE=-122.091146, _4='Full-Service Restaurants')"
2016-05-29T20:51:07,2016-05-29T21:14:12,"Pandas(_0=""Jake's Cafe On 2nd Street"", CITY='Snohomish', LATITUDE=47.912628, LONGITUDE=-122.091146, _4='Full-Service Restaurants')"
2017-02-26T21:25:14,2017-02-26T21:47:27,"Pandas(_0='Haggen Food & Pharmacy', CITY='Woodinville', LATITUDE=47.755668, LONGITUDE=-122.156759, _4='Supermarkets/Other Grocery (Exc Convenience) Strs')"
2017-03-01T19:23:26,2017-03-01T19:58:03,"Pandas(_0='MOD Pizza', CITY='Woodinville', LATITUDE=47.75686, LONGITUDE=-122.15443, _4='Full-Service Restaurants')"
2017-03-02T02:34:37,2017-03-02T02:59:29,"Pandas(_0='Fred Meyer', CITY='Kirkland', LATITUDE=47.70836, LONGITUDE=-122.184198, _4='Department Stores')"
2017-03-04T15:14:03,2017-03-04T15:53:29,"Pandas(_0='Whole Foods Market', CITY='Bellevue', LATITUDE=47.618372, LONGITUDE=-122.184971, _4='Supermarkets/Other Grocery (Exc Convenience) Strs')"
2017-03-15T20:36:26,2017-03-15T20:53:03,"Pandas(_0='Costco Wholesale', CITY='Woodinville', LATITUDE=47.779395, LONGITUDE=-122.148542, _4='Warehouse Clubs & Supercenters')"
2017-03-26T22:38:07,2017-03-26T22:58:16,"Pandas(_0='Haggen Food & Pharmacy', CITY='Woodinville', LATITUDE=47.755668, LONGITUDE=-122.156759, _4='Supermarkets/Other Grocery (Exc Convenience) Strs')"
2017-03-28T00:05:03,2017-03-28T00:43:10,"Pandas(_0='SUBWAY', CITY='Kirkland', LATITUDE=47.731011, LONGITUDE=-122.173508, _4='Limited-Service Restaurants')"
2017-04-05T23:40:21,2017-04-06T00:27:41,"Pandas(_0='Glass & Bottle', CITY='Snoqualmie', LATITUDE=47.529869, LONGITUDE=-121.872745, _4='Full-Service Restaurants')"
2017-04-10T23:25:36,2017-04-10T23:45:54,"Pandas(_0='Haggen Food & Pharmacy', CITY='Woodinville', LATITUDE=47.755668, LONGITUDE=-122.156759, _4='Supermarkets/Other Grocery (Exc Convenience) Strs')"
2017-04-16T15:28:43,2017-04-16T15:55:17,"Pandas(_0='Whole Foods Market', CITY='Bellevue', LATITUDE=47.618372, LONGITUDE=-122.184971, _4='Supermarkets/Other Grocery (Exc Convenience) Strs')"
2017-04-19T18:06:05,2017-04-19T19:17:48,"Pandas(_0='Javabean Inc Ballard', CITY='Seattle', LATITUDE=47.671238, LONGITUDE=-122.38766, _4='Full-Service Restaurants')"
2017-04-23T17:16:16,2017-04-23T17:34:44,"Pandas(_0='SUBWAY', CITY='Kirkland', LATITUDE=47.731011, LONGITUDE=-122.173508, _4='Limited-Service Restaurants')"
2017-04-23T17:47:06,2017-04-23T18:03:17,"Pandas(_0='SUBWAY', CITY='Kirkland', LATITUDE=47.731011, LONGITUDE=-122.173508, _4='Limited-Service Restaurants')"
2017-05-03T21:34:31,2017-05-03T22:00:36,"Pandas(_0='MOD Pizza', CITY='Woodinville', LATITUDE=47.75686, LONGITUDE=-122.15443, _4='Full-Service Restaurants')"
2017-05-06T22:31:40,2017-05-06T22:49:23,"Pandas(_0=""Papa Murphy's Take 'N' Bake"", CITY='Woodinville', LATITUDE=47.75502, LONGITUDE=-122.150545, _4='Limited-Service Restaurants')"
2017-05-10T20:04:41,2017-05-10T20:24:57,"Pandas(_0='SUBWAY', CITY='Kirkland', LATITUDE=47.731011, LONGITUDE=-122.173508, _4='Limited-Service Restaurants')"
2017-05-17T19:10:27,2017-05-17T19:31:03,"Pandas(_0='Costco Wholesale', CITY='Woodinville', LATITUDE=47.779395, LONGITUDE=-122.148542, _4='Warehouse Clubs & Supercenters')"
2017-05-27T21:15:13,2017-05-27T21:37:29,"Pandas(_0='Safeway', CITY='Kirkland', LATITUDE=47.732456, LONGITUDE=-122.174391, _4='Supermarkets/Other Grocery (Exc Convenience) Strs')"
2017-05-30T21:55:03,2017-05-30T22:12:18,"Pandas(_0='Costco Wholesale', CITY='Woodinville', LATITUDE=47.779395, LONGITUDE=-122.148542, _4='Warehouse Clubs & Supercenters')"
2017-06-09T20:14:45,2017-06-09T20:35:07,"Pandas(_0='Haggen Food & Pharmacy', CITY='Woodinville', LATITUDE=47.755668, LONGITUDE=-122.156759, _4='Supermarkets/Other Grocery (Exc Convenience) Strs')"
2017-07-01T20:44:36,2017-07-01T21:01:11,"Pandas(_0='Costco Wholesale', CITY='Woodinville', LATITUDE=47.779395, LONGITUDE=-122.148542, _4='Warehouse Clubs & Supercenters')"
2017-07-01T21:03:12,2017-07-01T21:27:44,"Pandas(_0='Costco Wholesale', CITY='Woodinville', LATITUDE=47.779395, LONGITUDE=-122.148542, _4='Warehouse Clubs & Supercenters')"
2017-07-02T21:46:38,2017-07-02T22:13:00,"Pandas(_0='Haggen Food & Pharmacy', CITY='Woodinville', LATITUDE=47.755668, LONGITUDE=-122.156759, _4='Supermarkets/Other Grocery (Exc Convenience) Strs')"
2017-07-08T00:01:54,2017-07-08T00:21:07,"Pandas(_0='Fred Meyer', CITY='Kirkland', LATITUDE=47.70836, LONGITUDE=-122.184198, _4='Department Stores')"
2017-07-21T23:09:15,2017-07-21T23:39:33,"Pandas(_0='Haggen Food & Pharmacy', CITY='Woodinville', LATITUDE=47.755668, LONGITUDE=-122.156759, _4='Supermarkets/Other Grocery (Exc Convenience) Strs')"
2017-07-25T21:41:30,2017-07-25T21:59:34,"Pandas(_0='SUBWAY', CITY='Kirkland', LATITUDE=47.731011, LONGITUDE=-122.173508, _4='Limited-Service Restaurants')"
2017-07-30T23:25:03,2017-07-30T23:54:40,"Pandas(_0='Soulfood', CITY='Redmond', LATITUDE=47.675292, LONGITUDE=-122.130695, _4='Full-Service Restaurants')"
2017-08-05T23:05:07,2017-08-05T23:31:35,"Pandas(_0='Costco Wholesale', CITY='Woodinville', LATITUDE=47.779395, LONGITUDE=-122.148542, _4='Warehouse Clubs & Supercenters')"
2017-08-11T19:49:34,2017-08-11T20:39:03,"Pandas(_0='SUBWAY', CITY='Kirkland', LATITUDE=47.731011, LONGITUDE=-122.173508, _4='Limited-Service Restaurants')"
2017-08-16T23:21:37,2017-08-17T00:02:28,"Pandas(_0='Gobble', CITY='Woodinville', LATITUDE=47.755764, LONGITUDE=-122.161196, _4='Full-Service Restaurants')"
2017-08-18T22:44:17,2017-08-18T23:15:39,"Pandas(_0='Haggen Food & Pharmacy', CITY='Woodinville', LATITUDE=47.755668, LONGITUDE=-122.156759, _4='Supermarkets/Other Grocery (Exc Convenience) Strs')"
2017-08-21T19:10:15,2017-08-21T19:36:15,"Pandas(_0='Haggen Food & Pharmacy', CITY='Woodinville', LATITUDE=47.755668, LONGITUDE=-122.156759, _4='Supermarkets/Other Grocery (Exc Convenience) Strs')"
2017-09-03T00:20:04,2017-09-03T00:56:09,"Pandas(_0='Costco Wholesale', CITY='Woodinville', LATITUDE=47.779395, LONGITUDE=-122.148542, _4='Warehouse Clubs & Supercenters')"
2017-09-07T23:15:39,2017-09-07T23:52:18,"Pandas(_0='Glass & Bottle', CITY='Snoqualmie', LATITUDE=47.529869, LONGITUDE=-121.872745, _4='Full-Service Restaurants')"
2017-09-09T20:04:03,2017-09-09T20:33:03,"Pandas(_0='Haggen Food & Pharmacy', CITY='Woodinville', LATITUDE=47.755668, LONGITUDE=-122.156759, _4='Supermarkets/Other Grocery (Exc Convenience) Strs')"
2017-09-09T20:51:29,2017-09-09T21:11:35,"Pandas(_0=""Domino's"", CITY='Kirkland', LATITUDE=47.721179, LONGITUDE=-122.20829, _4='Limited-Service Restaurants')"
2017-09-15T20:54:45,2017-09-15T21:15:27,"Pandas(_0='Haggen Food & Pharmacy', CITY='Woodinville', LATITUDE=47.755668, LONGITUDE=-122.156759, _4='Supermarkets/Other Grocery (Exc Convenience) Strs')"
2017-09-21T21:48:07,2017-09-21T22:16:44,"Pandas(_0='SUBWAY', CITY='Kirkland', LATITUDE=47.731011, LONGITUDE=-122.173508, _4='Limited-Service Restaurants')"
2017-09-26T23:06:24,2017-09-26T23:24:41,"Pandas(_0='Costco Wholesale', CITY='Woodinville', LATITUDE=47.779395, LONGITUDE=-122.148542, _4='Warehouse Clubs & Supercenters')"
2017-10-18T22:57:07,2017-10-19T00:22:14,"Pandas(_0=""Ming's Garden Chinese Cuisine"", CITY='Snoqualmie', LATITUDE=47.530237, LONGITUDE=-121.872808, _4='Full-Service Restaurants')"
2017-10-23T23:04:20,2017-10-23T23:51:56,"Pandas(_0='SUBWAY', CITY='Kirkland', LATITUDE=47.731011, LONGITUDE=-122.173508, _4='Limited-Service Restaurants')"
2017-10-25T23:12:04,2017-10-25T23:53:13,"Pandas(_0='SUBWAY', CITY='Kirkland', LATITUDE=47.731011, LONGITUDE=-122.173508, _4='Limited-Service Restaurants')"
2017-11-05T21:36:05,2017-11-05T21:52:22,"Pandas(_0='Haggen Food & Pharmacy', CITY='Woodinville', LATITUDE=47.755668, LONGITUDE=-122.156759, _4='Supermarkets/Other Grocery (Exc Convenience) Strs')"
2017-11-10T23:29:19,2017-11-11T00:05:21,"Pandas(_0='Costco Wholesale', CITY='Woodinville', LATITUDE=47.779395, LONGITUDE=-122.148542, _4='Warehouse Clubs & Supercenters')"
2017-11-11T22:17:28,2017-11-11T22:32:44,"Pandas(_0='Soulfood', CITY='Redmond', LATITUDE=47.675292, LONGITUDE=-122.130695, _4='Full-Service Restaurants')"
2017-11-17T22:37:00,2017-11-17T22:59:58,"Pandas(_0='SUBWAY', CITY='Kirkland', LATITUDE=47.731011, LONGITUDE=-122.173508, _4='Limited-Service Restaurants')"
2017-12-05T17:37:07,2017-12-05T18:05:13,"Pandas(_0='Costco Wholesale', CITY='Woodinville', LATITUDE=47.779395, LONGITUDE=-122.148542, _4='Warehouse Clubs & Supercenters')"
2017-12-08T23:02:50,2017-12-08T23:49:57,"Pandas(_0='SUBWAY', CITY='Kirkland', LATITUDE=47.731011, LONGITUDE=-122.173508, _4='Limited-Service Restaurants')"
2017-12-16T23:08:21,2017-12-16T23:29:22,"Pandas(_0='SUBWAY', CITY='Kirkland', LATITUDE=47.731011, LONGITUDE=-122.173508, _4='Limited-Service Restaurants')"
2018-01-02T15:27:33,2018-01-02T15:48:03,"Pandas(_0='Haggen Food & Pharmacy', CITY='Woodinville', LATITUDE=47.755668, LONGITUDE=-122.156759, _4='Supermarkets/Other Grocery (Exc Convenience) Strs')"
2018-01-10T19:21:20,2018-01-10T19:41:04,"Pandas(_0='Haggen Food & Pharmacy', CITY='Woodinville', LATITUDE=47.755668, LONGITUDE=-122.156759, _4='Supermarkets/Other Grocery (Exc Convenience) Strs')"
2018-01-12T21:03:28,2018-01-12T21:27:03,"Pandas(_0='Haggen Food & Pharmacy', CITY='Woodinville', LATITUDE=47.755668, LONGITUDE=-122.156759, _4='Supermarkets/Other Grocery (Exc Convenience) Strs')"
2018-01-15T19:18:04,2018-01-15T20:16:24,"Pandas(_0='SUBWAY', CITY='Kirkland', LATITUDE=47.731011, LONGITUDE=-122.173508, _4='Limited-Service Restaurants')"
2018-01-15T22:37:26,2018-01-15T23:08:47,"Pandas(_0='SUBWAY', CITY='Kirkland', LATITUDE=47.731011, LONGITUDE=-122.173508, _4='Limited-Service Restaurants')"
2018-02-07T19:29:59,2018-02-07T19:48:04,"Pandas(_0=""Papa Murphy's Take 'N' Bake"", CITY='Woodinville', LATITUDE=47.75502, LONGITUDE=-122.150545, _4='Limited-Service Restaurants')"
2018-02-12T19:10:03,2018-02-12T19:26:25,"Pandas(_0='SUBWAY', CITY='Kirkland', LATITUDE=47.731011, LONGITUDE=-122.173508, _4='Limited-Service Restaurants')"
2018-02-13T21:34:24,2018-02-13T22:04:17,"Pandas(_0='Costco Wholesale', CITY='Woodinville', LATITUDE=47.779395, LONGITUDE=-122.148542, _4='Warehouse Clubs & Supercenters')"
2018-02-13T22:09:05,2018-02-13T22:35:19,"Pandas(_0='Costco Wholesale', CITY='Woodinville', LATITUDE=47.779395, LONGITUDE=-122.148542, _4='Warehouse Clubs & Supercenters')"
2018-02-22T21:15:20,2018-02-22T22:04:12,"Pandas(_0='SUBWAY', CITY='Kirkland', LATITUDE=47.731011, LONGITUDE=-122.173508, _4='Limited-Service Restaurants')"
2018-02-22T22:24:43,2018-02-22T22:50:40,"Pandas(_0='Haggen Food & Pharmacy', CITY='Woodinville', LATITUDE=47.755668, LONGITUDE=-122.156759, _4='Supermarkets/Other Grocery (Exc Convenience) Strs')"
2018-03-04T21:57:03,2018-03-04T22:16:03,"Pandas(_0='SUBWAY', CITY='Kirkland', LATITUDE=47.731011, LONGITUDE=-122.173508, _4='Limited-Service Restaurants')"
2018-03-04T22:47:03,2018-03-04T23:57:18,"Pandas(_0='SUBWAY', CITY='Kirkland', LATITUDE=47.731011, LONGITUDE=-122.173508, _4='Limited-Service Restaurants')"
2018-03-09T20:20:03,2018-03-09T20:55:25,"Pandas(_0='Fred Meyer', CITY='Kirkland', LATITUDE=47.70836, LONGITUDE=-122.184198, _4='Department Stores')"
2018-03-16T18:55:59,2018-03-16T19:11:36,"Pandas(_0='Haggen Food & Pharmacy', CITY='Woodinville', LATITUDE=47.755668, LONGITUDE=-122.156759, _4='Supermarkets/Other Grocery (Exc Convenience) Strs')"
2018-03-22T20:24:03,2018-03-22T20:43:04,"Pandas(_0='Haggen Food & Pharmacy', CITY='Woodinville', LATITUDE=47.755668, LONGITUDE=-122.156759, _4='Supermarkets/Other Grocery (Exc Convenience) Strs')"
2018-04-16T21:51:03,2018-04-16T22:12:03,"Pandas(_0='Haggen Food & Pharmacy', CITY='Woodinville', LATITUDE=47.755668, LONGITUDE=-122.156759, _4='Supermarkets/Other Grocery (Exc Convenience) Strs')"
2018-04-19T22:10:41,2018-04-19T22:31:00,"Pandas(_0='Haggen Food & Pharmacy', CITY='Woodinville', LATITUDE=47.755668, LONGITUDE=-122.156759, _4='Supermarkets/Other Grocery (Exc Convenience) Strs')"
2018-04-23T20:15:03,2018-04-23T20:42:44,"Pandas(_0='SUBWAY', CITY='Kirkland', LATITUDE=47.731011, LONGITUDE=-122.173508, _4='Limited-Service Restaurants')"
2018-05-03T19:50:36,2018-05-03T20:21:16,"Pandas(_0='Costco Wholesale', CITY='Woodinville', LATITUDE=47.779395, LONGITUDE=-122.148542, _4='Warehouse Clubs & Supercenters')"
2018-05-04T20:35:36,2018-05-04T20:55:40,"Pandas(_0='Haggen Food & Pharmacy', CITY='Woodinville', LATITUDE=47.755668, LONGITUDE=-122.156759, _4='Supermarkets/Other Grocery (Exc Convenience) Strs')"
2018-05-08T23:05:30,2018-05-08T23:51:44,"Pandas(_0='SUBWAY', CITY='Kirkland', LATITUDE=47.731011, LONGITUDE=-122.173508, _4='Limited-Service Restaurants')"
2018-05-10T22:30:17,2018-05-10T22:47:33,"Pandas(_0='Haggen Food & Pharmacy', CITY='Woodinville', LATITUDE=47.755668, LONGITUDE=-122.156759, _4='Supermarkets/Other Grocery (Exc Convenience) Strs')"
2018-05-15T19:59:04,2018-05-15T21:01:03,"Pandas(_0='SUBWAY', CITY='Kirkland', LATITUDE=47.731011, LONGITUDE=-122.173508, _4='Limited-Service Restaurants')"
2018-05-18T20:38:18,2018-05-18T21:13:36,"Pandas(_0='SUBWAY', CITY='Kirkland', LATITUDE=47.731011, LONGITUDE=-122.173508, _4='Limited-Service Restaurants')"
2018-05-21T20:51:06,2018-05-21T21:13:13,"Pandas(_0='Los Hernandez', CITY='Union Gap', LATITUDE=46.550514, LONGITUDE=-120.475662, _4='Full-Service Restaurants')"
2018-05-22T20:35:29,2018-05-22T20:51:24,"Pandas(_0='Haggen Food & Pharmacy', CITY='Woodinville', LATITUDE=47.755668, LONGITUDE=-122.156759, _4='Supermarkets/Other Grocery (Exc Convenience) Strs')"
2018-05-24T20:09:17,2018-05-24T20:28:21,"Pandas(_0='Costco Wholesale', CITY='Woodinville', LATITUDE=47.779395, LONGITUDE=-122.148542, _4='Warehouse Clubs & Supercenters')"
2018-06-01T19:16:45,2018-06-01T20:24:46,"Pandas(_0='SUBWAY', CITY='Kirkland', LATITUDE=47.731011, LONGITUDE=-122.173508, _4='Limited-Service Restaurants')"
2018-06-06T17:47:49,2018-06-06T18:11:04,"Pandas(_0='SUBWAY', CITY='Kirkland', LATITUDE=47.731011, LONGITUDE=-122.173508, _4='Limited-Service Restaurants')"
2018-06-14T15:21:03,2018-06-14T15:46:01,"Pandas(_0='Haggen Food & Pharmacy', CITY='Woodinville', LATITUDE=47.755668, LONGITUDE=-122.156759, _4='Supermarkets/Other Grocery (Exc Convenience) Strs')"
2018-06-16T19:50:53,2018-06-16T20:38:38,"Pandas(_0='SUBWAY', CITY='Kirkland', LATITUDE=47.731011, LONGITUDE=-122.173508, _4='Limited-Service Restaurants')"
2018-06-30T18:33:22,2018-06-30T19:28:34,"Pandas(_0='SUBWAY', CITY='Kirkland', LATITUDE=47.731011, LONGITUDE=-122.173508, _4='Limited-Service Restaurants')"
2018-07-05T21:43:05,2018-07-05T22:19:48,"Pandas(_0='SUBWAY', CITY='Kirkland', LATITUDE=47.731011, LONGITUDE=-122.173508, _4='Limited-Service Restaurants')"
2018-07-07T00:01:36,2018-07-07T00:20:34,"Pandas(_0='Safeway', CITY='Kirkland', LATITUDE=47.732456, LONGITUDE=-122.174391, _4='Supermarkets/Other Grocery (Exc Convenience) Strs')"
2018-07-08T22:43:11,2018-07-08T22:58:35,"Pandas(_0='Haggen Food & Pharmacy', CITY='Woodinville', LATITUDE=47.755668, LONGITUDE=-122.156759, _4='Supermarkets/Other Grocery (Exc Convenience) Strs')"
2018-07-20T20:17:51,2018-07-20T21:03:23,"Pandas(_0='SUBWAY', CITY='Kirkland', LATITUDE=47.731011, LONGITUDE=-122.173508, _4='Limited-Service Restaurants')"
2018-07-23T20:50:13,2018-07-23T21:12:18,"Pandas(_0='Brown Point Diner', CITY='Tacoma', LATITUDE=47.300621, LONGITUDE=-122.435403, _4='Full-Service Restaurants')"
2018-07-25T19:22:26,2018-07-25T20:04:35,"Pandas(_0='SUBWAY', CITY='Kirkland', LATITUDE=47.731011, LONGITUDE=-122.173508, _4='Limited-Service Restaurants')"
2018-07-28T22:30:04,2018-07-28T22:55:35,"Pandas(_0='Safeway', CITY='Kirkland', LATITUDE=47.732456, LONGITUDE=-122.174391, _4='Supermarkets/Other Grocery (Exc Convenience) Strs')"
2018-08-04T21:32:23,2018-08-04T21:56:18,"Pandas(_0='Coffee Break Expresso', CITY='Prosser', LATITUDE=46.219778, LONGITUDE=-119.790138, _4='Full-Service Restaurants')"
2018-08-09T22:41:06,2018-08-09T23:44:04,"Pandas(_0='SUBWAY', CITY='Kirkland', LATITUDE=47.731011, LONGITUDE=-122.173508, _4='Limited-Service Restaurants')"
2018-08-18T22:21:28,2018-08-18T22:42:05,"Pandas(_0='Costco Wholesale', CITY='Woodinville', LATITUDE=47.779395, LONGITUDE=-122.148542, _4='Warehouse Clubs & Supercenters')"
2018-08-19T22:36:13,2018-08-19T23:01:03,"Pandas(_0='Costco Wholesale', CITY='Woodinville', LATITUDE=47.779395, LONGITUDE=-122.148542, _4='Warehouse Clubs & Supercenters')"
2018-08-20T20:03:34,2018-08-20T21:11:11,"Pandas(_0='Brown Point Diner', CITY='Tacoma', LATITUDE=47.300621, LONGITUDE=-122.435403, _4='Full-Service Restaurants')"
2018-08-23T23:25:34,2018-08-23T23:41:31,"Pandas(_0='Haggen Food & Pharmacy', CITY='Woodinville', LATITUDE=47.755668, LONGITUDE=-122.156759, _4='Supermarkets/Other Grocery (Exc Convenience) Strs')"
2018-08-31T00:13:03,2018-08-31T00:48:28,"Pandas(_0='Soulfood', CITY='Redmond', LATITUDE=47.675292, LONGITUDE=-122.130695, _4='Full-Service Restaurants')"
2018-09-04T17:28:15,2018-09-04T17:43:30,"Pandas(_0='Garden Cafe', CITY='Woodinville', LATITUDE=47.75343, LONGITUDE=-122.157025, _4='Full-Service Restaurants')"
2018-09-04T20:46:03,2018-09-04T21:58:03,"Pandas(_0='Blue Bird Cafe', CITY='Arlington', LATITUDE=48.195111, LONGITUDE=-122.126478, _4='Full-Service Restaurants')"
2018-09-04T22:37:22,2018-09-04T22:59:05,"Pandas(_0='Mirkwood & Shire Cafe', CITY='Arlington', LATITUDE=48.198972, LONGITUDE=-122.126041, _4='Full-Service Restaurants')"
2018-09-07T20:29:18,2018-09-07T20:44:50,"Pandas(_0='Haggen Food & Pharmacy', CITY='Woodinville', LATITUDE=47.755668, LONGITUDE=-122.156759, _4='Supermarkets/Other Grocery (Exc Convenience) Strs')"
2018-09-10T23:10:20,2018-09-11T00:47:20,"Pandas(_0=""Ming's Garden Chinese Cuisine"", CITY='Snoqualmie', LATITUDE=47.530237, LONGITUDE=-121.872808, _4='Full-Service Restaurants')"
2018-09-18T20:24:22,2018-09-18T20:39:54,"Pandas(_0='Haggen Food & Pharmacy', CITY='Woodinville', LATITUDE=47.755668, LONGITUDE=-122.156759, _4='Supermarkets/Other Grocery (Exc Convenience) Strs')"
2018-09-25T20:21:24,2018-09-25T20:41:22,"Pandas(_0='SUBWAY', CITY='Kirkland', LATITUDE=47.731011, LONGITUDE=-122.173508, _4='Limited-Service Restaurants')"
2018-09-25T20:51:27,2018-09-25T21:43:22,"Pandas(_0='SUBWAY', CITY='Kirkland', LATITUDE=47.731011, LONGITUDE=-122.173508, _4='Limited-Service Restaurants')"
2018-10-01T20:31:24,2018-10-01T20:47:24,"Pandas(_0=""Papa Murphy's Take 'N' Bake"", CITY='Woodinville', LATITUDE=47.75502, LONGITUDE=-122.150545, _4='Limited-Service Restaurants')"
2018-10-06T21:14:05,2018-10-06T21:47:40,"Pandas(_0='SUBWAY', CITY='Kirkland', LATITUDE=47.731011, LONGITUDE=-122.173508, _4='Limited-Service Restaurants')"
2018-10-14T23:57:03,2018-10-15T00:12:10,"Pandas(_0='Haggen Food & Pharmacy', CITY='Woodinville', LATITUDE=47.755668, LONGITUDE=-122.156759, _4='Supermarkets/Other Grocery (Exc Convenience) Strs')"
2018-10-19T18:36:04,2018-10-19T20:36:59,"Pandas(_0='Topside Bar & Grill', CITY='Steilacoom', LATITUDE=47.172424, LONGITUDE=-122.597998, _4='Full-Service Restaurants')"
2018-10-21T21:29:03,2018-10-21T22:53:30,"Pandas(_0='Big Fish Grill-Woodinville', CITY='Woodinville', LATITUDE=47.754802, LONGITUDE=-122.156336, _4='Full-Service Restaurants')"
2018-10-22T23:00:24,2018-10-22T23:49:08,"Pandas(_0='SUBWAY', CITY='Kirkland', LATITUDE=47.731011, LONGITUDE=-122.173508, _4='Limited-Service Restaurants')"
2018-11-01T21:02:49,2018-11-01T21:32:06,"Pandas(_0='SUBWAY', CITY='Kirkland', LATITUDE=47.731011, LONGITUDE=-122.173508, _4='Limited-Service Restaurants')"
2018-11-05T21:10:11,2018-11-05T21:30:51,"Pandas(_0='Costco Wholesale', CITY='Woodinville', LATITUDE=47.779395, LONGITUDE=-122.148542, _4='Warehouse Clubs & Supercenters')"
2018-11-05T21:58:45,2018-11-05T22:25:03,"Pandas(_0='Costco Wholesale', CITY='Woodinville', LATITUDE=47.779395, LONGITUDE=-122.148542, _4='Warehouse Clubs & Supercenters')"
2018-11-06T20:11:03,2018-11-06T20:52:03,"Pandas(_0='Haggen Food & Pharmacy', CITY='Woodinville', LATITUDE=47.755668, LONGITUDE=-122.156759, _4='Supermarkets/Other Grocery (Exc Convenience) Strs')"
2018-11-09T20:35:09,2018-11-09T21:10:48,"Pandas(_0='Haggen Food & Pharmacy', CITY='Woodinville', LATITUDE=47.755668, LONGITUDE=-122.156759, _4='Supermarkets/Other Grocery (Exc Convenience) Strs')"
2018-11-12T02:29:24,2018-11-12T04:12:15,"Pandas(_0='Bay Cafe', CITY='Seattle', LATITUDE=47.6556, LONGITUDE=-122.38117, _4='Full-Service Restaurants')"
2018-11-30T21:47:15,2018-11-30T22:17:14,"Pandas(_0='Haggen Food & Pharmacy', CITY='Woodinville', LATITUDE=47.755668, LONGITUDE=-122.156759, _4='Supermarkets/Other Grocery (Exc Convenience) Strs')"
2018-12-07T21:57:03,2018-12-07T22:17:41,"Pandas(_0='Haggen Food & Pharmacy', CITY='Woodinville', LATITUDE=47.755668, LONGITUDE=-122.156759, _4='Supermarkets/Other Grocery (Exc Convenience) Strs')"
2018-12-10T20:53:03,2018-12-10T21:08:43,"Pandas(_0='Big Fish Grill-Woodinville', CITY='Woodinville', LATITUDE=47.754802, LONGITUDE=-122.156336, _4='Full-Service Restaurants')"
2018-12-14T20:15:16,2018-12-14T20:58:43,"Pandas(_0='SUBWAY', CITY='Kirkland', LATITUDE=47.731011, LONGITUDE=-122.173508, _4='Limited-Service Restaurants')"
2019-01-02T20:18:50,2019-01-02T20:39:07,"Pandas(_0='Haggen Food & Pharmacy', CITY='Woodinville', LATITUDE=47.755668, LONGITUDE=-122.156759, _4='Supermarkets/Other Grocery (Exc Convenience) Strs')"
2019-01-04T21:58:02,2019-01-04T22:26:38,"Pandas(_0='Haggen Food & Pharmacy', CITY='Woodinville', LATITUDE=47.755668, LONGITUDE=-122.156759, _4='Supermarkets/Other Grocery (Exc Convenience) Strs')"
2019-01-13T20:09:52,2019-01-13T20:57:26,"Pandas(_0=""Lowell's Restaurant"", CITY='Seattle', LATITUDE=47.60899, LONGITUDE=-122.34137, _4='Full-Service Restaurants')"
2019-01-16T19:16:12,2019-01-16T20:25:07,"Pandas(_0='Topside Bar & Grill', CITY='Steilacoom', LATITUDE=47.172424, LONGITUDE=-122.597998, _4='Full-Service Restaurants')"
2019-01-23T17:40:25,2019-01-23T18:04:31,"Pandas(_0='Haggen Food & Pharmacy', CITY='Woodinville', LATITUDE=47.755668, LONGITUDE=-122.156759, _4='Supermarkets/Other Grocery (Exc Convenience) Strs')"
2019-01-26T20:00:25,2019-01-26T20:16:49,"Pandas(_0='SUBWAY', CITY='Kirkland', LATITUDE=47.731011, LONGITUDE=-122.173508, _4='Limited-Service Restaurants')"
2019-01-26T20:29:11,2019-01-26T20:53:16,"Pandas(_0='Safeway', CITY='Kirkland', LATITUDE=47.732456, LONGITUDE=-122.174391, _4='Supermarkets/Other Grocery (Exc Convenience) Strs')"
2019-01-30T19:28:31,2019-01-30T20:01:24,"Pandas(_0='Seattle Annapurna', CITY='Seattle', LATITUDE=47.618707, LONGITUDE=-122.321036, _4='Full-Service Restaurants')"
2019-02-12T18:17:23,2019-02-12T18:59:39,"Pandas(_0='SUBWAY', CITY='Kirkland', LATITUDE=47.731011, LONGITUDE=-122.173508, _4='Limited-Service Restaurants')"
2019-02-22T03:13:03,2019-02-22T03:35:23,"Pandas(_0=""R C's Rstrnt Casino Sportsbar"", CITY='Sunnyside', LATITUDE=46.296685, LONGITUDE=-119.956117, _4='Full-Service Restaurants')"
2019-02-25T21:37:53,2019-02-25T22:07:33,"Pandas(_0='SUBWAY', CITY='Kirkland', LATITUDE=47.731011, LONGITUDE=-122.173508, _4='Limited-Service Restaurants')"
2016-09-20T22:03:33,2016-09-20T22:44:10,"Pandas(_0='Haggen Food & Pharmacy', CITY='Woodinville', LATITUDE=47.755668, LONGITUDE=-122.156759, _4='Supermarkets/Other Grocery (Exc Convenience) Strs')"
2016-09-26T22:36:08,2016-09-26T23:23:09,"Pandas(_0='SUBWAY', CITY='Kirkland', LATITUDE=47.731011, LONGITUDE=-122.173508, _4='Limited-Service Restaurants')"
2016-09-28T23:06:43,2016-09-28T23:27:33,"Pandas(_0='Haggen Food & Pharmacy', CITY='Woodinville', LATITUDE=47.755668, LONGITUDE=-122.156759, _4='Supermarkets/Other Grocery (Exc Convenience) Strs')"
2016-10-04T20:58:18,2016-10-04T21:33:07,"Pandas(_0='Costco Wholesale', CITY='Woodinville', LATITUDE=47.779395, LONGITUDE=-122.148542, _4='Warehouse Clubs & Supercenters')"
2016-10-06T00:17:33,2016-10-06T00:37:56,"Pandas(_0='Haggen Food & Pharmacy', CITY='Woodinville', LATITUDE=47.755668, LONGITUDE=-122.156759, _4='Supermarkets/Other Grocery (Exc Convenience) Strs')"
2016-10-08T22:05:19,2016-10-08T22:31:45,"Pandas(_0='Haggen Food & Pharmacy', CITY='Woodinville', LATITUDE=47.755668, LONGITUDE=-122.156759, _4='Supermarkets/Other Grocery (Exc Convenience) Strs')"
2016-10-14T21:37:51,2016-10-14T22:40:59,"Pandas(_0=""Jake's Cafe On 2nd Street"", CITY='Snohomish', LATITUDE=47.912628, LONGITUDE=-122.091146, _4='Full-Service Restaurants')"
2016-10-14T23:50:51,2016-10-15T00:15:19,"Pandas(_0='SUBWAY', CITY='Kirkland', LATITUDE=47.731011, LONGITUDE=-122.173508, _4='Limited-Service Restaurants')"
2016-10-18T22:30:04,2016-10-18T22:48:26,"Pandas(_0='SUBWAY', CITY='Kirkland', LATITUDE=47.731011, LONGITUDE=-122.173508, _4='Limited-Service Restaurants')"
2016-10-18T23:31:20,2016-10-19T00:03:51,"Pandas(_0='Haggen Food & Pharmacy', CITY='Woodinville', LATITUDE=47.755668, LONGITUDE=-122.156759, _4='Supermarkets/Other Grocery (Exc Convenience) Strs')"
2016-10-20T00:22:30,2016-10-20T01:06:09,"Pandas(_0='Haggen Food & Pharmacy', CITY='Woodinville', LATITUDE=47.755668, LONGITUDE=-122.156759, _4='Supermarkets/Other Grocery (Exc Convenience) Strs')"
2016-10-23T00:20:27,2016-10-23T00:59:14,"Pandas(_0=""Chan's Place Woodinville"", CITY='Woodinville', LATITUDE=47.75394, LONGITUDE=-122.14882, _4='Full-Service Restaurants')"
2016-10-23T22:44:37,2016-10-23T23:18:59,"Pandas(_0='Haggen Food & Pharmacy', CITY='Woodinville', LATITUDE=47.755668, LONGITUDE=-122.156759, _4='Supermarkets/Other Grocery (Exc Convenience) Strs')"
2016-10-24T20:01:30,2016-10-24T21:56:10,"Pandas(_0='Abella Pizzeria', CITY='Tacoma', LATITUDE=47.2436, LONGITUDE=-122.43679, _4='Full-Service Restaurants')"
2016-10-26T23:01:16,2016-10-26T23:50:49,"Pandas(_0=""Papa Murphy's Take 'N' Bake"", CITY='Woodinville', LATITUDE=47.75502, LONGITUDE=-122.150545, _4='Limited-Service Restaurants')"
2016-10-29T21:02:38,2016-10-29T21:42:54,"Pandas(_0='SUBWAY', CITY='Kirkland', LATITUDE=47.731011, LONGITUDE=-122.173508, _4='Limited-Service Restaurants')"
2016-10-29T21:57:14,2016-10-29T22:54:04,"Pandas(_0='Ooba Tooba Mex Grill', CITY='Woodinville', LATITUDE=47.75306, LONGITUDE=-122.15212, _4='Full-Service Restaurants')"
2016-10-31T00:02:03,2016-10-31T00:55:41,"Pandas(_0='SUBWAY', CITY='Kirkland', LATITUDE=47.731011, LONGITUDE=-122.173508, _4='Limited-Service Restaurants')"
2016-10-31T00:59:47,2016-10-31T01:18:14,"Pandas(_0='Safeway', CITY='Kirkland', LATITUDE=47.732456, LONGITUDE=-122.174391, _4='Supermarkets/Other Grocery (Exc Convenience) Strs')"
2016-11-06T21:06:44,2016-11-06T21:31:13,"Pandas(_0='Costco Wholesale', CITY='Woodinville', LATITUDE=47.779395, LONGITUDE=-122.148542, _4='Warehouse Clubs & Supercenters')"
2016-11-18T20:27:35,2016-11-18T21:18:33,"Pandas(_0=""Papa Murphy's Take 'N' Bake"", CITY='Woodinville', LATITUDE=47.75502, LONGITUDE=-122.150545, _4='Limited-Service Restaurants')"
2016-11-21T22:25:36,2016-11-21T23:04:17,"Pandas(_0='Haggen Food & Pharmacy', CITY='Woodinville', LATITUDE=47.755668, LONGITUDE=-122.156759, _4='Supermarkets/Other Grocery (Exc Convenience) Strs')"
2016-11-22T22:12:16,2016-11-22T22:32:32,"Pandas(_0='Haggen Food & Pharmacy', CITY='Woodinville', LATITUDE=47.755668, LONGITUDE=-122.156759, _4='Supermarkets/Other Grocery (Exc Convenience) Strs')"
2016-11-24T02:55:30,2016-11-24T04:25:34,"Pandas(_0=""Ming's Garden Chinese Cuisine"", CITY='Snoqualmie', LATITUDE=47.530237, LONGITUDE=-121.872808, _4='Full-Service Restaurants')"
2016-11-26T23:17:26,2016-11-26T23:41:22,"Pandas(_0='Ooba Tooba Mex Grill', CITY='Woodinville', LATITUDE=47.75306, LONGITUDE=-122.15212, _4='Full-Service Restaurants')"
2016-11-28T17:41:47,2016-11-28T18:06:10,"Pandas(_0='Haggen Food & Pharmacy', CITY='Woodinville', LATITUDE=47.755668, LONGITUDE=-122.156759, _4='Supermarkets/Other Grocery (Exc Convenience) Strs')"
2016-11-29T23:19:52,2016-11-29T23:36:16,"Pandas(_0='Haggen Food & Pharmacy', CITY='Woodinville', LATITUDE=47.755668, LONGITUDE=-122.156759, _4='Supermarkets/Other Grocery (Exc Convenience) Strs')"
2016-12-14T22:05:23,2016-12-14T22:58:11,"Pandas(_0='SUBWAY', CITY='Kirkland', LATITUDE=47.731011, LONGITUDE=-122.173508, _4='Limited-Service Restaurants')"
2016-12-18T21:10:31,2016-12-18T21:41:00,"Pandas(_0='Haggen Food & Pharmacy', CITY='Woodinville', LATITUDE=47.755668, LONGITUDE=-122.156759, _4='Supermarkets/Other Grocery (Exc Convenience) Strs')"
2016-12-25T19:57:44,2016-12-25T20:16:10,"Pandas(_0='Safeway', CITY='Kirkland', LATITUDE=47.732456, LONGITUDE=-122.174391, _4='Supermarkets/Other Grocery (Exc Convenience) Strs')"
2017-01-04T16:48:51,2017-01-04T17:15:17,"Pandas(_0='Haggen Food & Pharmacy', CITY='Woodinville', LATITUDE=47.755668, LONGITUDE=-122.156759, _4='Supermarkets/Other Grocery (Exc Convenience) Strs')"
2017-01-07T20:40:47,2017-01-07T21:45:49,"Pandas(_0='SUBWAY', CITY='Kirkland', LATITUDE=47.731011, LONGITUDE=-122.173508, _4='Limited-Service Restaurants')"
2017-01-07T22:09:28,2017-01-07T23:06:17,"Pandas(_0='SUBWAY', CITY='Kirkland', LATITUDE=47.731011, LONGITUDE=-122.173508, _4='Limited-Service Restaurants')"
2017-01-10T22:29:45,2017-01-10T22:59:03,"Pandas(_0='Haggen Food & Pharmacy', CITY='Woodinville', LATITUDE=47.755668, LONGITUDE=-122.156759, _4='Supermarkets/Other Grocery (Exc Convenience) Strs')"
2017-01-14T19:41:17,2017-01-14T20:28:03,"Pandas(_0='SUBWAY', CITY='Kirkland', LATITUDE=47.731011, LONGITUDE=-122.173508, _4='Limited-Service Restaurants')"
2017-01-20T18:30:33,2017-01-20T18:48:39,"Pandas(_0='Uwajimaya Inc', CITY='Bellevue', LATITUDE=47.616026, LONGITUDE=-122.181942, _4='Supermarkets/Other Grocery (Exc Convenience) Strs')"
2017-01-22T21:39:25,2017-01-22T22:03:47,"Pandas(_0='Haggen Food & Pharmacy', CITY='Woodinville', LATITUDE=47.755668, LONGITUDE=-122.156759, _4='Supermarkets/Other Grocery (Exc Convenience) Strs')"
2017-01-23T21:28:06,2017-01-23T22:14:03,"Pandas(_0=""Mc Donald's"", CITY='Kirkland', LATITUDE=47.731589, LONGITUDE=-122.17421, _4='Limited-Service Restaurants')"
2017-01-29T23:43:56,2017-01-30T00:01:17,"Pandas(_0='Big Fish Grill-Woodinville', CITY='Woodinville', LATITUDE=47.754802, LONGITUDE=-122.156336, _4='Full-Service Restaurants')"
2017-01-31T20:59:23,2017-01-31T21:50:06,"Pandas(_0='SUBWAY', CITY='Kirkland', LATITUDE=47.731011, LONGITUDE=-122.173508, _4='Limited-Service Restaurants')"
2017-02-04T18:58:03,2017-02-04T19:16:18,"Pandas(_0='Haggen Food & Pharmacy', CITY='Woodinville', LATITUDE=47.755668, LONGITUDE=-122.156759, _4='Supermarkets/Other Grocery (Exc Convenience) Strs')"
2017-02-08T21:09:38,2017-02-08T22:10:17,"Pandas(_0='SUBWAY', CITY='Kirkland', LATITUDE=47.731011, LONGITUDE=-122.173508, _4='Limited-Service Restaurants')"
2017-02-08T23:03:17,2017-02-08T23:19:28,"Pandas(_0='SUBWAY', CITY='Kirkland', LATITUDE=47.731011, LONGITUDE=-122.173508, _4='Limited-Service Restaurants')"
2017-02-12T21:08:14,2017-02-12T21:46:57,"Pandas(_0='Safeway', CITY='Kirkland', LATITUDE=47.732456, LONGITUDE=-122.174391, _4='Supermarkets/Other Grocery (Exc Convenience) Strs')"
