start,end,outlet info
2018-07-23T01:41:18,2018-07-23T02:54:22,"Pandas(_0='Super Buffet', CITY='Lacey', LATITUDE=47.06042, LONGITUDE=-122.76788, _4='Limited-Service Restaurants')"
2018-08-11T23:31:54,2018-08-12T00:00:38,"Pandas(_0='Caliburger', CITY='Seattle', LATITUDE=47.661662, LONGITUDE=-122.313454, _4='Full-Service Restaurants')"
2018-08-14T21:14:36,2018-08-14T21:54:54,"Pandas(_0='Spring Kitchen Uw', CITY='Seattle', LATITUDE=47.655672, LONGITUDE=-122.313215, _4='Full-Service Restaurants')"
2018-08-16T03:34:00,2018-08-16T03:59:15,"Pandas(_0='Pagliacci Pizza', CITY='Seattle', LATITUDE=47.655966, LONGITUDE=-122.315167, _4='Full-Service Restaurants')"
2018-08-16T04:15:33,2018-08-16T06:02:03,"Pandas(_0='Pagliacci Pizza', CITY='Seattle', LATITUDE=47.655966, LONGITUDE=-122.315167, _4='Full-Service Restaurants')"
2018-08-18T03:30:39,2018-08-18T05:30:40,"Pandas(_0='Pagliacci Pizza', CITY='Seattle', LATITUDE=47.655966, LONGITUDE=-122.315167, _4='Full-Service Restaurants')"
2018-08-18T18:43:06,2018-08-18T19:49:13,"Pandas(_0='Spring Kitchen Uw', CITY='Seattle', LATITUDE=47.655672, LONGITUDE=-122.313215, _4='Full-Service Restaurants')"
2018-08-20T05:13:27,2018-08-20T07:01:34,"Pandas(_0='Spring Kitchen Uw', CITY='Seattle', LATITUDE=47.655672, LONGITUDE=-122.313215, _4='Full-Service Restaurants')"
2018-08-27T14:35:26,2018-08-27T16:03:06,"Pandas(_0='Spring Kitchen Uw', CITY='Seattle', LATITUDE=47.655672, LONGITUDE=-122.313215, _4='Full-Service Restaurants')"
2018-08-28T01:17:38,2018-08-28T01:43:04,"Pandas(_0='Spring Kitchen Uw', CITY='Seattle', LATITUDE=47.655672, LONGITUDE=-122.313215, _4='Full-Service Restaurants')"
2018-08-30T01:20:15,2018-08-30T01:53:31,"Pandas(_0='Kyoto Teriyaki', CITY='Seattle', LATITUDE=47.614031, LONGITUDE=-122.32142, _4='Full-Service Restaurants')"
2018-09-03T17:33:43,2018-09-03T19:10:57,"Pandas(_0='Spring Kitchen Uw', CITY='Seattle', LATITUDE=47.655672, LONGITUDE=-122.313215, _4='Full-Service Restaurants')"
2018-09-04T21:20:05,2018-09-04T22:37:06,"Pandas(_0='Ichiro Teriyaki', CITY='Seattle', LATITUDE=47.657588, LONGITUDE=-122.313163, _4='Full-Service Restaurants')"
2018-09-05T03:20:37,2018-09-05T04:09:28,"Pandas(_0='Spring Kitchen Uw', CITY='Seattle', LATITUDE=47.655672, LONGITUDE=-122.313215, _4='Full-Service Restaurants')"
2018-09-05T09:39:57,2018-09-05T11:43:05,"Pandas(_0='Spring Kitchen Uw', CITY='Seattle', LATITUDE=47.655672, LONGITUDE=-122.313215, _4='Full-Service Restaurants')"
2018-09-06T08:47:26,2018-09-06T09:52:57,"Pandas(_0='Spring Kitchen Uw', CITY='Seattle', LATITUDE=47.655672, LONGITUDE=-122.313215, _4='Full-Service Restaurants')"
2018-09-06T09:55:13,2018-09-06T10:19:50,"Pandas(_0='Spring Kitchen Uw', CITY='Seattle', LATITUDE=47.655672, LONGITUDE=-122.313215, _4='Full-Service Restaurants')"
2018-09-06T13:10:22,2018-09-06T13:30:30,"Pandas(_0='Spring Kitchen Uw', CITY='Seattle', LATITUDE=47.655672, LONGITUDE=-122.313215, _4='Full-Service Restaurants')"
2018-09-06T13:31:49,2018-09-06T14:13:27,"Pandas(_0='Spring Kitchen Uw', CITY='Seattle', LATITUDE=47.655672, LONGITUDE=-122.313215, _4='Full-Service Restaurants')"
2018-09-06T14:26:15,2018-09-06T16:05:09,"Pandas(_0='Spring Kitchen Uw', CITY='Seattle', LATITUDE=47.655672, LONGITUDE=-122.313215, _4='Full-Service Restaurants')"
2018-09-07T20:41:22,2018-09-07T21:11:05,"Pandas(_0='Spring Kitchen Uw', CITY='Seattle', LATITUDE=47.655672, LONGITUDE=-122.313215, _4='Full-Service Restaurants')"
2018-09-08T03:38:38,2018-09-08T04:46:23,"Pandas(_0='Spring Kitchen Uw', CITY='Seattle', LATITUDE=47.655672, LONGITUDE=-122.313215, _4='Full-Service Restaurants')"
2018-09-08T06:19:47,2018-09-08T08:36:59,"Pandas(_0='Spring Kitchen Uw', CITY='Seattle', LATITUDE=47.655672, LONGITUDE=-122.313215, _4='Full-Service Restaurants')"
2018-09-08T10:19:46,2018-09-08T11:07:46,"Pandas(_0='Spring Kitchen Uw', CITY='Seattle', LATITUDE=47.655672, LONGITUDE=-122.313215, _4='Full-Service Restaurants')"
2018-09-08T12:46:22,2018-09-08T14:34:23,"Pandas(_0='Spring Kitchen Uw', CITY='Seattle', LATITUDE=47.655672, LONGITUDE=-122.313215, _4='Full-Service Restaurants')"
2018-09-08T14:35:25,2018-09-08T15:00:25,"Pandas(_0='Spring Kitchen Uw', CITY='Seattle', LATITUDE=47.655672, LONGITUDE=-122.313215, _4='Full-Service Restaurants')"
2018-09-08T15:04:58,2018-09-08T15:25:48,"Pandas(_0='Spring Kitchen Uw', CITY='Seattle', LATITUDE=47.655672, LONGITUDE=-122.313215, _4='Full-Service Restaurants')"
2018-09-08T20:41:16,2018-09-08T21:02:14,"Pandas(_0='Spring Kitchen Uw', CITY='Seattle', LATITUDE=47.655672, LONGITUDE=-122.313215, _4='Full-Service Restaurants')"
2018-09-09T01:17:40,2018-09-09T01:44:03,"Pandas(_0=""P F Chang's China Bistro"", CITY='Seattle', LATITUDE=47.611281, LONGITUDE=-122.337644, _4='Full-Service Restaurants')"
2018-09-11T01:15:40,2018-09-11T02:23:30,"Pandas(_0='Spring Kitchen Uw', CITY='Seattle', LATITUDE=47.655672, LONGITUDE=-122.313215, _4='Full-Service Restaurants')"
2018-09-11T21:08:04,2018-09-11T22:59:39,"Pandas(_0='Spring Kitchen Uw', CITY='Seattle', LATITUDE=47.655672, LONGITUDE=-122.313215, _4='Full-Service Restaurants')"
2018-09-12T02:54:45,2018-09-12T04:08:32,"Pandas(_0='Spring Kitchen Uw', CITY='Seattle', LATITUDE=47.655672, LONGITUDE=-122.313215, _4='Full-Service Restaurants')"
2018-09-12T17:34:56,2018-09-12T18:15:46,"Pandas(_0='Spring Kitchen Uw', CITY='Seattle', LATITUDE=47.655672, LONGITUDE=-122.313215, _4='Full-Service Restaurants')"
2018-09-12T21:10:12,2018-09-12T21:33:45,"Pandas(_0='Spring Kitchen Uw', CITY='Seattle', LATITUDE=47.655672, LONGITUDE=-122.313215, _4='Full-Service Restaurants')"
2018-09-12T22:37:41,2018-09-12T23:56:29,"Pandas(_0='Spring Kitchen Uw', CITY='Seattle', LATITUDE=47.655672, LONGITUDE=-122.313215, _4='Full-Service Restaurants')"
2018-09-13T20:28:23,2018-09-13T21:01:15,"Pandas(_0='Spring Kitchen Uw', CITY='Seattle', LATITUDE=47.655672, LONGITUDE=-122.313215, _4='Full-Service Restaurants')"
2018-09-13T21:02:03,2018-09-13T22:14:22,"Pandas(_0='Spring Kitchen Uw', CITY='Seattle', LATITUDE=47.655672, LONGITUDE=-122.313215, _4='Full-Service Restaurants')"
2018-09-13T22:16:27,2018-09-13T23:48:26,"Pandas(_0='Spring Kitchen Uw', CITY='Seattle', LATITUDE=47.655672, LONGITUDE=-122.313215, _4='Full-Service Restaurants')"
2018-09-14T00:09:49,2018-09-14T02:31:08,"Pandas(_0='Spring Kitchen Uw', CITY='Seattle', LATITUDE=47.655672, LONGITUDE=-122.313215, _4='Full-Service Restaurants')"
2018-09-14T17:55:00,2018-09-14T19:03:08,"Pandas(_0='Spring Kitchen Uw', CITY='Seattle', LATITUDE=47.655672, LONGITUDE=-122.313215, _4='Full-Service Restaurants')"
2018-09-14T20:31:21,2018-09-14T22:13:56,"Pandas(_0='Spring Kitchen Uw', CITY='Seattle', LATITUDE=47.655672, LONGITUDE=-122.313215, _4='Full-Service Restaurants')"
2018-09-14T23:38:36,2018-09-15T02:04:04,"Pandas(_0='Spring Kitchen Uw', CITY='Seattle', LATITUDE=47.655672, LONGITUDE=-122.313215, _4='Full-Service Restaurants')"
2018-09-17T18:39:00,2018-09-17T20:09:25,"Pandas(_0='Spring Kitchen Uw', CITY='Seattle', LATITUDE=47.655672, LONGITUDE=-122.313215, _4='Full-Service Restaurants')"
2018-09-17T23:23:45,2018-09-18T01:12:18,"Pandas(_0='Spring Kitchen Uw', CITY='Seattle', LATITUDE=47.655672, LONGITUDE=-122.313215, _4='Full-Service Restaurants')"
2018-09-18T01:19:26,2018-09-18T03:15:02,"Pandas(_0='Spring Kitchen Uw', CITY='Seattle', LATITUDE=47.655672, LONGITUDE=-122.313215, _4='Full-Service Restaurants')"
2018-09-18T21:32:49,2018-09-18T22:02:35,"Pandas(_0='Spring Kitchen Uw', CITY='Seattle', LATITUDE=47.655672, LONGITUDE=-122.313215, _4='Full-Service Restaurants')"
2018-09-19T03:46:06,2018-09-19T05:10:06,"Pandas(_0='Spring Kitchen Uw', CITY='Seattle', LATITUDE=47.655672, LONGITUDE=-122.313215, _4='Full-Service Restaurants')"
2018-09-20T22:03:59,2018-09-20T23:50:51,"Pandas(_0=""Vera's Restaurant"", CITY='Seattle', LATITUDE=47.667749, LONGITUDE=-122.384827, _4='Full-Service Restaurants')"
2018-09-23T02:54:11,2018-09-23T03:10:07,"Pandas(_0='Spring Kitchen Uw', CITY='Seattle', LATITUDE=47.655672, LONGITUDE=-122.313215, _4='Full-Service Restaurants')"
2018-09-23T03:43:14,2018-09-23T04:04:07,"Pandas(_0='Spring Kitchen Uw', CITY='Seattle', LATITUDE=47.655672, LONGITUDE=-122.313215, _4='Full-Service Restaurants')"
2018-09-23T10:48:46,2018-09-23T12:48:46,"Pandas(_0='Spring Kitchen Uw', CITY='Seattle', LATITUDE=47.655672, LONGITUDE=-122.313215, _4='Full-Service Restaurants')"
2018-09-23T12:52:08,2018-09-23T14:51:07,"Pandas(_0='Spring Kitchen Uw', CITY='Seattle', LATITUDE=47.655672, LONGITUDE=-122.313215, _4='Full-Service Restaurants')"
2018-09-23T18:30:09,2018-09-23T18:58:24,"Pandas(_0='Spring Kitchen Uw', CITY='Seattle', LATITUDE=47.655672, LONGITUDE=-122.313215, _4='Full-Service Restaurants')"
2018-09-23T22:51:30,2018-09-24T00:54:18,"Pandas(_0='Spring Kitchen Uw', CITY='Seattle', LATITUDE=47.655672, LONGITUDE=-122.313215, _4='Full-Service Restaurants')"
2018-09-24T00:55:04,2018-09-24T02:47:25,"Pandas(_0='Spring Kitchen Uw', CITY='Seattle', LATITUDE=47.655672, LONGITUDE=-122.313215, _4='Full-Service Restaurants')"
2018-09-24T18:32:32,2018-09-24T20:02:05,"Pandas(_0='Spring Kitchen Uw', CITY='Seattle', LATITUDE=47.655672, LONGITUDE=-122.313215, _4='Full-Service Restaurants')"
2018-09-26T04:07:52,2018-09-26T06:34:46,"Pandas(_0='Spring Kitchen Uw', CITY='Seattle', LATITUDE=47.655672, LONGITUDE=-122.313215, _4='Full-Service Restaurants')"
2018-09-26T06:35:36,2018-09-26T06:58:22,"Pandas(_0='Spring Kitchen Uw', CITY='Seattle', LATITUDE=47.655672, LONGITUDE=-122.313215, _4='Full-Service Restaurants')"
2018-09-27T02:13:49,2018-09-27T03:24:34,"Pandas(_0='Caffe Ladro', CITY='Seattle', LATITUDE=47.607975, LONGITUDE=-122.338859, _4='Full-Service Restaurants')"
2018-09-27T21:15:58,2018-09-27T23:15:20,"Pandas(_0='Spring Kitchen Uw', CITY='Seattle', LATITUDE=47.655672, LONGITUDE=-122.313215, _4='Full-Service Restaurants')"
2018-09-28T02:58:58,2018-09-28T04:25:31,"Pandas(_0='Spring Kitchen Uw', CITY='Seattle', LATITUDE=47.655672, LONGITUDE=-122.313215, _4='Full-Service Restaurants')"
2018-09-30T00:48:03,2018-09-30T01:47:15,"Pandas(_0='Spring Kitchen Uw', CITY='Seattle', LATITUDE=47.655672, LONGITUDE=-122.313215, _4='Full-Service Restaurants')"
2018-09-30T22:23:52,2018-09-30T23:50:15,"Pandas(_0='Spring Kitchen Uw', CITY='Seattle', LATITUDE=47.655672, LONGITUDE=-122.313215, _4='Full-Service Restaurants')"
2018-10-01T23:27:24,2018-10-02T01:04:04,"Pandas(_0='Spring Kitchen Uw', CITY='Seattle', LATITUDE=47.655672, LONGITUDE=-122.313215, _4='Full-Service Restaurants')"
2018-10-02T01:41:04,2018-10-02T02:03:42,"Pandas(_0='Spring Kitchen Uw', CITY='Seattle', LATITUDE=47.655672, LONGITUDE=-122.313215, _4='Full-Service Restaurants')"
2018-10-02T02:05:42,2018-10-02T03:23:02,"Pandas(_0='Spring Kitchen Uw', CITY='Seattle', LATITUDE=47.655672, LONGITUDE=-122.313215, _4='Full-Service Restaurants')"
2018-10-02T14:46:08,2018-10-02T17:06:08,"Pandas(_0='Spring Kitchen Uw', CITY='Seattle', LATITUDE=47.655672, LONGITUDE=-122.313215, _4='Full-Service Restaurants')"
2018-10-02T23:21:15,2018-10-03T00:33:52,"Pandas(_0='Spring Kitchen Uw', CITY='Seattle', LATITUDE=47.655672, LONGITUDE=-122.313215, _4='Full-Service Restaurants')"
2018-10-04T00:56:31,2018-10-04T03:14:20,"Pandas(_0='Spring Kitchen Uw', CITY='Seattle', LATITUDE=47.655672, LONGITUDE=-122.313215, _4='Full-Service Restaurants')"
2018-10-05T23:10:04,2018-10-05T23:31:35,"Pandas(_0='Spring Kitchen Uw', CITY='Seattle', LATITUDE=47.655672, LONGITUDE=-122.313215, _4='Full-Service Restaurants')"
2018-10-12T21:37:53,2018-10-12T22:04:13,"Pandas(_0='Albertsons', CITY='Port Orchard', LATITUDE=47.49669, LONGITUDE=-122.651648, _4='Supermarkets/Other Grocery (Exc Convenience) Strs')"
2018-10-15T00:12:48,2018-10-15T00:29:50,"Pandas(_0='Taco Bell', CITY='Centralia', LATITUDE=46.729319, LONGITUDE=-122.97906, _4='Limited-Service Restaurants')"
2018-10-15T04:18:16,2018-10-15T05:02:23,"Pandas(_0='Caliburger', CITY='Seattle', LATITUDE=47.661662, LONGITUDE=-122.313454, _4='Full-Service Restaurants')"
2018-10-16T21:45:21,2018-10-17T00:07:52,"Pandas(_0='Spring Kitchen Uw', CITY='Seattle', LATITUDE=47.655672, LONGITUDE=-122.313215, _4='Full-Service Restaurants')"
2018-10-17T18:47:22,2018-10-17T19:59:15,"Pandas(_0='Spring Kitchen Uw', CITY='Seattle', LATITUDE=47.655672, LONGITUDE=-122.313215, _4='Full-Service Restaurants')"
2018-10-18T23:30:08,2018-10-19T00:47:59,"Pandas(_0='Spring Kitchen Uw', CITY='Seattle', LATITUDE=47.655672, LONGITUDE=-122.313215, _4='Full-Service Restaurants')"
2018-10-21T01:05:38,2018-10-21T01:59:03,"Pandas(_0='Haru Sushi', CITY='Seattle', LATITUDE=47.65964, LONGITUDE=-122.31337, _4='Full-Service Restaurants')"
2018-10-22T00:31:29,2018-10-22T00:51:14,"Pandas(_0='Safeway', CITY='Seattle', LATITUDE=47.664281, LONGITUDE=-122.313907, _4='Supermarkets/Other Grocery (Exc Convenience) Strs')"
2018-10-25T04:25:53,2018-10-25T04:47:05,"Pandas(_0='Spring Kitchen Uw', CITY='Seattle', LATITUDE=47.655672, LONGITUDE=-122.313215, _4='Full-Service Restaurants')"
2018-10-27T20:36:08,2018-10-27T21:31:49,"Pandas(_0='U Don Fresh Japanese Noodle', CITY='Seattle', LATITUDE=47.661735, LONGITUDE=-122.313192, _4='Full-Service Restaurants')"
2018-10-28T04:43:11,2018-10-28T05:12:51,"Pandas(_0=""Freddy Junior's"", CITY='Seattle', LATITUDE=47.614513, LONGITUDE=-122.320868, _4='Full-Service Restaurants')"
2018-10-28T05:17:49,2018-10-28T06:18:09,"Pandas(_0=""Freddy Junior's"", CITY='Seattle', LATITUDE=47.614513, LONGITUDE=-122.320868, _4='Full-Service Restaurants')"
2018-10-30T01:41:03,2018-10-30T02:03:25,"Pandas(_0='Tahn Brothers Restaurant', CITY='Seattle', LATITUDE=47.65858, LONGITUDE=-122.3134, _4='Full-Service Restaurants')"
2018-10-31T21:45:52,2018-10-31T22:15:51,"Pandas(_0='Mee Sum Pastry', CITY='Seattle', LATITUDE=47.661192, LONGITUDE=-122.313203, _4='Full-Service Restaurants')"
2018-10-31T22:45:24,2018-10-31T23:05:39,"Pandas(_0='Ichiro Teriyaki', CITY='Seattle', LATITUDE=47.657588, LONGITUDE=-122.313163, _4='Full-Service Restaurants')"
2018-11-06T03:56:37,2018-11-06T04:16:26,"Pandas(_0=""Mc Donald's"", CITY='Chehalis', LATITUDE=46.67839, LONGITUDE=-122.97955, _4='Limited-Service Restaurants')"
2018-11-07T03:12:34,2018-11-07T03:39:46,"Pandas(_0='SUBWAY', CITY='Lakewood', LATITUDE=47.16148, LONGITUDE=-122.484589, _4='Limited-Service Restaurants')"
2018-11-07T04:09:03,2018-11-07T04:42:09,"Pandas(_0='Boulangerie Bakery & Cafe', CITY='Lakewood', LATITUDE=47.169138, LONGITUDE=-122.48294, _4='Full-Service Restaurants')"
2018-11-09T23:52:13,2018-11-10T00:22:15,"Pandas(_0=""Papa Murphy's Take 'N' Bake"", CITY='Centralia', LATITUDE=46.72784, LONGITUDE=-122.980873, _4='Limited-Service Restaurants')"
2018-11-13T18:45:02,2018-11-13T19:05:21,"Pandas(_0='Topside Bar & Grill', CITY='Steilacoom', LATITUDE=47.172424, LONGITUDE=-122.597998, _4='Full-Service Restaurants')"
2018-11-16T14:35:12,2018-11-16T17:03:34,"Pandas(_0='Zheng Cafe', CITY='Seattle', LATITUDE=47.620753, LONGITUDE=-122.344941, _4='Full-Service Restaurants')"
2018-11-19T23:03:11,2018-11-19T23:24:40,"Pandas(_0=""Shultzy's Sausage"", CITY='Seattle', LATITUDE=47.65728, LONGITUDE=-122.313172, _4='Full-Service Restaurants')"
2018-11-26T04:14:19,2018-11-26T05:32:18,"Pandas(_0='Spring Kitchen Uw', CITY='Seattle', LATITUDE=47.655672, LONGITUDE=-122.313215, _4='Full-Service Restaurants')"
2018-11-26T05:34:19,2018-11-26T07:54:14,"Pandas(_0='College Inn', CITY='Seattle', LATITUDE=47.655491, LONGITUDE=-122.312987, _4='Supermarkets/Other Grocery (Exc Convenience) Strs')"
2018-12-02T02:51:09,2018-12-02T03:49:08,"Pandas(_0='Itadakimasu Restaurant', CITY='Seattle', LATITUDE=47.664344, LONGITUDE=-122.314528, _4='Full-Service Restaurants')"
2018-12-02T04:15:03,2018-12-02T05:11:37,"Pandas(_0='Spring Kitchen Uw', CITY='Seattle', LATITUDE=47.655672, LONGITUDE=-122.313215, _4='Full-Service Restaurants')"
2018-12-02T05:17:05,2018-12-02T06:17:04,"Pandas(_0='College Inn', CITY='Seattle', LATITUDE=47.655491, LONGITUDE=-122.312987, _4='Supermarkets/Other Grocery (Exc Convenience) Strs')"
2018-12-02T06:35:57,2018-12-02T07:06:04,"Pandas(_0='College Inn', CITY='Seattle', LATITUDE=47.655491, LONGITUDE=-122.312987, _4='Supermarkets/Other Grocery (Exc Convenience) Strs')"
2018-12-02T17:22:50,2018-12-02T18:52:02,"Pandas(_0='Cafe On The Aveune', CITY='Seattle', LATITUDE=47.658501, LONGITUDE=-122.313556, _4='Full-Service Restaurants')"
2018-12-16T03:44:02,2018-12-16T04:47:22,"Pandas(_0='Itadakimasu Restaurant', CITY='Seattle', LATITUDE=47.664344, LONGITUDE=-122.314528, _4='Full-Service Restaurants')"
2018-12-16T04:58:59,2018-12-16T05:14:43,"Pandas(_0='U Don Fresh Japanese Noodle', CITY='Seattle', LATITUDE=47.661735, LONGITUDE=-122.313192, _4='Full-Service Restaurants')"
2018-12-16T08:34:06,2018-12-16T10:59:28,"Pandas(_0='College Inn', CITY='Seattle', LATITUDE=47.655491, LONGITUDE=-122.312987, _4='Supermarkets/Other Grocery (Exc Convenience) Strs')"
2018-12-29T09:41:47,2018-12-29T10:13:03,"Pandas(_0='Jewel Of Indian Cuisine', CITY='Seattle', LATITUDE=47.66418, LONGITUDE=-122.31326, _4='Full-Service Restaurants')"
2019-01-03T03:24:15,2019-01-03T04:01:20,"Pandas(_0='Spring Kitchen Uw', CITY='Seattle', LATITUDE=47.655672, LONGITUDE=-122.313215, _4='Full-Service Restaurants')"
2019-01-04T21:50:39,2019-01-04T22:26:05,"Pandas(_0='LA Vaca Mexican Restaurant', CITY='Seattle', LATITUDE=47.657743, LONGITUDE=-122.313291, _4='Full-Service Restaurants')"
2019-01-06T02:22:42,2019-01-06T03:14:26,"Pandas(_0='Chipotle Mexican Grill', CITY='Seattle', LATITUDE=47.659223, LONGITUDE=-122.313346, _4='Limited-Service Restaurants')"
2019-01-12T02:34:18,2019-01-12T03:28:02,"Pandas(_0='Melting Pot', CITY='Seattle', LATITUDE=47.62474, LONGITUDE=-122.356205, _4='Full-Service Restaurants')"
2019-01-14T00:32:01,2019-01-14T02:01:09,"Pandas(_0='Spring Kitchen Uw', CITY='Seattle', LATITUDE=47.655672, LONGITUDE=-122.313215, _4='Full-Service Restaurants')"
2019-01-20T01:32:41,2019-01-20T01:56:35,"Pandas(_0=""Memo's Mexican Food"", CITY='Seattle', LATITUDE=47.66433, LONGITUDE=-122.31327, _4='Full-Service Restaurants')"
2019-01-21T02:34:13,2019-01-21T03:03:19,"Pandas(_0='LA Vaca Mexican Restaurant', CITY='Seattle', LATITUDE=47.657743, LONGITUDE=-122.313291, _4='Full-Service Restaurants')"
2019-01-26T04:02:53,2019-01-26T04:56:27,"Pandas(_0='Chipotle Mexican Grill', CITY='Seattle', LATITUDE=47.659223, LONGITUDE=-122.313346, _4='Limited-Service Restaurants')"
2019-01-27T02:40:12,2019-01-27T03:18:48,"Pandas(_0='Noodle Nation', CITY='Seattle', LATITUDE=47.65926, LONGITUDE=-122.31296, _4='Full-Service Restaurants')"
2019-01-27T04:47:46,2019-01-27T06:04:15,"Pandas(_0='Which WICH Superior Sandwiches', CITY='Seattle', LATITUDE=47.663994, LONGITUDE=-122.313023, _4='Limited-Service Restaurants')"
2019-01-27T07:09:52,2019-01-27T08:30:40,"Pandas(_0='Which WICH Superior Sandwiches', CITY='Seattle', LATITUDE=47.663994, LONGITUDE=-122.313023, _4='Limited-Service Restaurants')"
2019-01-31T01:30:02,2019-01-31T01:47:23,"Pandas(_0='Caffe Ladro', CITY='Seattle', LATITUDE=47.607975, LONGITUDE=-122.338859, _4='Full-Service Restaurants')"
2019-01-31T01:50:29,2019-01-31T02:25:08,"Pandas(_0='Caffe Ladro', CITY='Seattle', LATITUDE=47.607975, LONGITUDE=-122.338859, _4='Full-Service Restaurants')"
2019-02-01T01:25:34,2019-02-01T01:43:42,"Pandas(_0='Chipotle Mexican Grill', CITY='Seattle', LATITUDE=47.659223, LONGITUDE=-122.313346, _4='Limited-Service Restaurants')"
2019-02-02T02:09:43,2019-02-02T02:44:44,"Pandas(_0='Itadakimasu Restaurant', CITY='Seattle', LATITUDE=47.664344, LONGITUDE=-122.314528, _4='Full-Service Restaurants')"
2019-02-02T19:44:00,2019-02-02T20:55:40,"Pandas(_0='IHOP Restaurant', CITY='Bellingham', LATITUDE=48.790038, LONGITUDE=-122.496095, _4='Full-Service Restaurants')"
2019-02-03T01:15:07,2019-02-03T01:45:08,"Pandas(_0='Veggie Grill', CITY='Seattle', LATITUDE=47.6633, LONGITUDE=-122.298262, _4='Full-Service Restaurants')"
2019-02-03T03:54:07,2019-02-03T04:25:42,"Pandas(_0='H Mart', CITY='Federal Way', LATITUDE=47.322, LONGITUDE=-122.31523, _4='Supermarkets/Other Grocery (Exc Convenience) Strs')"
2019-02-07T19:10:48,2019-02-07T20:13:07,"Pandas(_0=""O'Blarney's Irish Pub"", CITY='Centralia', LATITUDE=46.71806, LONGITUDE=-122.95382, _4='Full-Service Restaurants')"
2019-02-07T21:12:48,2019-02-07T21:28:03,"Pandas(_0='Casadores Mexican Restaurant', CITY='Centralia', LATITUDE=46.718563, LONGITUDE=-122.953729, _4='Full-Service Restaurants')"
2019-02-07T21:29:36,2019-02-07T21:53:45,"Pandas(_0=""O'Blarney's Irish Pub"", CITY='Centralia', LATITUDE=46.71806, LONGITUDE=-122.95382, _4='Full-Service Restaurants')"
2019-02-07T22:59:06,2019-02-07T23:18:54,"Pandas(_0='Dawns Delectables', CITY='Centralia', LATITUDE=46.717341, LONGITUDE=-122.953777, _4='Full-Service Restaurants')"
2019-02-10T01:34:31,2019-02-10T01:49:52,"Pandas(_0='KFC', CITY='Centralia', LATITUDE=46.717834, LONGITUDE=-122.96112, _4='Limited-Service Restaurants')"
2019-02-15T00:10:23,2019-02-15T00:57:35,"Pandas(_0='Spring Kitchen Uw', CITY='Seattle', LATITUDE=47.655672, LONGITUDE=-122.313215, _4='Full-Service Restaurants')"
2019-02-15T01:08:04,2019-02-15T02:00:08,"Pandas(_0='College Inn', CITY='Seattle', LATITUDE=47.655491, LONGITUDE=-122.312987, _4='Supermarkets/Other Grocery (Exc Convenience) Strs')"
2019-02-17T01:07:20,2019-02-17T02:18:34,"Pandas(_0='Haru Sushi', CITY='Seattle', LATITUDE=47.65964, LONGITUDE=-122.31337, _4='Full-Service Restaurants')"
2019-02-20T06:38:16,2019-02-20T06:58:17,"Pandas(_0='Silkroad Noodle Bar LLC', CITY='Seattle', LATITUDE=47.661497, LONGITUDE=-122.313197, _4='Full-Service Restaurants')"
2019-02-24T07:12:52,2019-02-24T07:34:16,"Pandas(_0='Big Time Brewery & Alehouse', CITY='Seattle', LATITUDE=47.657865, LONGITUDE=-122.313288, _4='Full-Service Restaurants')"
2019-02-24T22:48:42,2019-02-24T23:38:01,"Pandas(_0='LA Vaca Mexican Restaurant', CITY='Seattle', LATITUDE=47.657743, LONGITUDE=-122.313291, _4='Full-Service Restaurants')"
2019-03-01T19:50:08,2019-03-01T20:37:35,"Pandas(_0='Chipotle Mexican Grill', CITY='Seattle', LATITUDE=47.659223, LONGITUDE=-122.313346, _4='Limited-Service Restaurants')"
2019-03-02T00:26:21,2019-03-02T00:44:01,"Pandas(_0=""Jimmy John's"", CITY='Seattle', LATITUDE=47.6017, LONGITUDE=-122.334004, _4='Limited-Service Restaurants')"
2019-03-02T01:54:37,2019-03-02T02:26:37,"Pandas(_0='Itadakimasu Restaurant', CITY='Seattle', LATITUDE=47.664344, LONGITUDE=-122.314528, _4='Full-Service Restaurants')"
2019-03-10T03:54:12,2019-03-10T04:26:19,"Pandas(_0='U Don Fresh Japanese Noodle', CITY='Seattle', LATITUDE=47.661735, LONGITUDE=-122.313192, _4='Full-Service Restaurants')"
2019-03-14T03:43:36,2019-03-14T04:01:38,"Pandas(_0='Aladdin Gyro-Cery & Deli', CITY='Seattle', LATITUDE=47.658171, LONGITUDE=-122.313278, _4='Supermarkets/Other Grocery (Exc Convenience) Strs')"
2019-03-15T01:47:36,2019-03-15T02:26:03,"Pandas(_0='Big Time Brewery & Alehouse', CITY='Seattle', LATITUDE=47.657865, LONGITUDE=-122.313288, _4='Full-Service Restaurants')"
2019-03-16T22:51:25,2019-03-16T23:20:47,"Pandas(_0='Blue C Sushi', CITY='Seattle', LATITUDE=47.66212, LONGITUDE=-122.29844, _4='Full-Service Restaurants')"
2019-03-23T00:21:18,2019-03-23T00:46:37,"Pandas(_0='Honeyhole Sandwiches', CITY='Seattle', LATITUDE=47.614012, LONGITUDE=-122.323007, _4='Full-Service Restaurants')"
2019-03-23T00:49:40,2019-03-23T01:28:31,"Pandas(_0='Bimbos Bitchin Burrito Kitchen', CITY='Seattle', LATITUDE=47.61397, LONGITUDE=-122.31875, _4='Full-Service Restaurants')"
2019-03-23T01:31:15,2019-03-23T01:56:16,"Pandas(_0='Kyoto Teriyaki', CITY='Seattle', LATITUDE=47.614031, LONGITUDE=-122.32142, _4='Full-Service Restaurants')"
2019-03-28T02:23:49,2019-03-28T02:55:01,"Pandas(_0='LA Vaca Mexican Restaurant', CITY='Seattle', LATITUDE=47.657743, LONGITUDE=-122.313291, _4='Full-Service Restaurants')"
2019-03-30T18:07:20,2019-03-30T18:30:08,"Pandas(_0='Shawerma King', CITY='Seattle', LATITUDE=47.660998, LONGITUDE=-122.313208, _4='Full-Service Restaurants')"
2019-04-01T00:35:35,2019-04-01T01:05:52,"Pandas(_0='LA Vaca Mexican Restaurant', CITY='Seattle', LATITUDE=47.657743, LONGITUDE=-122.313291, _4='Full-Service Restaurants')"
2019-04-02T17:11:06,2019-04-02T18:24:43,"Pandas(_0='Spring Kitchen Uw', CITY='Seattle', LATITUDE=47.655672, LONGITUDE=-122.313215, _4='Full-Service Restaurants')"
2019-04-06T01:41:15,2019-04-06T02:12:54,"Pandas(_0='Tacos Guaymas', CITY='Seattle', LATITUDE=47.67815, LONGITUDE=-122.3277, _4='Full-Service Restaurants')"
2019-04-07T20:59:38,2019-04-07T21:28:12,"Pandas(_0='Other Coast Cafe', CITY='Seattle', LATITUDE=47.624623, LONGITUDE=-122.356515, _4='Full-Service Restaurants')"
2019-04-13T01:26:54,2019-04-13T01:48:39,"Pandas(_0='Homegrown', CITY='Seattle', LATITUDE=47.638554, LONGITUDE=-122.357318, _4='Full-Service Restaurants')"
2019-04-13T04:37:28,2019-04-13T05:54:00,"Pandas(_0='How To Cook A Wolf', CITY='Seattle', LATITUDE=47.63869, LONGITUDE=-122.35676, _4='Full-Service Restaurants')"
2019-04-14T01:40:34,2019-04-14T02:29:54,"Pandas(_0=""Shultzy's Sausage"", CITY='Seattle', LATITUDE=47.65728, LONGITUDE=-122.313172, _4='Full-Service Restaurants')"
2019-04-15T01:04:50,2019-04-15T01:52:26,"Pandas(_0='Chipotle Mexican Grill', CITY='Seattle', LATITUDE=47.659223, LONGITUDE=-122.313346, _4='Limited-Service Restaurants')"
2019-04-15T01:54:01,2019-04-15T02:20:00,"Pandas(_0='Nasai Teriyaki 3', CITY='Seattle', LATITUDE=47.65999, LONGITUDE=-122.31337, _4='Full-Service Restaurants')"
2019-04-17T01:40:31,2019-04-17T02:46:17,"Pandas(_0='Haru Sushi', CITY='Seattle', LATITUDE=47.65964, LONGITUDE=-122.31337, _4='Full-Service Restaurants')"
2019-04-21T02:35:13,2019-04-21T03:28:43,"Pandas(_0='Itadakimasu Restaurant', CITY='Seattle', LATITUDE=47.664344, LONGITUDE=-122.314528, _4='Full-Service Restaurants')"
2019-04-23T01:45:52,2019-04-23T02:14:30,"Pandas(_0='Thaiger Room', CITY='Seattle', LATITUDE=47.65918, LONGITUDE=-122.31299, _4='Full-Service Restaurants')"
2019-04-24T01:42:16,2019-04-24T02:01:02,"Pandas(_0=""Shultzy's Sausage"", CITY='Seattle', LATITUDE=47.65728, LONGITUDE=-122.313172, _4='Full-Service Restaurants')"
2019-04-25T23:46:56,2019-04-26T01:01:55,"Pandas(_0='Caffe Ladro', CITY='Seattle', LATITUDE=47.607975, LONGITUDE=-122.338859, _4='Full-Service Restaurants')"
2019-04-26T17:56:00,2019-04-26T18:37:28,"Pandas(_0='Big Time Brewery & Alehouse', CITY='Seattle', LATITUDE=47.657865, LONGITUDE=-122.313288, _4='Full-Service Restaurants')"
2019-04-26T22:56:00,2019-04-26T23:19:07,"Pandas(_0='Big Time Brewery & Alehouse', CITY='Seattle', LATITUDE=47.657865, LONGITUDE=-122.313288, _4='Full-Service Restaurants')"
2019-04-27T18:21:15,2019-04-27T19:21:41,"Pandas(_0=""Mc Donald's"", CITY='Seattle', LATITUDE=47.667744, LONGITUDE=-122.300347, _4='Limited-Service Restaurants')"
2019-04-28T00:06:16,2019-04-28T00:37:33,"Pandas(_0='Winco Foods', CITY='Bellingham', LATITUDE=48.786943, LONGITUDE=-122.481692, _4='Supermarkets/Other Grocery (Exc Convenience) Strs')"
2019-04-28T00:57:51,2019-04-28T03:04:42,"Pandas(_0='Olive Garden Italian Kitchen', CITY='Bellingham', LATITUDE=48.795457, LONGITUDE=-122.485171, _4='Full-Service Restaurants')"
2019-05-02T02:46:12,2019-05-02T03:14:31,"Pandas(_0='Hawaii Bbq Restaurant', CITY='Seattle', LATITUDE=47.662749, LONGITUDE=-122.313173, _4='Full-Service Restaurants')"
2019-05-06T18:03:14,2019-05-06T18:26:44,"Pandas(_0='Blue C Sushi', CITY='Seattle', LATITUDE=47.66212, LONGITUDE=-122.29844, _4='Full-Service Restaurants')"
2019-05-09T19:22:07,2019-05-09T20:01:01,"Pandas(_0='Honeyhole Sandwiches', CITY='Seattle', LATITUDE=47.614012, LONGITUDE=-122.323007, _4='Full-Service Restaurants')"
2019-05-10T21:26:44,2019-05-10T21:57:02,"Pandas(_0='Hawaii Bbq Restaurant', CITY='Seattle', LATITUDE=47.662749, LONGITUDE=-122.313173, _4='Full-Service Restaurants')"
2019-05-11T00:25:06,2019-05-11T00:59:26,"Pandas(_0='Jai Thai', CITY='Seattle', LATITUDE=47.62096, LONGITUDE=-122.32113, _4='Full-Service Restaurants')"
2019-05-11T03:33:04,2019-05-11T04:47:43,"Pandas(_0='Mezcaleria Oaxaca', CITY='Seattle', LATITUDE=47.637784, LONGITUDE=-122.357001, _4='Full-Service Restaurants')"
2019-05-11T22:59:02,2019-05-11T23:47:44,"Pandas(_0='Americana', CITY='Seattle', LATITUDE=47.620565, LONGITUDE=-122.320958, _4='Full-Service Restaurants')"
2019-05-12T00:46:45,2019-05-12T01:15:29,"Pandas(_0='LA Cocina Santiago', CITY='Seattle', LATITUDE=47.62293, LONGITUDE=-122.32072, _4='Full-Service Restaurants')"
2019-05-12T02:57:53,2019-05-12T03:50:13,"Pandas(_0='Brownchicken Browncow', CITY='Seattle', LATITUDE=47.620325, LONGITUDE=-122.32082, _4='Full-Service Restaurants')"
2019-05-12T04:16:53,2019-05-12T04:35:45,"Pandas(_0='Brownchicken Browncow', CITY='Seattle', LATITUDE=47.620325, LONGITUDE=-122.32082, _4='Full-Service Restaurants')"
2019-05-22T01:44:29,2019-05-22T02:34:51,"Pandas(_0=""Costa's Restaurant"", CITY='Seattle', LATITUDE=47.66293, LONGITUDE=-122.31329, _4='Full-Service Restaurants')"
2019-05-23T23:02:02,2019-05-23T23:19:45,"Pandas(_0='SUBWAY', CITY='Seattle', LATITUDE=47.658792, LONGITUDE=-122.313326, _4='Limited-Service Restaurants')"
2019-05-23T23:28:01,2019-05-24T00:02:02,"Pandas(_0='Aladdin Falafel Corner', CITY='Seattle', LATITUDE=47.66236, LONGITUDE=-122.31335, _4='Full-Service Restaurants')"
2019-05-26T22:17:12,2019-05-26T22:56:17,"Pandas(_0='Puerto Vallarta Restaurant', CITY='Seattle', LATITUDE=47.56047, LONGITUDE=-122.38699, _4='Full-Service Restaurants')"
2019-05-26T23:11:28,2019-05-26T23:36:13,"Pandas(_0='Kizuki Ramen & Izakaya', CITY='Seattle', LATITUDE=47.561, LONGITUDE=-122.385922, _4='Full-Service Restaurants')"
2019-05-28T03:37:50,2019-05-28T04:46:08,"Pandas(_0=""Shultzy's Sausage"", CITY='Seattle', LATITUDE=47.65728, LONGITUDE=-122.313172, _4='Full-Service Restaurants')"
2019-05-29T19:24:46,2019-05-29T19:43:07,"Pandas(_0='Hokkaido Ramen Santouka', CITY='Seattle', LATITUDE=47.662311, LONGITUDE=-122.299124, _4='Full-Service Restaurants')"
2019-06-01T01:15:02,2019-06-01T02:41:26,"Pandas(_0='Tropicos Breeze', CITY='Seattle', LATITUDE=47.69996, LONGITUDE=-122.34432, _4='Full-Service Restaurants')"
2019-06-14T19:07:01,2019-06-14T19:40:06,"Pandas(_0='Blue C Sushi', CITY='Seattle', LATITUDE=47.66212, LONGITUDE=-122.29844, _4='Full-Service Restaurants')"
2019-06-18T03:06:17,2019-06-18T03:24:29,"Pandas(_0='Slice Box', CITY='Seattle', LATITUDE=47.587376, LONGITUDE=-122.334283, _4='Full-Service Restaurants')"
2019-06-19T17:12:01,2019-06-19T17:40:24,"Pandas(_0='Palermo', CITY='Seattle', LATITUDE=47.621935, LONGITUDE=-122.312596, _4='Full-Service Restaurants')"
2019-06-19T22:20:40,2019-06-19T22:39:00,"Pandas(_0='Piatti Ristorante & Bar', CITY='Seattle', LATITUDE=47.66257, LONGITUDE=-122.29805, _4='Full-Service Restaurants')"
2019-06-19T22:39:41,2019-06-19T22:58:07,"Pandas(_0='Piatti Ristorante & Bar', CITY='Seattle', LATITUDE=47.66257, LONGITUDE=-122.29805, _4='Full-Service Restaurants')"
2019-06-20T19:11:54,2019-06-20T20:06:13,"Pandas(_0=""Costa's Restaurant"", CITY='Seattle', LATITUDE=47.66293, LONGITUDE=-122.31329, _4='Full-Service Restaurants')"
2019-06-22T02:41:13,2019-06-22T03:10:34,"Pandas(_0=""Ma'Ono Fried Chicken"", CITY='Seattle', LATITUDE=47.662478, LONGITUDE=-122.299852, _4='Full-Service Restaurants')"
2019-06-28T14:36:07,2019-06-28T15:04:55,"Pandas(_0='Coastal Kitchen', CITY='Seattle', LATITUDE=47.622999, LONGITUDE=-122.312714, _4='Full-Service Restaurants')"
2019-07-03T00:55:44,2019-07-03T01:15:18,"Pandas(_0='Honeyhole Sandwiches', CITY='Seattle', LATITUDE=47.614012, LONGITUDE=-122.323007, _4='Full-Service Restaurants')"
2019-07-03T01:16:58,2019-07-03T01:47:13,"Pandas(_0='Kyoto Teriyaki', CITY='Seattle', LATITUDE=47.614031, LONGITUDE=-122.32142, _4='Full-Service Restaurants')"
2019-07-06T01:25:07,2019-07-06T02:09:43,"Pandas(_0='Shalimar Restaurant', CITY='Seattle', LATITUDE=47.658759, LONGITUDE=-122.312883, _4='Full-Service Restaurants')"
2019-07-06T02:58:26,2019-07-06T04:04:31,"Pandas(_0='University Pizzeria', CITY='Seattle', LATITUDE=47.662162, LONGITUDE=-122.313447, _4='Full-Service Restaurants')"
2019-07-06T04:16:27,2019-07-06T04:49:18,"Pandas(_0='Village Sushi', CITY='Seattle', LATITUDE=47.667187, LONGITUDE=-122.313125, _4='Full-Service Restaurants')"
2019-07-07T23:32:47,2019-07-08T00:08:40,"Pandas(_0='Pasta & Co', CITY='Seattle', LATITUDE=47.662336, LONGITUDE=-122.299854, _4='Full-Service Restaurants')"
2019-07-10T21:44:01,2019-07-10T22:14:01,"Pandas(_0='Bombay Grill', CITY='Seattle', LATITUDE=47.718468, LONGITUDE=-122.295567, _4='Full-Service Restaurants')"
2019-07-12T20:49:37,2019-07-12T21:24:15,"Pandas(_0=""Costa's Restaurant"", CITY='Seattle', LATITUDE=47.66293, LONGITUDE=-122.31329, _4='Full-Service Restaurants')"
2019-07-15T17:23:08,2019-07-15T17:42:48,"Pandas(_0=""Costa's Restaurant"", CITY='Seattle', LATITUDE=47.66293, LONGITUDE=-122.31329, _4='Full-Service Restaurants')"
2019-07-15T17:50:54,2019-07-15T18:46:06,"Pandas(_0='Cafe On The Aveune', CITY='Seattle', LATITUDE=47.658501, LONGITUDE=-122.313556, _4='Full-Service Restaurants')"
2019-07-19T02:52:59,2019-07-19T03:30:12,"Pandas(_0='Kimchi Bistro', CITY='Seattle', LATITUDE=47.620571, LONGITUDE=-122.321287, _4='Full-Service Restaurants')"
2019-07-19T03:32:07,2019-07-19T03:50:32,"Pandas(_0='Chili Basil Thai Grill', CITY='Seattle', LATITUDE=47.620202, LONGITUDE=-122.321278, _4='Full-Service Restaurants')"
2019-07-21T00:58:50,2019-07-21T01:24:59,"Pandas(_0='India Bistro LTD', CITY='Seattle', LATITUDE=47.6755, LONGITUDE=-122.31756, _4='Full-Service Restaurants')"
2019-07-21T01:49:23,2019-07-21T02:40:03,"Pandas(_0='Krittika Noodles & Thai', CITY='Seattle', LATITUDE=47.675685, LONGITUDE=-122.325706, _4='Full-Service Restaurants')"
2019-07-21T23:17:21,2019-07-22T00:01:34,"Pandas(_0='Volunteer Park Cafe', CITY='Seattle', LATITUDE=47.632445, LONGITUDE=-122.310255, _4='Full-Service Restaurants')"
2019-07-22T03:08:06,2019-07-22T03:32:49,"Pandas(_0='Cedars Indian Food On Brooklyn', CITY='Seattle', LATITUDE=47.664756, LONGITUDE=-122.314527, _4='Full-Service Restaurants')"
2019-07-23T01:36:21,2019-07-23T02:15:32,"Pandas(_0='U Don Fresh Japanese Noodle', CITY='Seattle', LATITUDE=47.661735, LONGITUDE=-122.313192, _4='Full-Service Restaurants')"
2019-07-24T02:17:19,2019-07-24T02:35:01,"Pandas(_0='Sunset Fried Chicken Sndwchs', CITY='Seattle', LATITUDE=47.615514, LONGITUDE=-122.316795, _4='Full-Service Restaurants')"
2019-07-24T17:26:29,2019-07-24T18:05:05,"Pandas(_0='Coastal Kitchen', CITY='Seattle', LATITUDE=47.622999, LONGITUDE=-122.312714, _4='Full-Service Restaurants')"
2019-07-28T00:57:48,2019-07-28T01:32:23,"Pandas(_0='Bluestone Bistro', CITY='Seattle', LATITUDE=47.6194, LONGITUDE=-122.32442, _4='Full-Service Restaurants')"
2019-07-28T02:10:47,2019-07-28T02:31:03,"Pandas(_0='Aloha Plates', CITY='Seattle', LATITUDE=47.59748, LONGITUDE=-122.326978, _4='Full-Service Restaurants')"
2019-08-06T01:29:26,2019-08-06T01:47:03,"Pandas(_0='Mee Sum Pastry', CITY='Seattle', LATITUDE=47.661192, LONGITUDE=-122.313203, _4='Full-Service Restaurants')"
2019-08-07T04:36:24,2019-08-07T04:56:22,"Pandas(_0=""Mc Donald's"", CITY='Tacoma', LATITUDE=47.163284, LONGITUDE=-122.483083, _4='Limited-Service Restaurants')"
2019-08-10T02:29:03,2019-08-10T03:23:36,"Pandas(_0='Itadakimasu Restaurant', CITY='Seattle', LATITUDE=47.664344, LONGITUDE=-122.314528, _4='Full-Service Restaurants')"
2019-08-11T23:18:44,2019-08-11T23:40:34,"Pandas(_0='Mee Sum Pastry', CITY='Seattle', LATITUDE=47.661192, LONGITUDE=-122.313203, _4='Full-Service Restaurants')"
2019-08-12T00:24:06,2019-08-12T01:10:25,"Pandas(_0='Sunset Fried Chicken Sndwchs', CITY='Seattle', LATITUDE=47.615514, LONGITUDE=-122.316795, _4='Full-Service Restaurants')"
2019-08-14T17:29:47,2019-08-14T17:47:50,"Pandas(_0='Cafe On The Aveune', CITY='Seattle', LATITUDE=47.658501, LONGITUDE=-122.313556, _4='Full-Service Restaurants')"
2019-08-15T17:55:39,2019-08-15T18:49:35,"Pandas(_0='Tahn Brothers Restaurant', CITY='Seattle', LATITUDE=47.65858, LONGITUDE=-122.3134, _4='Full-Service Restaurants')"
2019-08-24T20:00:39,2019-08-24T20:16:13,"Pandas(_0='Big Time Brewery & Alehouse', CITY='Seattle', LATITUDE=47.657865, LONGITUDE=-122.313288, _4='Full-Service Restaurants')"
2019-08-25T03:28:50,2019-08-25T04:08:40,"Pandas(_0='Baguette Box', CITY='Seattle', LATITUDE=47.61487, LONGITUDE=-122.32846, _4='Full-Service Restaurants')"
2019-08-28T23:39:52,2019-08-29T01:11:32,"Pandas(_0=""Costa's Restaurant"", CITY='Seattle', LATITUDE=47.66293, LONGITUDE=-122.31329, _4='Full-Service Restaurants')"
2019-09-03T17:22:49,2019-09-03T18:17:33,"Pandas(_0='Cafe On The Aveune', CITY='Seattle', LATITUDE=47.658501, LONGITUDE=-122.313556, _4='Full-Service Restaurants')"
2019-09-03T21:44:32,2019-09-03T22:27:10,"Pandas(_0='Safeway', CITY='Seattle', LATITUDE=47.664281, LONGITUDE=-122.313907, _4='Supermarkets/Other Grocery (Exc Convenience) Strs')"
2019-09-03T22:58:32,2019-09-03T23:30:31,"Pandas(_0='Hawaii Bbq Restaurant', CITY='Seattle', LATITUDE=47.662749, LONGITUDE=-122.313173, _4='Full-Service Restaurants')"
2019-09-03T23:31:49,2019-09-04T00:19:52,"Pandas(_0='Seoul Posu House', CITY='Seattle', LATITUDE=47.662487, LONGITUDE=-122.31278, _4='Full-Service Restaurants')"
2019-09-04T00:20:52,2019-09-04T00:49:34,"Pandas(_0=""Costa's Restaurant"", CITY='Seattle', LATITUDE=47.66293, LONGITUDE=-122.31329, _4='Full-Service Restaurants')"
2019-09-05T17:40:58,2019-09-05T18:21:02,"Pandas(_0='Sarduccis', CITY='Seattle', LATITUDE=47.65795, LONGITUDE=-122.313574, _4='Full-Service Restaurants')"
2019-09-07T20:34:22,2019-09-07T20:52:16,"Pandas(_0='Mr Gyros', CITY='Seattle', LATITUDE=47.661395, LONGITUDE=-122.325983, _4='Full-Service Restaurants')"
2019-09-07T22:20:29,2019-09-07T22:48:12,"Pandas(_0='Blue Water Taco Grill', CITY='Seattle', LATITUDE=47.62379, LONGITUDE=-122.35689, _4='Full-Service Restaurants')"
2019-09-07T23:40:10,2019-09-08T00:03:42,"Pandas(_0='Jakes Coffee', CITY='Seattle', LATITUDE=47.663144, LONGITUDE=-122.315124, _4='Full-Service Restaurants')"
2019-09-10T21:52:50,2019-09-10T22:11:47,"Pandas(_0='Silkroad Noodle Bar LLC', CITY='Seattle', LATITUDE=47.661497, LONGITUDE=-122.313197, _4='Full-Service Restaurants')"
2019-09-14T01:39:32,2019-09-14T02:13:07,"Pandas(_0='Hawaii Bbq Restaurant', CITY='Seattle', LATITUDE=47.662749, LONGITUDE=-122.313173, _4='Full-Service Restaurants')"
2019-09-14T08:08:42,2019-09-14T08:35:12,"Pandas(_0=""Cafe O'Dessert"", CITY='Seattle', LATITUDE=47.663906, LONGITUDE=-122.313158, _4='Supermarkets/Other Grocery (Exc Convenience) Strs')"
2019-09-17T05:16:01,2019-09-17T06:01:38,"Pandas(_0='University Teriyaki', CITY='Seattle', LATITUDE=47.65718, LONGITUDE=-122.312935, _4='Full-Service Restaurants')"
2019-09-17T17:32:27,2019-09-17T17:50:09,"Pandas(_0='Cafe On The Aveune', CITY='Seattle', LATITUDE=47.658501, LONGITUDE=-122.313556, _4='Full-Service Restaurants')"
2019-09-17T17:50:24,2019-09-17T18:18:20,"Pandas(_0='Cafe On The Aveune', CITY='Seattle', LATITUDE=47.658501, LONGITUDE=-122.313556, _4='Full-Service Restaurants')"
2019-09-21T22:10:10,2019-09-21T22:55:03,"Pandas(_0='Safeway', CITY='Seattle', LATITUDE=47.664281, LONGITUDE=-122.313907, _4='Supermarkets/Other Grocery (Exc Convenience) Strs')"
2019-09-24T18:32:15,2019-09-24T19:26:13,"Pandas(_0='Cafe On The Aveune', CITY='Seattle', LATITUDE=47.658501, LONGITUDE=-122.313556, _4='Full-Service Restaurants')"
2019-09-29T04:04:27,2019-09-29T04:49:24,"Pandas(_0='U Don Fresh Japanese Noodle', CITY='Seattle', LATITUDE=47.661735, LONGITUDE=-122.313192, _4='Full-Service Restaurants')"
2019-09-30T01:37:51,2019-09-30T01:58:34,"Pandas(_0='Sarduccis', CITY='Seattle', LATITUDE=47.65795, LONGITUDE=-122.313574, _4='Full-Service Restaurants')"
2019-10-01T00:42:21,2019-10-01T01:16:52,"Pandas(_0='U Don Fresh Japanese Noodle', CITY='Seattle', LATITUDE=47.661735, LONGITUDE=-122.313192, _4='Full-Service Restaurants')"
2019-10-02T02:10:28,2019-10-02T02:40:10,"Pandas(_0=""Costa's Restaurant"", CITY='Seattle', LATITUDE=47.66293, LONGITUDE=-122.31329, _4='Full-Service Restaurants')"
2019-10-05T21:13:25,2019-10-05T21:30:36,"Pandas(_0='SUBWAY', CITY='Seattle', LATITUDE=47.658792, LONGITUDE=-122.313326, _4='Limited-Service Restaurants')"
2019-10-05T21:35:54,2019-10-05T21:54:16,"Pandas(_0='Mee Sum Pastry', CITY='Seattle', LATITUDE=47.661192, LONGITUDE=-122.313203, _4='Full-Service Restaurants')"
2019-10-05T21:56:40,2019-10-05T22:17:12,"Pandas(_0='Potbelly Sandwich Shop', CITY='Seattle', LATITUDE=47.662048, LONGITUDE=-122.312787, _4='Limited-Service Restaurants')"
2019-10-08T02:01:23,2019-10-08T02:30:00,"Pandas(_0='Caliburger', CITY='Seattle', LATITUDE=47.661662, LONGITUDE=-122.313454, _4='Full-Service Restaurants')"
2019-10-10T03:45:26,2019-10-10T05:08:22,"Pandas(_0='Roosevelt Ale House', CITY='Seattle', LATITUDE=47.69284, LONGITUDE=-122.3174, _4='Full-Service Restaurants')"
2019-10-13T01:32:57,2019-10-13T02:01:36,"Pandas(_0='Rain City Burgers', CITY='Seattle', LATITUDE=47.676006, LONGITUDE=-122.317572, _4='Full-Service Restaurants')"
2019-10-18T02:31:12,2019-10-18T02:57:02,"Pandas(_0=""Cafe O'Dessert"", CITY='Seattle', LATITUDE=47.663906, LONGITUDE=-122.313158, _4='Supermarkets/Other Grocery (Exc Convenience) Strs')"
2019-10-19T02:17:40,2019-10-19T03:14:51,"Pandas(_0='Jamjuree', CITY='Seattle', LATITUDE=47.623462, LONGITUDE=-122.312941, _4='Full-Service Restaurants')"
2019-10-19T03:40:09,2019-10-19T05:01:49,"Pandas(_0='Barrio Capitol Hill', CITY='Seattle', LATITUDE=47.613652, LONGITUDE=-122.316767, _4='Full-Service Restaurants')"
2019-10-19T05:09:37,2019-10-19T05:44:13,"Pandas(_0='City Catering Co', CITY='Seattle', LATITUDE=47.615453, LONGITUDE=-122.314568, _4='Full-Service Restaurants')"
2019-10-19T16:57:13,2019-10-19T17:28:09,"Pandas(_0=""Glo's"", CITY='Seattle', LATITUDE=47.6193, LONGITUDE=-122.32455, _4='Full-Service Restaurants')"
2019-10-20T21:52:06,2019-10-20T22:40:04,"Pandas(_0='Roro Bbq & Grill', CITY='Seattle', LATITUDE=47.651193, LONGITUDE=-122.342424, _4='Full-Service Restaurants')"
2019-10-21T02:58:13,2019-10-21T03:51:43,"Pandas(_0='U Don Fresh Japanese Noodle', CITY='Seattle', LATITUDE=47.661735, LONGITUDE=-122.313192, _4='Full-Service Restaurants')"
2019-10-22T18:24:17,2019-10-22T19:10:37,"Pandas(_0='Cafe On The Aveune', CITY='Seattle', LATITUDE=47.658501, LONGITUDE=-122.313556, _4='Full-Service Restaurants')"
2019-10-26T03:42:50,2019-10-26T04:41:42,"Pandas(_0='Chipotle Mexican Grill', CITY='Seattle', LATITUDE=47.659223, LONGITUDE=-122.313346, _4='Limited-Service Restaurants')"
2019-10-27T03:53:42,2019-10-27T04:56:33,"Pandas(_0='Tokyo House Inc', CITY='Bellingham', LATITUDE=48.746525, LONGITUDE=-122.475256, _4='Full-Service Restaurants')"
2019-10-29T03:20:04,2019-10-29T03:35:32,"Pandas(_0='U Don Fresh Japanese Noodle', CITY='Seattle', LATITUDE=47.661735, LONGITUDE=-122.313192, _4='Full-Service Restaurants')"
2019-10-30T03:04:49,2019-10-30T04:35:43,"Pandas(_0='Itadakimasu Restaurant', CITY='Seattle', LATITUDE=47.664344, LONGITUDE=-122.314528, _4='Full-Service Restaurants')"
2019-10-31T04:47:12,2019-10-31T05:02:24,"Pandas(_0='Safeway', CITY='Seattle', LATITUDE=47.664281, LONGITUDE=-122.313907, _4='Supermarkets/Other Grocery (Exc Convenience) Strs')"
2019-11-02T02:09:30,2019-11-02T02:38:50,"Pandas(_0=""Boar's Nest"", CITY='Seattle', LATITUDE=47.669678, LONGITUDE=-122.382682, _4='Full-Service Restaurants')"
2019-11-02T03:31:32,2019-11-02T05:22:02,"Pandas(_0=""Lil Woody's"", CITY='Seattle', LATITUDE=47.668743, LONGITUDE=-122.384042, _4='Full-Service Restaurants')"
2019-11-03T06:12:16,2019-11-03T08:15:42,"Pandas(_0='Sodo Deli', CITY='Seattle', LATITUDE=47.574583, LONGITUDE=-122.333697, _4='Full-Service Restaurants')"
2019-11-03T22:31:35,2019-11-03T22:48:48,"Pandas(_0='Safeway', CITY='Seattle', LATITUDE=47.664281, LONGITUDE=-122.313907, _4='Supermarkets/Other Grocery (Exc Convenience) Strs')"
2019-11-05T00:52:59,2019-11-05T01:29:26,"Pandas(_0='Fred Meyer', CITY='Seattle', LATITUDE=47.72399, LONGITUDE=-122.29233, _4='Department Stores')"
2019-11-05T19:23:15,2019-11-05T19:38:48,"Pandas(_0='Baguette Box', CITY='Seattle', LATITUDE=47.61487, LONGITUDE=-122.32846, _4='Full-Service Restaurants')"
2019-11-06T01:48:15,2019-11-06T03:11:09,"Pandas(_0=""Applebee's"", CITY='Chehalis', LATITUDE=46.67764, LONGITUDE=-122.975484, _4='Full-Service Restaurants')"
2019-11-07T20:26:29,2019-11-07T20:59:16,"Pandas(_0='Dawns Delectables', CITY='Centralia', LATITUDE=46.717341, LONGITUDE=-122.953777, _4='Full-Service Restaurants')"
2019-11-09T02:41:58,2019-11-09T02:58:28,"Pandas(_0='Pal Do World', CITY='Lakewood', LATITUDE=47.169074, LONGITUDE=-122.482373, _4='Supermarkets/Other Grocery (Exc Convenience) Strs')"
2019-11-09T03:04:41,2019-11-09T03:26:36,"Pandas(_0='Pal Do World', CITY='Lakewood', LATITUDE=47.169074, LONGITUDE=-122.482373, _4='Supermarkets/Other Grocery (Exc Convenience) Strs')"
2019-11-14T03:36:46,2019-11-14T04:14:41,"Pandas(_0='Blue C Sushi', CITY='Seattle', LATITUDE=47.66212, LONGITUDE=-122.29844, _4='Full-Service Restaurants')"
2019-11-17T03:19:36,2019-11-17T04:00:33,"Pandas(_0='SUBWAY', CITY='Seattle', LATITUDE=47.658792, LONGITUDE=-122.313326, _4='Limited-Service Restaurants')"
2019-11-17T04:10:46,2019-11-17T04:26:30,"Pandas(_0='Safeway', CITY='Seattle', LATITUDE=47.664281, LONGITUDE=-122.313907, _4='Supermarkets/Other Grocery (Exc Convenience) Strs')"
2019-11-18T01:42:50,2019-11-18T02:57:58,"Pandas(_0='Judy Fus Snappy Dragon', CITY='Seattle', LATITUDE=47.693625, LONGITUDE=-122.317932, _4='Full-Service Restaurants')"
2019-11-18T22:05:01,2019-11-18T22:37:46,"Pandas(_0='Jack In The Box', CITY='Seattle', LATITUDE=47.66465, LONGITUDE=-122.313424, _4='Limited-Service Restaurants')"
2019-11-19T01:38:47,2019-11-19T02:21:29,"Pandas(_0='Honeyhole Sandwiches', CITY='Seattle', LATITUDE=47.614012, LONGITUDE=-122.323007, _4='Full-Service Restaurants')"
2019-11-19T02:23:37,2019-11-19T02:51:41,"Pandas(_0='Kyoto Teriyaki', CITY='Seattle', LATITUDE=47.614031, LONGITUDE=-122.32142, _4='Full-Service Restaurants')"
2019-11-23T02:07:24,2019-11-23T02:30:19,"Pandas(_0='Safeway', CITY='Seattle', LATITUDE=47.664281, LONGITUDE=-122.313907, _4='Supermarkets/Other Grocery (Exc Convenience) Strs')"
2019-11-23T23:28:23,2019-11-23T23:47:35,"Pandas(_0='Aladdin Falafel Corner', CITY='Seattle', LATITUDE=47.66236, LONGITUDE=-122.31335, _4='Full-Service Restaurants')"
2019-12-01T02:26:51,2019-12-01T02:48:21,"Pandas(_0='Rancho Bravo Tacos', CITY='Seattle', LATITUDE=47.614993, LONGITUDE=-122.319052, _4='Full-Service Restaurants')"
2019-12-02T23:44:02,2019-12-03T00:27:38,"Pandas(_0=""Vera's Restaurant"", CITY='Seattle', LATITUDE=47.667749, LONGITUDE=-122.384827, _4='Full-Service Restaurants')"
2019-12-03T17:36:13,2019-12-03T18:26:17,"Pandas(_0='Tahn Brothers Restaurant', CITY='Seattle', LATITUDE=47.65858, LONGITUDE=-122.3134, _4='Full-Service Restaurants')"
2019-12-09T00:49:01,2019-12-09T01:14:01,"Pandas(_0='Green House', CITY='Seattle', LATITUDE=47.657155, LONGITUDE=-122.314088, _4='Full-Service Restaurants')"
2019-12-10T18:17:39,2019-12-10T19:03:52,"Pandas(_0='Cafe On The Aveune', CITY='Seattle', LATITUDE=47.658501, LONGITUDE=-122.313556, _4='Full-Service Restaurants')"
2019-12-12T01:39:04,2019-12-12T02:14:49,"Pandas(_0='Haru Sushi', CITY='Seattle', LATITUDE=47.65964, LONGITUDE=-122.31337, _4='Full-Service Restaurants')"
2019-12-13T18:47:16,2019-12-13T19:06:35,"Pandas(_0=""Shultzy's Sausage"", CITY='Seattle', LATITUDE=47.65728, LONGITUDE=-122.313172, _4='Full-Service Restaurants')"
2019-12-18T00:15:22,2019-12-18T00:41:29,"Pandas(_0='Noodle Nation', CITY='Seattle', LATITUDE=47.65926, LONGITUDE=-122.31296, _4='Full-Service Restaurants')"
2019-12-20T18:32:07,2019-12-20T19:15:39,"Pandas(_0='Tahn Brothers Restaurant', CITY='Seattle', LATITUDE=47.65858, LONGITUDE=-122.3134, _4='Full-Service Restaurants')"
2019-12-21T23:24:44,2019-12-21T23:50:12,"Pandas(_0='Rockcreek Seafood & Spirits', CITY='Seattle', LATITUDE=47.659502, LONGITUDE=-122.349631, _4='Full-Service Restaurants')"
2019-12-23T23:04:08,2019-12-24T00:16:37,"Pandas(_0='Hawaii Bbq Restaurant', CITY='Seattle', LATITUDE=47.662749, LONGITUDE=-122.313173, _4='Full-Service Restaurants')"
2019-12-25T19:08:24,2019-12-25T19:24:16,"Pandas(_0=""Delfino's Chicago Style Pizza"", CITY='Seattle', LATITUDE=47.663242, LONGITUDE=-122.299146, _4='Full-Service Restaurants')"
2019-12-29T03:28:23,2019-12-29T05:20:35,"Pandas(_0=""Lil Woody's"", CITY='Seattle', LATITUDE=47.668743, LONGITUDE=-122.384042, _4='Full-Service Restaurants')"
2020-01-04T19:09:19,2020-01-04T20:08:05,"Pandas(_0='University Pizzeria', CITY='Seattle', LATITUDE=47.662162, LONGITUDE=-122.313447, _4='Full-Service Restaurants')"
2020-01-04T21:11:07,2020-01-04T21:33:59,"Pandas(_0='Masala Mirch', CITY='Seattle', LATITUDE=47.62033, LONGITUDE=-122.32109, _4='Full-Service Restaurants')"
2020-01-05T00:20:03,2020-01-05T00:54:44,"Pandas(_0='Honeyhole Sandwiches', CITY='Seattle', LATITUDE=47.614012, LONGITUDE=-122.323007, _4='Full-Service Restaurants')"
2020-01-05T22:38:24,2020-01-05T23:07:06,"Pandas(_0='University Pizzeria', CITY='Seattle', LATITUDE=47.662162, LONGITUDE=-122.313447, _4='Full-Service Restaurants')"
2020-01-06T20:19:05,2020-01-06T21:01:54,"Pandas(_0='Which WICH Superior Sandwiches', CITY='Seattle', LATITUDE=47.663994, LONGITUDE=-122.313023, _4='Limited-Service Restaurants')"
2020-01-06T21:57:42,2020-01-06T22:16:42,"Pandas(_0='Mee Sum Pastry', CITY='Seattle', LATITUDE=47.661192, LONGITUDE=-122.313203, _4='Full-Service Restaurants')"
2020-01-08T02:21:54,2020-01-08T02:40:09,"Pandas(_0='U Don Fresh Japanese Noodle', CITY='Seattle', LATITUDE=47.661735, LONGITUDE=-122.313192, _4='Full-Service Restaurants')"
2020-01-10T08:09:13,2020-01-10T10:03:18,"Pandas(_0='Fado Irish Publishing', CITY='Seattle', LATITUDE=47.603481, LONGITUDE=-122.335597, _4='Full-Service Restaurants')"
2020-01-12T18:28:46,2020-01-12T19:51:29,"Pandas(_0=""Costa's Restaurant"", CITY='Seattle', LATITUDE=47.66293, LONGITUDE=-122.31329, _4='Full-Service Restaurants')"
2020-01-12T20:06:07,2020-01-12T20:22:39,"Pandas(_0='Pho Shizzle2', CITY='Seattle', LATITUDE=47.65933, LONGITUDE=-122.31335, _4='Full-Service Restaurants')"
2020-01-12T20:35:28,2020-01-12T20:52:07,"Pandas(_0='Hawaii Bbq Restaurant', CITY='Seattle', LATITUDE=47.662749, LONGITUDE=-122.313173, _4='Full-Service Restaurants')"
2020-01-14T18:23:02,2020-01-14T19:10:00,"Pandas(_0='Tahn Brothers Restaurant', CITY='Seattle', LATITUDE=47.65858, LONGITUDE=-122.3134, _4='Full-Service Restaurants')"
2020-01-17T06:19:28,2020-01-17T07:04:38,"Pandas(_0='Haru Sushi', CITY='Seattle', LATITUDE=47.65964, LONGITUDE=-122.31337, _4='Full-Service Restaurants')"
2020-01-19T02:43:25,2020-01-19T02:59:49,"Pandas(_0='LA Creperie Voila', CITY='Seattle', LATITUDE=47.612134, LONGITUDE=-122.332057, _4='Full-Service Restaurants')"
2020-01-19T05:01:41,2020-01-19T06:37:01,"Pandas(_0='Blue C Sushi', CITY='Seattle', LATITUDE=47.61201, LONGITUDE=-122.33353, _4='Full-Service Restaurants')"
2020-01-24T03:38:30,2020-01-24T04:07:57,"Pandas(_0=""Ivar's Salmon House"", CITY='Seattle', LATITUDE=47.653614, LONGITUDE=-122.324059, _4='Full-Service Restaurants')"
2020-01-25T01:09:29,2020-01-25T01:33:50,"Pandas(_0='Mee Sum Pastry', CITY='Seattle', LATITUDE=47.661192, LONGITUDE=-122.313203, _4='Full-Service Restaurants')"
2020-01-25T03:05:15,2020-01-25T05:30:54,"Pandas(_0='Naked City Brewing', CITY='Seattle', LATITUDE=47.691817, LONGITUDE=-122.355253, _4='Full-Service Restaurants')"
2020-01-25T20:06:02,2020-01-25T21:01:33,"Pandas(_0=""Jodee's Bakery"", CITY='Seattle', LATITUDE=47.680757, LONGITUDE=-122.32478, _4='Full-Service Restaurants')"
2020-01-26T00:27:42,2020-01-26T01:15:15,"Pandas(_0='Haru Sushi', CITY='Seattle', LATITUDE=47.65964, LONGITUDE=-122.31337, _4='Full-Service Restaurants')"
2020-01-26T18:50:02,2020-01-26T19:08:26,"Pandas(_0=""Jimmy John's"", CITY='Seattle', LATITUDE=47.669125, LONGITUDE=-122.37698, _4='Limited-Service Restaurants')"
2020-01-26T19:17:03,2020-01-26T20:01:36,"Pandas(_0=""Vera's Restaurant"", CITY='Seattle', LATITUDE=47.667749, LONGITUDE=-122.384827, _4='Full-Service Restaurants')"
2020-01-26T20:02:54,2020-01-26T20:42:45,"Pandas(_0='Ballard Station Public House', CITY='Seattle', LATITUDE=47.668954, LONGITUDE=-122.386399, _4='Full-Service Restaurants')"
2020-01-27T01:00:30,2020-01-27T02:03:02,"Pandas(_0='Cafe Solstice', CITY='Seattle', LATITUDE=47.657397, LONGITUDE=-122.312928, _4='Full-Service Restaurants')"
2020-01-28T02:54:19,2020-01-28T04:52:40,"Pandas(_0='Momiji Restaurant', CITY='Seattle', LATITUDE=47.61479, LONGITUDE=-122.316433, _4='Full-Service Restaurants')"
2020-01-30T00:06:24,2020-01-30T01:16:01,"Pandas(_0='Korean Tofu House', CITY='Seattle', LATITUDE=47.658316, LONGITUDE=-122.314297, _4='Full-Service Restaurants')"
2020-01-30T20:44:34,2020-01-30T21:17:17,"Pandas(_0='U Don Fresh Japanese Noodle', CITY='Seattle', LATITUDE=47.661735, LONGITUDE=-122.313192, _4='Full-Service Restaurants')"
2020-01-31T01:54:01,2020-01-31T03:11:42,"Pandas(_0='Thanh VI', CITY='Seattle', LATITUDE=47.659, LONGITUDE=-122.31302, _4='Full-Service Restaurants')"
2020-02-01T19:34:28,2020-02-01T20:01:12,"Pandas(_0='KFC', CITY='Centralia', LATITUDE=46.717834, LONGITUDE=-122.96112, _4='Limited-Service Restaurants')"
2020-02-02T02:09:45,2020-02-02T02:32:29,"Pandas(_0='Pal Do World', CITY='Lakewood', LATITUDE=47.169074, LONGITUDE=-122.482373, _4='Supermarkets/Other Grocery (Exc Convenience) Strs')"
2020-02-02T02:47:04,2020-02-02T03:57:24,"Pandas(_0='SUBWAY', CITY='Lakewood', LATITUDE=47.16148, LONGITUDE=-122.484589, _4='Limited-Service Restaurants')"
2020-02-03T00:57:26,2020-02-03T02:49:31,"Pandas(_0='Olive Garden Italian Kitchen', CITY='Olympia', LATITUDE=47.040258, LONGITUDE=-122.932205, _4='Full-Service Restaurants')"
2020-02-05T20:14:15,2020-02-05T20:34:02,"Pandas(_0='Dawns Delectables', CITY='Centralia', LATITUDE=46.717341, LONGITUDE=-122.953777, _4='Full-Service Restaurants')"
2020-02-05T21:09:29,2020-02-05T21:48:01,"Pandas(_0='Casadores Mexican Restaurant', CITY='Centralia', LATITUDE=46.718563, LONGITUDE=-122.953729, _4='Full-Service Restaurants')"
2020-02-05T21:51:05,2020-02-06T00:01:24,"Pandas(_0='Boccata Deli & Market', CITY='Centralia', LATITUDE=46.71942, LONGITUDE=-122.953366, _4='Full-Service Restaurants')"
2020-02-06T00:35:19,2020-02-06T01:44:35,"Pandas(_0=""Applebee's"", CITY='Chehalis', LATITUDE=46.67764, LONGITUDE=-122.975484, _4='Full-Service Restaurants')"
2020-02-07T04:30:59,2020-02-07T05:12:17,"Pandas(_0='Beths Cafe', CITY='Seattle', LATITUDE=47.6821, LONGITUDE=-122.34473, _4='Full-Service Restaurants')"
2020-02-08T20:58:01,2020-02-08T21:48:23,"Pandas(_0='Sushi Tengu', CITY='Seattle', LATITUDE=47.702475, LONGITUDE=-122.324811, _4='Full-Service Restaurants')"
2020-02-09T02:28:23,2020-02-09T04:57:46,"Pandas(_0='Crumble & Flake', CITY='Seattle', LATITUDE=47.617896, LONGITUDE=-122.326423, _4='Full-Service Restaurants')"
2020-02-09T23:33:52,2020-02-10T00:00:08,"Pandas(_0='Tahn Brothers Restaurant', CITY='Seattle', LATITUDE=47.65858, LONGITUDE=-122.3134, _4='Full-Service Restaurants')"
2020-02-10T00:51:27,2020-02-10T02:17:42,"Pandas(_0='Faire Gallery Cafe', CITY='Seattle', LATITUDE=47.616615, LONGITUDE=-122.327558, _4='Full-Service Restaurants')"
2020-02-10T22:22:10,2020-02-10T23:23:02,"Pandas(_0='Korean Tofu House', CITY='Seattle', LATITUDE=47.658316, LONGITUDE=-122.314297, _4='Full-Service Restaurants')"
2020-02-11T22:11:22,2020-02-11T23:16:33,"Pandas(_0=""Memo's Mexican Food"", CITY='Seattle', LATITUDE=47.66433, LONGITUDE=-122.31327, _4='Full-Service Restaurants')"
2020-02-11T23:17:15,2020-02-12T00:04:16,"Pandas(_0=""Costa's Restaurant"", CITY='Seattle', LATITUDE=47.66293, LONGITUDE=-122.31329, _4='Full-Service Restaurants')"
2020-02-15T00:41:47,2020-02-15T00:58:59,"Pandas(_0='Silkroad Noodle Bar LLC', CITY='Seattle', LATITUDE=47.661497, LONGITUDE=-122.313197, _4='Full-Service Restaurants')"
2020-02-16T02:08:21,2020-02-16T03:25:30,"Pandas(_0='Korean Tofu House', CITY='Seattle', LATITUDE=47.658316, LONGITUDE=-122.314297, _4='Full-Service Restaurants')"
2020-02-19T19:21:40,2020-02-19T19:54:59,"Pandas(_0='SUBWAY', CITY='Seattle', LATITUDE=47.658792, LONGITUDE=-122.313326, _4='Limited-Service Restaurants')"
2020-02-19T19:58:04,2020-02-19T20:29:02,"Pandas(_0='Silkroad Noodle Bar LLC', CITY='Seattle', LATITUDE=47.661497, LONGITUDE=-122.313197, _4='Full-Service Restaurants')"
2020-02-19T20:47:44,2020-02-19T21:56:14,"Pandas(_0='Silkroad Noodle Bar LLC', CITY='Seattle', LATITUDE=47.661497, LONGITUDE=-122.313197, _4='Full-Service Restaurants')"
2020-02-19T22:11:44,2020-02-19T22:45:01,"Pandas(_0=""Cafe O'Dessert"", CITY='Seattle', LATITUDE=47.663906, LONGITUDE=-122.313158, _4='Supermarkets/Other Grocery (Exc Convenience) Strs')"
2020-02-20T02:21:39,2020-02-20T03:14:40,"Pandas(_0='Sushi Naomi', CITY='Seattle', LATITUDE=47.692242, LONGITUDE=-122.355258, _4='Full-Service Restaurants')"
2020-02-20T21:29:23,2020-02-20T21:47:22,"Pandas(_0='Safeway', CITY='Seattle', LATITUDE=47.664281, LONGITUDE=-122.313907, _4='Supermarkets/Other Grocery (Exc Convenience) Strs')"
2020-02-21T09:12:26,2020-02-21T09:57:38,"Pandas(_0='Golden Singha Thai', CITY='Seattle', LATITUDE=47.61823, LONGITUDE=-122.34723, _4='Full-Service Restaurants')"
2020-02-21T10:09:27,2020-02-21T10:33:26,"Pandas(_0='Tilikum Place Cafe', CITY='Seattle', LATITUDE=47.618058, LONGITUDE=-122.347631, _4='Full-Service Restaurants')"
2020-02-21T19:09:32,2020-02-21T20:16:19,"Pandas(_0='Aladdin Falafel Corner', CITY='Seattle', LATITUDE=47.66236, LONGITUDE=-122.31335, _4='Full-Service Restaurants')"
2020-02-21T20:17:09,2020-02-21T20:36:17,"Pandas(_0='University Pizzeria', CITY='Seattle', LATITUDE=47.662162, LONGITUDE=-122.313447, _4='Full-Service Restaurants')"
2020-02-21T20:40:03,2020-02-21T21:11:38,"Pandas(_0='Potbelly Sandwich Shop', CITY='Seattle', LATITUDE=47.662048, LONGITUDE=-122.312787, _4='Limited-Service Restaurants')"
2020-02-21T21:11:43,2020-02-21T21:31:48,"Pandas(_0='Potbelly Sandwich Shop', CITY='Seattle', LATITUDE=47.662048, LONGITUDE=-122.312787, _4='Limited-Service Restaurants')"
2020-02-21T21:35:18,2020-02-21T22:02:16,"Pandas(_0='Potbelly Sandwich Shop', CITY='Seattle', LATITUDE=47.662048, LONGITUDE=-122.312787, _4='Limited-Service Restaurants')"
2020-02-22T00:47:40,2020-02-22T01:55:03,"Pandas(_0='Chipotle Mexican Grill', CITY='Seattle', LATITUDE=47.659223, LONGITUDE=-122.313346, _4='Limited-Service Restaurants')"
2020-02-22T19:07:40,2020-02-22T20:22:41,"Pandas(_0='Jade Garden', CITY='Seattle', LATITUDE=47.598424, LONGITUDE=-122.323687, _4='Full-Service Restaurants')"
2020-02-22T20:34:04,2020-02-22T21:03:48,"Pandas(_0=""Armandino's Salumi"", CITY='Seattle', LATITUDE=47.59975, LONGITUDE=-122.33045, _4='Full-Service Restaurants')"
2020-02-23T02:56:22,2020-02-23T03:38:03,"Pandas(_0='Kimchi Bistro', CITY='Seattle', LATITUDE=47.620571, LONGITUDE=-122.321287, _4='Full-Service Restaurants')"
2020-02-23T03:52:21,2020-02-23T05:30:33,"Pandas(_0='Lost Lake Cafe & Lounge', CITY='Seattle', LATITUDE=47.61422, LONGITUDE=-122.31963, _4='Full-Service Restaurants')"
2020-02-23T21:01:25,2020-02-23T21:43:56,"Pandas(_0='Kimchi Bistro', CITY='Seattle', LATITUDE=47.620571, LONGITUDE=-122.321287, _4='Full-Service Restaurants')"
2020-02-27T22:58:25,2020-02-27T23:33:58,"Pandas(_0='Silkroad Noodle Bar LLC', CITY='Seattle', LATITUDE=47.661497, LONGITUDE=-122.313197, _4='Full-Service Restaurants')"
2020-02-27T23:35:59,2020-02-28T00:04:20,"Pandas(_0='Silkroad Noodle Bar LLC', CITY='Seattle', LATITUDE=47.661497, LONGITUDE=-122.313197, _4='Full-Service Restaurants')"
2020-02-28T00:06:21,2020-02-28T02:32:17,"Pandas(_0='Silkroad Noodle Bar LLC', CITY='Seattle', LATITUDE=47.661497, LONGITUDE=-122.313197, _4='Full-Service Restaurants')"
2020-02-28T02:33:37,2020-02-28T03:21:23,"Pandas(_0='University Pizzeria', CITY='Seattle', LATITUDE=47.662162, LONGITUDE=-122.313447, _4='Full-Service Restaurants')"
2020-02-29T00:11:31,2020-02-29T01:48:59,"Pandas(_0='Wild Rye Cafe Bakery', CITY='Seattle', LATITUDE=47.612405, LONGITUDE=-122.331642, _4='Full-Service Restaurants')"
2020-02-29T21:23:25,2020-02-29T22:22:22,"Pandas(_0='Cheesecake Factory', CITY='Seattle', LATITUDE=47.611899, LONGITUDE=-122.332887, _4='Full-Service Restaurants')"
2020-02-29T23:35:07,2020-03-01T00:07:50,"Pandas(_0='Cheesecake Factory', CITY='Seattle', LATITUDE=47.611899, LONGITUDE=-122.332887, _4='Full-Service Restaurants')"
2020-03-01T20:03:18,2020-03-01T20:22:55,"Pandas(_0='Cheesecake Factory', CITY='Seattle', LATITUDE=47.611899, LONGITUDE=-122.332887, _4='Full-Service Restaurants')"
2020-03-01T21:51:05,2020-03-01T22:39:40,"Pandas(_0='Cheesecake Factory', CITY='Seattle', LATITUDE=47.611899, LONGITUDE=-122.332887, _4='Full-Service Restaurants')"
2020-03-06T06:49:02,2020-03-06T08:08:38,"Pandas(_0=""Freddy Junior's"", CITY='Seattle', LATITUDE=47.614513, LONGITUDE=-122.320868, _4='Full-Service Restaurants')"
2020-03-07T00:26:12,2020-03-07T00:48:10,"Pandas(_0='Cedars Indian Food On Brooklyn', CITY='Seattle', LATITUDE=47.664756, LONGITUDE=-122.314527, _4='Full-Service Restaurants')"
2020-03-07T02:19:21,2020-03-07T03:33:06,"Pandas(_0='Hawaii Bbq Restaurant', CITY='Seattle', LATITUDE=47.662749, LONGITUDE=-122.313173, _4='Full-Service Restaurants')"
2020-03-08T03:22:14,2020-03-08T04:12:37,"Pandas(_0='Itadakimasu Restaurant', CITY='Seattle', LATITUDE=47.664344, LONGITUDE=-122.314528, _4='Full-Service Restaurants')"
2020-03-08T04:51:52,2020-03-08T05:10:00,"Pandas(_0='Safeway', CITY='Seattle', LATITUDE=47.664281, LONGITUDE=-122.313907, _4='Supermarkets/Other Grocery (Exc Convenience) Strs')"
2020-03-10T00:37:32,2020-03-10T01:15:32,"Pandas(_0='Bimbos Bitchin Burrito Kitchen', CITY='Seattle', LATITUDE=47.61397, LONGITUDE=-122.31875, _4='Full-Service Restaurants')"
2020-03-10T01:29:24,2020-03-10T01:55:37,"Pandas(_0='Bimbos Bitchin Burrito Kitchen', CITY='Seattle', LATITUDE=47.61397, LONGITUDE=-122.31875, _4='Full-Service Restaurants')"
2020-03-10T02:05:05,2020-03-10T02:25:53,"Pandas(_0='Honeyhole Sandwiches', CITY='Seattle', LATITUDE=47.614012, LONGITUDE=-122.323007, _4='Full-Service Restaurants')"
2020-03-10T04:12:53,2020-03-10T05:41:26,"Pandas(_0='Lindas Tavern', CITY='Seattle', LATITUDE=47.61521, LONGITUDE=-122.322866, _4='Full-Service Restaurants')"
2020-03-13T04:27:46,2020-03-13T05:15:40,"Pandas(_0='Mee Sum Pastry', CITY='Seattle', LATITUDE=47.661192, LONGITUDE=-122.313203, _4='Full-Service Restaurants')"
2020-03-14T02:38:38,2020-03-14T03:25:44,"Pandas(_0='University Pizzeria', CITY='Seattle', LATITUDE=47.662162, LONGITUDE=-122.313447, _4='Full-Service Restaurants')"
2020-03-15T17:31:35,2020-03-15T18:15:45,"Pandas(_0='Sushi Tengu', CITY='Seattle', LATITUDE=47.702475, LONGITUDE=-122.324811, _4='Full-Service Restaurants')"
2020-03-17T01:16:39,2020-03-17T01:43:00,"Pandas(_0='Sizzle Pie', CITY='Seattle', LATITUDE=47.612719, LONGITUDE=-122.318909, _4='Full-Service Restaurants')"
2020-03-17T02:45:22,2020-03-17T03:10:03,"Pandas(_0='Sizzle Pie', CITY='Seattle', LATITUDE=47.612719, LONGITUDE=-122.318909, _4='Full-Service Restaurants')"
2020-03-19T21:01:17,2020-03-19T21:26:42,"Pandas(_0='Shalimar Restaurant', CITY='Seattle', LATITUDE=47.658759, LONGITUDE=-122.312883, _4='Full-Service Restaurants')"
2020-03-20T02:26:19,2020-03-20T02:48:11,"Pandas(_0='Joey Kitchen At U Village', CITY='Seattle', LATITUDE=47.661686, LONGITUDE=-122.298478, _4='Full-Service Restaurants')"
2020-03-22T22:11:27,2020-03-22T22:43:47,"Pandas(_0=""Costa's Restaurant"", CITY='Seattle', LATITUDE=47.66293, LONGITUDE=-122.31329, _4='Full-Service Restaurants')"
2020-03-23T00:15:09,2020-03-23T01:01:22,"Pandas(_0='Tahn Brothers Restaurant', CITY='Seattle', LATITUDE=47.65858, LONGITUDE=-122.3134, _4='Full-Service Restaurants')"
2020-03-23T05:57:21,2020-03-23T07:09:07,"Pandas(_0='Baguette Box', CITY='Seattle', LATITUDE=47.61487, LONGITUDE=-122.32846, _4='Full-Service Restaurants')"
2020-03-23T07:23:22,2020-03-23T08:55:26,"Pandas(_0='Baguette Box', CITY='Seattle', LATITUDE=47.61487, LONGITUDE=-122.32846, _4='Full-Service Restaurants')"
2020-03-28T05:06:23,2020-03-28T05:49:30,"Pandas(_0='Sizzle Pie', CITY='Seattle', LATITUDE=47.612719, LONGITUDE=-122.318909, _4='Full-Service Restaurants')"
2020-03-28T09:30:15,2020-03-28T10:17:04,"Pandas(_0='IHOP Restaurant', CITY='Seattle', LATITUDE=47.611919, LONGITUDE=-122.319637, _4='Full-Service Restaurants')"
2020-03-29T08:41:39,2020-03-29T09:41:27,"Pandas(_0='Kyoto Teriyaki', CITY='Seattle', LATITUDE=47.614031, LONGITUDE=-122.32142, _4='Full-Service Restaurants')"
2020-03-30T05:41:28,2020-03-30T06:17:53,"Pandas(_0=""Mc Donald's"", CITY='Seattle', LATITUDE=47.667744, LONGITUDE=-122.300347, _4='Limited-Service Restaurants')"
2020-04-02T17:12:44,2020-04-02T17:32:20,"Pandas(_0='Cedars Indian Food On Brooklyn', CITY='Seattle', LATITUDE=47.664756, LONGITUDE=-122.314527, _4='Full-Service Restaurants')"
2020-04-04T18:00:29,2020-04-04T18:35:48,"Pandas(_0='Ohanas', CITY='Seattle', LATITUDE=47.612704, LONGITUDE=-122.345764, _4='Full-Service Restaurants')"
2020-04-04T23:32:52,2020-04-05T00:04:51,"Pandas(_0='Caffe Ladro', CITY='Seattle', LATITUDE=47.607975, LONGITUDE=-122.338859, _4='Full-Service Restaurants')"
2020-04-05T00:05:08,2020-04-05T00:37:03,"Pandas(_0='Caffe Ladro', CITY='Seattle', LATITUDE=47.607975, LONGITUDE=-122.338859, _4='Full-Service Restaurants')"
2020-04-05T19:42:02,2020-04-05T20:02:53,"Pandas(_0='Gorditos', CITY='Seattle', LATITUDE=47.69046, LONGITUDE=-122.35579, _4='Full-Service Restaurants')"
2020-04-06T01:29:43,2020-04-06T02:04:27,"Pandas(_0='Potbelly Sandwich Shop', CITY='Seattle', LATITUDE=47.662048, LONGITUDE=-122.312787, _4='Limited-Service Restaurants')"
2020-04-06T02:05:43,2020-04-06T02:38:12,"Pandas(_0=""Taste Of Xi'An"", CITY='Seattle', LATITUDE=47.661971, LONGITUDE=-122.31345, _4='Full-Service Restaurants')"
2020-04-07T02:44:56,2020-04-07T03:45:08,"Pandas(_0='Hokkaido Ramen Santouka', CITY='Seattle', LATITUDE=47.662311, LONGITUDE=-122.299124, _4='Full-Service Restaurants')"
2020-04-09T02:18:02,2020-04-09T03:32:39,"Pandas(_0='Thanh VI', CITY='Seattle', LATITUDE=47.659, LONGITUDE=-122.31302, _4='Full-Service Restaurants')"
2020-04-09T20:39:48,2020-04-09T20:55:15,"Pandas(_0='Antojitos Pablanos El Sapo LLC', CITY='Seattle', LATITUDE=47.73088, LONGITUDE=-122.34473, _4='Full-Service Restaurants')"
2020-04-10T05:05:22,2020-04-10T06:26:56,"Pandas(_0='Crocodile', CITY='Seattle', LATITUDE=47.613589, LONGITUDE=-122.344281, _4='Full-Service Restaurants')"
2020-04-10T06:29:02,2020-04-10T06:46:46,"Pandas(_0='Crocodile', CITY='Seattle', LATITUDE=47.613589, LONGITUDE=-122.344281, _4='Full-Service Restaurants')"
2020-04-11T20:54:13,2020-04-11T21:15:55,"Pandas(_0='Silkroad Noodle Bar LLC', CITY='Seattle', LATITUDE=47.661497, LONGITUDE=-122.313197, _4='Full-Service Restaurants')"
2020-04-12T03:46:37,2020-04-12T04:09:02,"Pandas(_0='Sunset Fried Chicken Sndwchs', CITY='Seattle', LATITUDE=47.615514, LONGITUDE=-122.316795, _4='Full-Service Restaurants')"
2020-04-13T17:35:53,2020-04-13T18:05:23,"Pandas(_0=""Mc Donald's"", CITY='Seattle', LATITUDE=47.667744, LONGITUDE=-122.300347, _4='Limited-Service Restaurants')"
2020-04-13T20:04:26,2020-04-13T20:31:21,"Pandas(_0=""Taste Of Xi'An"", CITY='Seattle', LATITUDE=47.661971, LONGITUDE=-122.31345, _4='Full-Service Restaurants')"
2020-04-14T05:32:04,2020-04-14T05:54:58,"Pandas(_0='Fado Irish Publishing', CITY='Seattle', LATITUDE=47.603481, LONGITUDE=-122.335597, _4='Full-Service Restaurants')"
2020-04-16T18:37:33,2020-04-16T19:35:29,"Pandas(_0=""Shari's Aurora 196"", CITY='Shoreline', LATITUDE=47.74041, LONGITUDE=-122.3449, _4='Full-Service Restaurants')"
2020-04-18T01:21:05,2020-04-18T02:28:42,"Pandas(_0='Korean Tofu House', CITY='Seattle', LATITUDE=47.658316, LONGITUDE=-122.314297, _4='Full-Service Restaurants')"
2020-04-18T21:04:22,2020-04-18T21:21:08,"Pandas(_0='Ichi Bento', CITY='Shoreline', LATITUDE=47.754221, LONGITUDE=-122.313776, _4='Full-Service Restaurants')"
2020-04-19T03:18:51,2020-04-19T03:51:16,"Pandas(_0='Demetris Woodstone Taverna', CITY='Edmonds', LATITUDE=47.812553, LONGITUDE=-122.38211, _4='Full-Service Restaurants')"
2020-04-20T23:51:08,2020-04-21T00:19:35,"Pandas(_0='Pho Shizzle2', CITY='Seattle', LATITUDE=47.65933, LONGITUDE=-122.31335, _4='Full-Service Restaurants')"
2020-04-21T21:21:45,2020-04-21T22:04:48,"Pandas(_0='Five Guys', CITY='Lynnwood', LATITUDE=47.820755, LONGITUDE=-122.315636, _4='Full-Service Restaurants')"
2020-04-22T21:52:44,2020-04-22T22:52:18,"Pandas(_0='Pagliacci Pizza', CITY='Seattle', LATITUDE=47.655966, LONGITUDE=-122.315167, _4='Full-Service Restaurants')"
2020-04-23T02:21:35,2020-04-23T02:42:42,"Pandas(_0='Big Time Brewery & Alehouse', CITY='Seattle', LATITUDE=47.657865, LONGITUDE=-122.313288, _4='Full-Service Restaurants')"
2020-04-23T02:44:27,2020-04-23T03:39:06,"Pandas(_0='7-Eleven', CITY='Seattle', LATITUDE=47.659062, LONGITUDE=-122.313122, _4='Convenience Stores')"
2020-04-23T05:15:28,2020-04-23T06:01:54,"Pandas(_0='Piatti Ristorante & Bar', CITY='Seattle', LATITUDE=47.66257, LONGITUDE=-122.29805, _4='Full-Service Restaurants')"
2020-04-24T05:50:52,2020-04-24T07:59:03,"Pandas(_0='Pho Tran Restaurant', CITY='Seattle', LATITUDE=47.658779, LONGITUDE=-122.313544, _4='Full-Service Restaurants')"
2020-04-24T19:29:34,2020-04-24T20:59:46,"Pandas(_0='Itadakimasu Restaurant', CITY='Seattle', LATITUDE=47.664344, LONGITUDE=-122.314528, _4='Full-Service Restaurants')"
2020-04-24T21:17:07,2020-04-24T22:29:12,"Pandas(_0='Itadakimasu Restaurant', CITY='Seattle', LATITUDE=47.664344, LONGITUDE=-122.314528, _4='Full-Service Restaurants')"
2020-04-25T21:12:10,2020-04-25T22:12:38,"Pandas(_0='Beths Cafe', CITY='Seattle', LATITUDE=47.6821, LONGITUDE=-122.34473, _4='Full-Service Restaurants')"
2020-04-27T00:45:54,2020-04-27T01:22:20,"Pandas(_0='Big Time Brewery & Alehouse', CITY='Seattle', LATITUDE=47.657865, LONGITUDE=-122.313288, _4='Full-Service Restaurants')"
2020-04-27T02:52:20,2020-04-27T04:21:33,"Pandas(_0='Silkroad Noodle Bar LLC', CITY='Seattle', LATITUDE=47.661497, LONGITUDE=-122.313197, _4='Full-Service Restaurants')"
2020-04-29T04:45:02,2020-04-29T05:16:10,"Pandas(_0='Diesel', CITY='Seattle', LATITUDE=47.613358, LONGITUDE=-122.314447, _4='Full-Service Restaurants')"
2020-04-29T05:18:10,2020-04-29T07:19:15,"Pandas(_0='Diesel', CITY='Seattle', LATITUDE=47.613358, LONGITUDE=-122.314447, _4='Full-Service Restaurants')"
2020-04-29T20:16:20,2020-04-29T20:32:19,"Pandas(_0='Whole Foods Market', CITY='Seattle', LATITUDE=47.675024, LONGITUDE=-122.316819, _4='Supermarkets/Other Grocery (Exc Convenience) Strs')"
2020-04-30T19:02:42,2020-04-30T19:51:42,"Pandas(_0='Tahn Brothers Restaurant', CITY='Seattle', LATITUDE=47.65858, LONGITUDE=-122.3134, _4='Full-Service Restaurants')"
2020-05-02T00:51:46,2020-05-02T01:16:45,"Pandas(_0='Madeline Bread & Desert', CITY='Seattle', LATITUDE=47.65818, LONGITUDE=-122.31303, _4='Full-Service Restaurants')"
2020-05-02T01:53:08,2020-05-02T02:22:00,"Pandas(_0='Mee Sum Pastry', CITY='Seattle', LATITUDE=47.661192, LONGITUDE=-122.313203, _4='Full-Service Restaurants')"
2020-05-02T21:16:53,2020-05-02T21:49:09,"Pandas(_0='University Pizzeria', CITY='Seattle', LATITUDE=47.662162, LONGITUDE=-122.313447, _4='Full-Service Restaurants')"
2020-05-03T01:55:39,2020-05-03T02:18:29,"Pandas(_0='Hawaii Bbq Restaurant', CITY='Seattle', LATITUDE=47.662749, LONGITUDE=-122.313173, _4='Full-Service Restaurants')"
2020-05-07T02:31:25,2020-05-07T02:49:14,"Pandas(_0='Americana', CITY='Seattle', LATITUDE=47.620565, LONGITUDE=-122.320958, _4='Full-Service Restaurants')"
2020-05-07T22:29:46,2020-05-07T23:45:38,"Pandas(_0=""Honeybee's Cafe"", CITY='Seattle', LATITUDE=47.657803, LONGITUDE=-122.31329, _4='Full-Service Restaurants')"
2020-05-08T08:50:17,2020-05-08T09:06:34,"Pandas(_0='Fado Irish Publishing', CITY='Seattle', LATITUDE=47.603481, LONGITUDE=-122.335597, _4='Full-Service Restaurants')"
2020-05-08T20:10:42,2020-05-08T20:41:28,"Pandas(_0='Cafe On The Aveune', CITY='Seattle', LATITUDE=47.658501, LONGITUDE=-122.313556, _4='Full-Service Restaurants')"
2020-05-08T20:42:19,2020-05-08T21:16:06,"Pandas(_0='Cafe On The Aveune', CITY='Seattle', LATITUDE=47.658501, LONGITUDE=-122.313556, _4='Full-Service Restaurants')"
2020-05-14T08:38:01,2020-05-14T08:57:36,"Pandas(_0='Octopus Bar & Grill LLC', CITY='Seattle', LATITUDE=47.661186, LONGITUDE=-122.333225, _4='Full-Service Restaurants')"
2020-05-15T06:08:51,2020-05-15T07:55:17,"Pandas(_0='Pho Tran Restaurant', CITY='Seattle', LATITUDE=47.658779, LONGITUDE=-122.313544, _4='Full-Service Restaurants')"
2020-05-16T01:21:48,2020-05-16T01:41:33,"Pandas(_0='Hawaii Bbq Restaurant', CITY='Seattle', LATITUDE=47.662749, LONGITUDE=-122.313173, _4='Full-Service Restaurants')"
2020-05-17T07:15:18,2020-05-17T09:28:40,"Pandas(_0='Midori Teriyaki', CITY='Seattle', LATITUDE=47.6167, LONGITUDE=-122.33108, _4='Full-Service Restaurants')"
2020-05-18T05:11:22,2020-05-18T07:11:29,"Pandas(_0='Baguette Box', CITY='Seattle', LATITUDE=47.61487, LONGITUDE=-122.32846, _4='Full-Service Restaurants')"
2020-05-18T21:31:25,2020-05-18T21:57:00,"Pandas(_0='Aladdin Gyro-Cery & Deli', CITY='Seattle', LATITUDE=47.658171, LONGITUDE=-122.313278, _4='Supermarkets/Other Grocery (Exc Convenience) Strs')"
2020-05-19T03:03:57,2020-05-19T03:43:51,"Pandas(_0='Safeway', CITY='Seattle', LATITUDE=47.664281, LONGITUDE=-122.313907, _4='Supermarkets/Other Grocery (Exc Convenience) Strs')"
2020-05-19T22:25:39,2020-05-19T23:13:35,"Pandas(_0='Hawaii Bbq Restaurant', CITY='Seattle', LATITUDE=47.662749, LONGITUDE=-122.313173, _4='Full-Service Restaurants')"
2020-05-21T20:33:34,2020-05-21T21:38:02,"Pandas(_0='LA Cocina Oaxaquena', CITY='Seattle', LATITUDE=47.615441, LONGITUDE=-122.328226, _4='Full-Service Restaurants')"
2020-05-22T21:00:46,2020-05-22T21:26:19,"Pandas(_0='Nasai Teriyaki 3', CITY='Seattle', LATITUDE=47.65999, LONGITUDE=-122.31337, _4='Full-Service Restaurants')"
2020-05-22T21:28:20,2020-05-22T21:46:49,"Pandas(_0='Mee Sum Pastry', CITY='Seattle', LATITUDE=47.661192, LONGITUDE=-122.313203, _4='Full-Service Restaurants')"
2020-05-23T21:40:08,2020-05-23T22:05:47,"Pandas(_0='Cedars Indian Food On Brooklyn', CITY='Seattle', LATITUDE=47.664756, LONGITUDE=-122.314527, _4='Full-Service Restaurants')"
2020-05-23T22:20:02,2020-05-23T22:42:27,"Pandas(_0='Safeway', CITY='Seattle', LATITUDE=47.664281, LONGITUDE=-122.313907, _4='Supermarkets/Other Grocery (Exc Convenience) Strs')"
2020-05-24T19:46:49,2020-05-24T20:25:14,"Pandas(_0='Silkroad Noodle Bar LLC', CITY='Seattle', LATITUDE=47.661497, LONGITUDE=-122.313197, _4='Full-Service Restaurants')"
2020-05-25T05:10:52,2020-05-25T06:03:46,"Pandas(_0='Dog In The Park', CITY='Seattle', LATITUDE=47.610794, LONGITUDE=-122.337142, _4='Full-Service Restaurants')"
2020-05-25T19:42:45,2020-05-25T21:04:11,"Pandas(_0='Silkroad Noodle Bar LLC', CITY='Seattle', LATITUDE=47.661497, LONGITUDE=-122.313197, _4='Full-Service Restaurants')"
2020-05-26T05:51:35,2020-05-26T06:59:52,"Pandas(_0='Silkroad Noodle Bar LLC', CITY='Seattle', LATITUDE=47.661497, LONGITUDE=-122.313197, _4='Full-Service Restaurants')"
2020-05-27T01:24:14,2020-05-27T03:10:47,"Pandas(_0='Silkroad Noodle Bar LLC', CITY='Seattle', LATITUDE=47.661497, LONGITUDE=-122.313197, _4='Full-Service Restaurants')"
2020-05-27T16:32:24,2020-05-27T17:23:02,"Pandas(_0='Silkroad Noodle Bar LLC', CITY='Seattle', LATITUDE=47.661497, LONGITUDE=-122.313197, _4='Full-Service Restaurants')"
2020-05-27T20:17:56,2020-05-27T22:38:14,"Pandas(_0='Silkroad Noodle Bar LLC', CITY='Seattle', LATITUDE=47.661497, LONGITUDE=-122.313197, _4='Full-Service Restaurants')"
2020-05-27T23:12:30,2020-05-28T00:32:49,"Pandas(_0='Silkroad Noodle Bar LLC', CITY='Seattle', LATITUDE=47.661497, LONGITUDE=-122.313197, _4='Full-Service Restaurants')"
2020-05-29T00:05:02,2020-05-29T00:52:55,"Pandas(_0='LA Cocina Oaxaquena', CITY='Seattle', LATITUDE=47.615441, LONGITUDE=-122.328226, _4='Full-Service Restaurants')"
2020-05-29T02:45:08,2020-05-29T03:05:49,"Pandas(_0='Eltana', CITY='Seattle', LATITUDE=47.615286, LONGITUDE=-122.31679, _4='Full-Service Restaurants')"
2020-05-29T06:43:21,2020-05-29T08:14:07,"Pandas(_0='SUBWAY', CITY='Seattle', LATITUDE=47.658792, LONGITUDE=-122.313326, _4='Limited-Service Restaurants')"
2020-05-29T20:12:14,2020-05-29T21:29:12,"Pandas(_0='Shawerma King', CITY='Seattle', LATITUDE=47.660998, LONGITUDE=-122.313208, _4='Full-Service Restaurants')"
2020-05-29T22:13:21,2020-05-30T00:09:58,"Pandas(_0='Silkroad Noodle Bar LLC', CITY='Seattle', LATITUDE=47.661497, LONGITUDE=-122.313197, _4='Full-Service Restaurants')"
2020-05-30T00:14:05,2020-05-30T01:00:30,"Pandas(_0='Silkroad Noodle Bar LLC', CITY='Seattle', LATITUDE=47.661497, LONGITUDE=-122.313197, _4='Full-Service Restaurants')"
2020-05-30T01:38:19,2020-05-30T01:57:41,"Pandas(_0='Silkroad Noodle Bar LLC', CITY='Seattle', LATITUDE=47.661497, LONGITUDE=-122.313197, _4='Full-Service Restaurants')"
2020-05-30T03:15:32,2020-05-30T04:00:30,"Pandas(_0=""Rosita's Mexican Grill"", CITY='Seattle', LATITUDE=47.680839, LONGITUDE=-122.324614, _4='Full-Service Restaurants')"
2020-05-30T06:26:49,2020-05-30T07:06:29,"Pandas(_0=""King's Hardware"", CITY='Seattle', LATITUDE=47.666062, LONGITUDE=-122.38283, _4='Full-Service Restaurants')"
2020-05-30T22:02:21,2020-05-30T23:27:24,"Pandas(_0='Hawaii Bbq Restaurant', CITY='Seattle', LATITUDE=47.662749, LONGITUDE=-122.313173, _4='Full-Service Restaurants')"
2020-05-30T23:52:48,2020-05-31T00:59:27,"Pandas(_0='Silkroad Noodle Bar LLC', CITY='Seattle', LATITUDE=47.661497, LONGITUDE=-122.313197, _4='Full-Service Restaurants')"
2020-05-31T01:00:08,2020-05-31T01:45:28,"Pandas(_0='Seoul Posu House', CITY='Seattle', LATITUDE=47.662487, LONGITUDE=-122.31278, _4='Full-Service Restaurants')"
2020-05-31T19:58:04,2020-05-31T21:25:33,"Pandas(_0='Silkroad Noodle Bar LLC', CITY='Seattle', LATITUDE=47.661497, LONGITUDE=-122.313197, _4='Full-Service Restaurants')"
2020-06-01T02:42:10,2020-06-01T03:03:04,"Pandas(_0='Elliott Bay Cafe', CITY='Seattle', LATITUDE=47.614686, LONGITUDE=-122.319842, _4='Full-Service Restaurants')"
2020-06-01T06:15:36,2020-06-01T06:54:00,"Pandas(_0='Kyoto Teriyaki', CITY='Seattle', LATITUDE=47.614031, LONGITUDE=-122.32142, _4='Full-Service Restaurants')"
2020-06-02T20:27:36,2020-06-02T21:50:01,"Pandas(_0='Silkroad Noodle Bar LLC', CITY='Seattle', LATITUDE=47.661497, LONGITUDE=-122.313197, _4='Full-Service Restaurants')"
2020-06-03T23:42:32,2020-06-04T00:13:35,"Pandas(_0='LA Cocina Oaxaquena', CITY='Seattle', LATITUDE=47.615441, LONGITUDE=-122.328226, _4='Full-Service Restaurants')"
2020-06-05T05:59:45,2020-06-05T07:02:34,"Pandas(_0='Silkroad Noodle Bar LLC', CITY='Seattle', LATITUDE=47.661497, LONGITUDE=-122.313197, _4='Full-Service Restaurants')"
2020-06-05T07:04:45,2020-06-05T07:31:38,"Pandas(_0='Silkroad Noodle Bar LLC', CITY='Seattle', LATITUDE=47.661497, LONGITUDE=-122.313197, _4='Full-Service Restaurants')"
2020-06-05T20:32:05,2020-06-05T20:58:42,"Pandas(_0='Silkroad Noodle Bar LLC', CITY='Seattle', LATITUDE=47.661497, LONGITUDE=-122.313197, _4='Full-Service Restaurants')"
2020-06-06T02:04:53,2020-06-06T03:53:52,"Pandas(_0='Coco Ramen & Curry Bar Izakaya', CITY='Bellevue', LATITUDE=47.61513, LONGITUDE=-122.198852, _4='Full-Service Restaurants')"
2020-06-06T20:25:02,2020-06-06T22:35:29,"Pandas(_0='Silkroad Noodle Bar LLC', CITY='Seattle', LATITUDE=47.661497, LONGITUDE=-122.313197, _4='Full-Service Restaurants')"
2020-06-07T04:54:56,2020-06-07T07:18:27,"Pandas(_0='Silkroad Noodle Bar LLC', CITY='Seattle', LATITUDE=47.661497, LONGITUDE=-122.313197, _4='Full-Service Restaurants')"
2020-06-07T07:20:46,2020-06-07T07:50:49,"Pandas(_0='Silkroad Noodle Bar LLC', CITY='Seattle', LATITUDE=47.661497, LONGITUDE=-122.313197, _4='Full-Service Restaurants')"
2020-06-07T23:18:34,2020-06-07T23:35:55,"Pandas(_0='Jack In The Box', CITY='Seattle', LATITUDE=47.66465, LONGITUDE=-122.313424, _4='Limited-Service Restaurants')"
2020-06-08T05:17:15,2020-06-08T06:09:37,"Pandas(_0='Lost Lake Cafe & Lounge', CITY='Seattle', LATITUDE=47.61422, LONGITUDE=-122.31963, _4='Full-Service Restaurants')"
2020-06-08T19:44:31,2020-06-08T21:04:16,"Pandas(_0='Silkroad Noodle Bar LLC', CITY='Seattle', LATITUDE=47.661497, LONGITUDE=-122.313197, _4='Full-Service Restaurants')"
2020-06-08T21:20:29,2020-06-08T22:58:13,"Pandas(_0='Silkroad Noodle Bar LLC', CITY='Seattle', LATITUDE=47.661497, LONGITUDE=-122.313197, _4='Full-Service Restaurants')"
2020-06-09T23:19:30,2020-06-09T23:39:53,"Pandas(_0='Aladdin Gyro-Cery & Deli', CITY='Seattle', LATITUDE=47.658171, LONGITUDE=-122.313278, _4='Supermarkets/Other Grocery (Exc Convenience) Strs')"
2020-06-09T23:44:42,2020-06-10T01:22:29,"Pandas(_0='Cafe On The Aveune', CITY='Seattle', LATITUDE=47.658501, LONGITUDE=-122.313556, _4='Full-Service Restaurants')"
2020-06-10T01:57:42,2020-06-10T02:52:42,"Pandas(_0='LA Cocina Oaxaquena', CITY='Seattle', LATITUDE=47.615441, LONGITUDE=-122.328226, _4='Full-Service Restaurants')"
2020-06-10T03:49:14,2020-06-10T04:05:37,"Pandas(_0='Safeway', CITY='Seattle', LATITUDE=47.664281, LONGITUDE=-122.313907, _4='Supermarkets/Other Grocery (Exc Convenience) Strs')"
2020-06-11T01:45:45,2020-06-11T03:01:28,"Pandas(_0='Silkroad Noodle Bar LLC', CITY='Seattle', LATITUDE=47.661497, LONGITUDE=-122.313197, _4='Full-Service Restaurants')"
2020-06-12T21:16:02,2020-06-12T21:33:33,"Pandas(_0='Chaco Canyon Cafe', CITY='Seattle', LATITUDE=47.664742, LONGITUDE=-122.315556, _4='Full-Service Restaurants')"
2020-06-12T22:24:03,2020-06-12T22:41:58,"Pandas(_0='Cedars Indian Food On Brooklyn', CITY='Seattle', LATITUDE=47.664756, LONGITUDE=-122.314527, _4='Full-Service Restaurants')"
2020-06-14T01:55:14,2020-06-14T02:51:09,"Pandas(_0='Silkroad Noodle Bar LLC', CITY='Seattle', LATITUDE=47.661497, LONGITUDE=-122.313197, _4='Full-Service Restaurants')"
2020-06-14T03:39:01,2020-06-14T05:29:01,"Pandas(_0='Silkroad Noodle Bar LLC', CITY='Seattle', LATITUDE=47.661497, LONGITUDE=-122.313197, _4='Full-Service Restaurants')"
2020-06-14T21:56:24,2020-06-14T22:15:52,"Pandas(_0='A Pizza Mart', CITY='Seattle', LATITUDE=47.61598, LONGITUDE=-122.33426, _4='Full-Service Restaurants')"
2020-06-15T22:50:52,2020-06-15T23:14:46,"Pandas(_0='Silkroad Noodle Bar LLC', CITY='Seattle', LATITUDE=47.661497, LONGITUDE=-122.313197, _4='Full-Service Restaurants')"
2020-06-17T01:16:15,2020-06-17T01:56:37,"Pandas(_0='Silkroad Noodle Bar LLC', CITY='Seattle', LATITUDE=47.661497, LONGITUDE=-122.313197, _4='Full-Service Restaurants')"
2020-06-18T03:27:40,2020-06-18T04:03:21,"Pandas(_0='U Don Fresh Japanese Noodle', CITY='Seattle', LATITUDE=47.661735, LONGITUDE=-122.313192, _4='Full-Service Restaurants')"
2020-06-18T23:03:21,2020-06-18T23:55:08,"Pandas(_0='LA Cocina Oaxaquena', CITY='Seattle', LATITUDE=47.615441, LONGITUDE=-122.328226, _4='Full-Service Restaurants')"
2020-06-21T01:48:25,2020-06-21T02:09:49,"Pandas(_0='Thai Tom', CITY='Seattle', LATITUDE=47.66254, LONGITUDE=-122.31332, _4='Full-Service Restaurants')"
2020-06-21T02:24:05,2020-06-21T02:49:35,"Pandas(_0='Hawaii Bbq Restaurant', CITY='Seattle', LATITUDE=47.662749, LONGITUDE=-122.313173, _4='Full-Service Restaurants')"
2020-06-21T04:22:21,2020-06-21T06:04:26,"Pandas(_0='Cafe On The Aveune', CITY='Seattle', LATITUDE=47.658501, LONGITUDE=-122.313556, _4='Full-Service Restaurants')"
2020-06-21T06:11:22,2020-06-21T07:17:04,"Pandas(_0='Generation Gaming Cafe', CITY='Seattle', LATITUDE=47.661033, LONGITUDE=-122.313467, _4='Full-Service Restaurants')"
2020-06-21T18:17:53,2020-06-21T19:01:29,"Pandas(_0='Silkroad Noodle Bar LLC', CITY='Seattle', LATITUDE=47.661497, LONGITUDE=-122.313197, _4='Full-Service Restaurants')"
2020-06-21T23:37:55,2020-06-22T00:34:29,"Pandas(_0='Big Time Brewery & Alehouse', CITY='Seattle', LATITUDE=47.657865, LONGITUDE=-122.313288, _4='Full-Service Restaurants')"
2020-06-22T00:35:31,2020-06-22T02:07:55,"Pandas(_0='Shalimar Restaurant', CITY='Seattle', LATITUDE=47.658759, LONGITUDE=-122.312883, _4='Full-Service Restaurants')"
2020-06-23T20:25:10,2020-06-23T21:39:17,"Pandas(_0='Cafe On The Aveune', CITY='Seattle', LATITUDE=47.658501, LONGITUDE=-122.313556, _4='Full-Service Restaurants')"
2020-06-23T23:48:14,2020-06-24T00:40:41,"Pandas(_0='Cafe Mox', CITY='Seattle', LATITUDE=47.665032, LONGITUDE=-122.380306, _4='Full-Service Restaurants')"
2020-06-24T05:30:23,2020-06-24T05:48:14,"Pandas(_0='Restaurants Unlimited Inc', CITY='Seattle', LATITUDE=47.651657, LONGITUDE=-122.352008, _4='Full-Service Restaurants')"
2020-06-24T17:41:37,2020-06-24T17:56:37,"Pandas(_0=""Chili's South Indian Cuisine"", CITY='Seattle', LATITUDE=47.65891, LONGITUDE=-122.31301, _4='Full-Service Restaurants')"
2020-06-24T18:23:31,2020-06-24T18:45:05,"Pandas(_0='Cedars Of Lebanon', CITY='Seattle', LATITUDE=47.659746, LONGITUDE=-122.312859, _4='Full-Service Restaurants')"
2020-06-25T01:47:30,2020-06-25T04:02:22,"Pandas(_0='Silkroad Noodle Bar LLC', CITY='Seattle', LATITUDE=47.661497, LONGITUDE=-122.313197, _4='Full-Service Restaurants')"
2020-06-25T04:03:41,2020-06-25T06:18:35,"Pandas(_0='Silkroad Noodle Bar LLC', CITY='Seattle', LATITUDE=47.661497, LONGITUDE=-122.313197, _4='Full-Service Restaurants')"
2020-06-26T19:06:08,2020-06-26T21:31:33,"Pandas(_0='Silkroad Noodle Bar LLC', CITY='Seattle', LATITUDE=47.661497, LONGITUDE=-122.313197, _4='Full-Service Restaurants')"
2020-06-27T15:38:10,2020-06-27T16:51:16,"Pandas(_0='Cafe On The Aveune', CITY='Seattle', LATITUDE=47.658501, LONGITUDE=-122.313556, _4='Full-Service Restaurants')"
2020-06-28T06:10:53,2020-06-28T06:32:52,"Pandas(_0='Fogon Cocina Mexicana', CITY='Seattle', LATITUDE=47.615286, LONGITUDE=-122.32405, _4='Full-Service Restaurants')"
2020-06-29T01:39:25,2020-06-29T02:29:26,"Pandas(_0='Octopus Bar & Grill LLC', CITY='Seattle', LATITUDE=47.661186, LONGITUDE=-122.333225, _4='Full-Service Restaurants')"
2020-06-29T02:45:46,2020-06-29T04:42:30,"Pandas(_0='Sunset Tavern', CITY='Seattle', LATITUDE=47.668117, LONGITUDE=-122.385996, _4='Full-Service Restaurants')"
2020-06-29T23:13:54,2020-06-30T01:35:31,"Pandas(_0='Silkroad Noodle Bar LLC', CITY='Seattle', LATITUDE=47.661497, LONGITUDE=-122.313197, _4='Full-Service Restaurants')"
2020-06-30T07:07:47,2020-06-30T08:23:19,"Pandas(_0=""Domino's"", CITY='Seattle', LATITUDE=47.661579, LONGITUDE=-122.330526, _4='Limited-Service Restaurants')"
2020-07-01T01:18:34,2020-07-01T01:56:02,"Pandas(_0='LA Cocina Oaxaquena', CITY='Seattle', LATITUDE=47.615441, LONGITUDE=-122.328226, _4='Full-Service Restaurants')"
2020-07-01T03:46:30,2020-07-01T04:03:29,"Pandas(_0='Silkroad Noodle Bar LLC', CITY='Seattle', LATITUDE=47.661497, LONGITUDE=-122.313197, _4='Full-Service Restaurants')"
2020-07-02T03:31:06,2020-07-02T03:55:02,"Pandas(_0='Chipotle Mexican Grill', CITY='Seattle', LATITUDE=47.659223, LONGITUDE=-122.313346, _4='Limited-Service Restaurants')"
2020-07-02T03:59:37,2020-07-02T04:23:22,"Pandas(_0='Silkroad Noodle Bar LLC', CITY='Seattle', LATITUDE=47.661497, LONGITUDE=-122.313197, _4='Full-Service Restaurants')"
2020-07-02T05:04:06,2020-07-02T06:12:13,"Pandas(_0=""Earl's On The Ave"", CITY='Seattle', LATITUDE=47.660813, LONGITUDE=-122.313472, _4='Full-Service Restaurants')"
2020-07-02T22:49:59,2020-07-02T23:21:07,"Pandas(_0='Silkroad Noodle Bar LLC', CITY='Seattle', LATITUDE=47.661497, LONGITUDE=-122.313197, _4='Full-Service Restaurants')"
2020-07-02T23:53:19,2020-07-03T00:46:02,"Pandas(_0='LA Cocina Oaxaquena', CITY='Seattle', LATITUDE=47.615441, LONGITUDE=-122.328226, _4='Full-Service Restaurants')"
2020-07-05T00:21:43,2020-07-05T01:36:38,"Pandas(_0='Silkroad Noodle Bar LLC', CITY='Seattle', LATITUDE=47.661497, LONGITUDE=-122.313197, _4='Full-Service Restaurants')"
2020-07-05T05:51:27,2020-07-05T06:36:49,"Pandas(_0='Tahn Brothers Restaurant', CITY='Seattle', LATITUDE=47.65858, LONGITUDE=-122.3134, _4='Full-Service Restaurants')"
2020-07-05T19:44:06,2020-07-05T20:08:27,"Pandas(_0='Hawaii Bbq Restaurant', CITY='Seattle', LATITUDE=47.662749, LONGITUDE=-122.313173, _4='Full-Service Restaurants')"
2020-07-05T23:16:02,2020-07-05T23:32:24,"Pandas(_0=""Chili's South Indian Cuisine"", CITY='Seattle', LATITUDE=47.65891, LONGITUDE=-122.31301, _4='Full-Service Restaurants')"
2020-07-08T21:42:47,2020-07-08T22:19:15,"Pandas(_0='U Don Fresh Japanese Noodle', CITY='Seattle', LATITUDE=47.661735, LONGITUDE=-122.313192, _4='Full-Service Restaurants')"
2020-07-10T00:00:26,2020-07-10T01:11:28,"Pandas(_0='Cafe On The Aveune', CITY='Seattle', LATITUDE=47.658501, LONGITUDE=-122.313556, _4='Full-Service Restaurants')"
2020-07-10T04:29:52,2020-07-10T05:01:02,"Pandas(_0=""Sam's Sushi Bar & Grill"", CITY='Seattle', LATITUDE=47.66897, LONGITUDE=-122.38455, _4='Full-Service Restaurants')"
2020-07-10T06:02:53,2020-07-10T06:59:23,"Pandas(_0='Billy Beach Sushi & Bar', CITY='Seattle', LATITUDE=47.668167, LONGITUDE=-122.384351, _4='Full-Service Restaurants')"
2020-07-10T07:00:30,2020-07-10T07:31:24,"Pandas(_0='Billy Beach Sushi & Bar', CITY='Seattle', LATITUDE=47.668167, LONGITUDE=-122.384351, _4='Full-Service Restaurants')"
2020-07-10T07:34:27,2020-07-10T08:51:09,"Pandas(_0=""Hattie's Hat Restaurant"", CITY='Seattle', LATITUDE=47.666063, LONGITUDE=-122.383221, _4='Full-Service Restaurants')"
2020-07-10T18:51:55,2020-07-10T19:41:14,"Pandas(_0='Chipotle Mexican Grill', CITY='Seattle', LATITUDE=47.659223, LONGITUDE=-122.313346, _4='Limited-Service Restaurants')"
2020-07-11T05:51:56,2020-07-11T06:18:39,"Pandas(_0='Cafe On The Aveune', CITY='Seattle', LATITUDE=47.658501, LONGITUDE=-122.313556, _4='Full-Service Restaurants')"
2020-07-12T01:32:17,2020-07-12T01:55:35,"Pandas(_0='Silkroad Noodle Bar LLC', CITY='Seattle', LATITUDE=47.661497, LONGITUDE=-122.313197, _4='Full-Service Restaurants')"
2020-07-12T02:47:13,2020-07-12T03:02:44,"Pandas(_0='Shilla Uwajimaya', CITY='Seattle', LATITUDE=47.597484, LONGITUDE=-122.326689, _4='Full-Service Restaurants')"
2020-07-12T08:01:28,2020-07-12T08:34:49,"Pandas(_0='Sushi Naomi', CITY='Seattle', LATITUDE=47.692242, LONGITUDE=-122.355258, _4='Full-Service Restaurants')"
2020-07-15T08:35:03,2020-07-15T08:55:47,"Pandas(_0='Pho Tran Restaurant', CITY='Seattle', LATITUDE=47.658779, LONGITUDE=-122.313544, _4='Full-Service Restaurants')"
2020-07-16T19:56:36,2020-07-16T20:16:47,"Pandas(_0=""Mc Donald's"", CITY='Kirkland', LATITUDE=47.679755, LONGITUDE=-122.176579, _4='Limited-Service Restaurants')"
2020-07-17T15:40:34,2020-07-17T16:53:33,"Pandas(_0='LA Cocina Oaxaquena', CITY='Seattle', LATITUDE=47.615441, LONGITUDE=-122.328226, _4='Full-Service Restaurants')"
2020-07-19T07:32:41,2020-07-19T07:49:42,"Pandas(_0='Quality Food Ctr', CITY='Seattle', LATITUDE=47.66188, LONGITUDE=-122.335904, _4='Supermarkets/Other Grocery (Exc Convenience) Strs')"
2020-07-20T01:23:49,2020-07-20T02:26:00,"Pandas(_0='New Saigon Restaurant', CITY='Seattle', LATITUDE=47.61189, LONGITUDE=-122.33536, _4='Full-Service Restaurants')"
2020-07-20T05:51:05,2020-07-20T07:04:56,"Pandas(_0='Mediterranean Express', CITY='Seattle', LATITUDE=47.6136, LONGITUDE=-122.32098, _4='Full-Service Restaurants')"
2020-07-20T07:07:03,2020-07-20T07:48:58,"Pandas(_0='Mediterranean Express', CITY='Seattle', LATITUDE=47.6136, LONGITUDE=-122.32098, _4='Full-Service Restaurants')"
2020-07-20T08:16:03,2020-07-20T09:23:57,"Pandas(_0=""Li'l Woody's"", CITY='Seattle', LATITUDE=47.615057, LONGITUDE=-122.328253, _4='Full-Service Restaurants')"
2020-07-20T09:31:44,2020-07-20T10:06:35,"Pandas(_0=""Memo's Mexican Food"", CITY='Seattle', LATITUDE=47.66433, LONGITUDE=-122.31327, _4='Full-Service Restaurants')"
2020-07-20T18:58:07,2020-07-20T19:15:46,"Pandas(_0='Silkroad Noodle Bar LLC', CITY='Seattle', LATITUDE=47.661497, LONGITUDE=-122.313197, _4='Full-Service Restaurants')"
2020-07-20T23:40:03,2020-07-20T23:56:02,"Pandas(_0='Cheesecake Factory', CITY='Seattle', LATITUDE=47.611899, LONGITUDE=-122.332887, _4='Full-Service Restaurants')"
2020-07-22T01:07:22,2020-07-22T02:07:43,"Pandas(_0='Silkroad Noodle Bar LLC', CITY='Seattle', LATITUDE=47.661497, LONGITUDE=-122.313197, _4='Full-Service Restaurants')"
2020-07-22T08:55:39,2020-07-22T09:22:03,"Pandas(_0='Beths Cafe', CITY='Seattle', LATITUDE=47.6821, LONGITUDE=-122.34473, _4='Full-Service Restaurants')"
2020-07-23T01:19:01,2020-07-23T02:14:19,"Pandas(_0='Silkroad Noodle Bar LLC', CITY='Seattle', LATITUDE=47.661497, LONGITUDE=-122.313197, _4='Full-Service Restaurants')"
2020-07-23T02:28:33,2020-07-23T03:11:59,"Pandas(_0='Silkroad Noodle Bar LLC', CITY='Seattle', LATITUDE=47.661497, LONGITUDE=-122.313197, _4='Full-Service Restaurants')"
2020-07-23T22:16:21,2020-07-23T22:47:31,"Pandas(_0='Tahn Brothers Restaurant', CITY='Seattle', LATITUDE=47.65858, LONGITUDE=-122.3134, _4='Full-Service Restaurants')"
2020-07-23T22:57:55,2020-07-23T23:13:15,"Pandas(_0='Hawaii Bbq Restaurant', CITY='Seattle', LATITUDE=47.662749, LONGITUDE=-122.313173, _4='Full-Service Restaurants')"
2020-07-23T23:24:26,2020-07-24T00:08:42,"Pandas(_0='Village Sushi', CITY='Seattle', LATITUDE=47.667187, LONGITUDE=-122.313125, _4='Full-Service Restaurants')"
2020-07-24T03:17:03,2020-07-24T03:42:53,"Pandas(_0='Thai Tom', CITY='Seattle', LATITUDE=47.66254, LONGITUDE=-122.31332, _4='Full-Service Restaurants')"
2020-07-25T00:20:28,2020-07-25T00:42:24,"Pandas(_0='University Pizzeria', CITY='Seattle', LATITUDE=47.662162, LONGITUDE=-122.313447, _4='Full-Service Restaurants')"
2020-07-30T00:41:02,2020-07-30T00:57:33,"Pandas(_0='Pizza Hut Express', CITY='Seattle', LATITUDE=47.709131, LONGITUDE=-122.323941, _4='Full-Service Restaurants')"
2020-08-02T10:02:50,2020-08-02T11:13:56,"Pandas(_0='IHOP Restaurant', CITY='Seattle', LATITUDE=47.611919, LONGITUDE=-122.319637, _4='Full-Service Restaurants')"
2020-08-03T21:40:41,2020-08-03T22:16:26,"Pandas(_0='LA Cocina Oaxaquena', CITY='Seattle', LATITUDE=47.615441, LONGITUDE=-122.328226, _4='Full-Service Restaurants')"
2020-08-03T22:25:42,2020-08-03T22:40:51,"Pandas(_0=""St John's"", CITY='Seattle', LATITUDE=47.61393, LONGITUDE=-122.32259, _4='Full-Service Restaurants')"
2020-08-03T22:43:02,2020-08-03T22:58:52,"Pandas(_0='8 Oz Burger Bar Seattle', CITY='Seattle', LATITUDE=47.613515, LONGITUDE=-122.321449, _4='Full-Service Restaurants')"
2020-08-04T23:11:08,2020-08-04T23:30:36,"Pandas(_0=""Jimmy John's"", CITY='Seattle', LATITUDE=47.70851, LONGITUDE=-122.322883, _4='Limited-Service Restaurants')"
2020-08-06T23:36:02,2020-08-07T00:04:19,"Pandas(_0='Hawaii Bbq Restaurant', CITY='Seattle', LATITUDE=47.662749, LONGITUDE=-122.313173, _4='Full-Service Restaurants')"
2020-08-07T19:05:22,2020-08-07T20:29:53,"Pandas(_0='Itadakimasu Restaurant', CITY='Seattle', LATITUDE=47.664344, LONGITUDE=-122.314528, _4='Full-Service Restaurants')"
2020-08-09T06:45:40,2020-08-09T07:42:56,"Pandas(_0='Pho Bac', CITY='Seattle', LATITUDE=47.59875, LONGITUDE=-122.323821, _4='Full-Service Restaurants')"
2020-08-11T01:52:34,2020-08-11T02:15:00,"Pandas(_0='Hawaii Bbq Restaurant', CITY='Seattle', LATITUDE=47.662749, LONGITUDE=-122.313173, _4='Full-Service Restaurants')"
2020-08-11T02:36:03,2020-08-11T04:37:49,"Pandas(_0='Seoul Posu House', CITY='Seattle', LATITUDE=47.662487, LONGITUDE=-122.31278, _4='Full-Service Restaurants')"
2020-08-13T04:31:03,2020-08-13T06:26:53,"Pandas(_0='Pho Tran Restaurant', CITY='Seattle', LATITUDE=47.658779, LONGITUDE=-122.313544, _4='Full-Service Restaurants')"
2020-08-14T03:00:57,2020-08-14T03:21:58,"Pandas(_0='Mililani', CITY='Seattle', LATITUDE=47.608915, LONGITUDE=-122.339683, _4='Full-Service Restaurants')"
2020-08-14T07:36:22,2020-08-14T08:07:52,"Pandas(_0=""Memo's Mexican Food"", CITY='Seattle', LATITUDE=47.66433, LONGITUDE=-122.31327, _4='Full-Service Restaurants')"
2020-08-17T00:07:19,2020-08-17T01:36:49,"Pandas(_0='NYC Deli Market', CITY='Seattle', LATITUDE=47.612256, LONGITUDE=-122.333838, _4='Limited-Service Restaurants')"
2020-08-17T19:45:44,2020-08-17T20:01:58,"Pandas(_0='Ugly Mug Cafe', CITY='Seattle', LATITUDE=47.659765, LONGITUDE=-122.313736, _4='Full-Service Restaurants')"
2020-08-17T22:32:18,2020-08-17T22:50:09,"Pandas(_0=""Chili's South Indian Cuisine"", CITY='Seattle', LATITUDE=47.65891, LONGITUDE=-122.31301, _4='Full-Service Restaurants')"
2020-08-19T01:09:51,2020-08-19T02:00:21,"Pandas(_0='Ugly Mug Cafe', CITY='Seattle', LATITUDE=47.659765, LONGITUDE=-122.313736, _4='Full-Service Restaurants')"
2020-08-19T02:54:00,2020-08-19T03:13:47,"Pandas(_0=""Sam's Sushi Bar & Grill"", CITY='Seattle', LATITUDE=47.66897, LONGITUDE=-122.38455, _4='Full-Service Restaurants')"
2020-08-19T06:38:17,2020-08-19T06:58:57,"Pandas(_0='QFC', CITY='Seattle', LATITUDE=47.670176, LONGITUDE=-122.387517, _4='Supermarkets/Other Grocery (Exc Convenience) Strs')"
2020-08-20T03:40:29,2020-08-20T04:35:44,"Pandas(_0='Haru Sushi', CITY='Seattle', LATITUDE=47.65964, LONGITUDE=-122.31337, _4='Full-Service Restaurants')"
2020-08-21T00:10:27,2020-08-21T00:27:44,"Pandas(_0='Cedars Indian Food On Brooklyn', CITY='Seattle', LATITUDE=47.664756, LONGITUDE=-122.314527, _4='Full-Service Restaurants')"
2020-08-21T19:35:37,2020-08-21T20:38:45,"Pandas(_0='Pasta Guys LLC', CITY='Seattle', LATITUDE=47.608677, LONGITUDE=-122.341056, _4='Supermarkets/Other Grocery (Exc Convenience) Strs')"
2020-08-26T02:47:40,2020-08-26T03:24:31,"Pandas(_0='Silkroad Noodle Bar LLC', CITY='Seattle', LATITUDE=47.661497, LONGITUDE=-122.313197, _4='Full-Service Restaurants')"
2020-08-26T03:26:35,2020-08-26T05:51:24,"Pandas(_0='My Favorite Deli', CITY='Seattle', LATITUDE=47.661026, LONGITUDE=-122.313941, _4='Full-Service Restaurants')"
2020-08-28T19:53:29,2020-08-28T20:11:48,"Pandas(_0='Pho Shizzle2', CITY='Seattle', LATITUDE=47.65933, LONGITUDE=-122.31335, _4='Full-Service Restaurants')"
2020-08-28T21:07:51,2020-08-28T21:32:29,"Pandas(_0=""Jimmy John's"", CITY='Seattle', LATITUDE=47.70851, LONGITUDE=-122.322883, _4='Limited-Service Restaurants')"
2020-08-28T22:54:51,2020-08-28T23:52:07,"Pandas(_0='LA Cocina Oaxaquena', CITY='Seattle', LATITUDE=47.615441, LONGITUDE=-122.328226, _4='Full-Service Restaurants')"
2020-08-29T06:32:01,2020-08-29T08:33:08,"Pandas(_0='Silkroad Noodle Bar LLC', CITY='Seattle', LATITUDE=47.661497, LONGITUDE=-122.313197, _4='Full-Service Restaurants')"
2020-08-30T08:26:43,2020-08-30T09:19:25,"Pandas(_0='Pho Bac', CITY='Seattle', LATITUDE=47.616944, LONGITUDE=-122.330829, _4='Full-Service Restaurants')"
2020-09-03T02:58:41,2020-09-03T03:57:31,"Pandas(_0='College Inn', CITY='Seattle', LATITUDE=47.655491, LONGITUDE=-122.312987, _4='Supermarkets/Other Grocery (Exc Convenience) Strs')"
2020-09-06T06:09:31,2020-09-06T07:35:08,"Pandas(_0='Roxys Diner', CITY='Seattle', LATITUDE=47.65219, LONGITUDE=-122.35268, _4='Full-Service Restaurants')"
2020-09-07T23:23:14,2020-09-07T23:45:27,"Pandas(_0='MOD Pizza', CITY='Seattle', LATITUDE=47.658361, LONGITUDE=-122.312838, _4='Full-Service Restaurants')"
2020-09-08T02:25:19,2020-09-08T02:47:04,"Pandas(_0=""Jimmy John's"", CITY='Seattle', LATITUDE=47.70851, LONGITUDE=-122.322883, _4='Limited-Service Restaurants')"
2020-09-08T05:46:38,2020-09-08T06:38:01,"Pandas(_0='Sizzle Pie', CITY='Seattle', LATITUDE=47.612719, LONGITUDE=-122.318909, _4='Full-Service Restaurants')"
2020-09-08T06:41:13,2020-09-08T08:33:45,"Pandas(_0='Sizzle Pie', CITY='Seattle', LATITUDE=47.612719, LONGITUDE=-122.318909, _4='Full-Service Restaurants')"
2020-09-08T08:35:01,2020-09-08T09:08:27,"Pandas(_0='Sizzle Pie', CITY='Seattle', LATITUDE=47.612719, LONGITUDE=-122.318909, _4='Full-Service Restaurants')"
2020-09-08T22:46:16,2020-09-09T00:11:38,"Pandas(_0='Pho Tran Restaurant', CITY='Seattle', LATITUDE=47.658779, LONGITUDE=-122.313544, _4='Full-Service Restaurants')"
2020-09-09T00:25:04,2020-09-09T00:47:53,"Pandas(_0='Cedars Indian Food On Brooklyn', CITY='Seattle', LATITUDE=47.664756, LONGITUDE=-122.314527, _4='Full-Service Restaurants')"
2020-09-10T03:30:38,2020-09-10T04:12:49,"Pandas(_0='Sarduccis', CITY='Seattle', LATITUDE=47.65795, LONGITUDE=-122.313574, _4='Full-Service Restaurants')"
2020-09-12T07:45:26,2020-09-12T08:38:41,"Pandas(_0='Silkroad Noodle Bar LLC', CITY='Seattle', LATITUDE=47.661497, LONGITUDE=-122.313197, _4='Full-Service Restaurants')"
2020-09-14T01:16:06,2020-09-14T01:44:23,"Pandas(_0='Hawaii Bbq Restaurant', CITY='Seattle', LATITUDE=47.662749, LONGITUDE=-122.313173, _4='Full-Service Restaurants')"
2020-09-14T01:45:37,2020-09-14T02:08:54,"Pandas(_0='Seoul Posu House', CITY='Seattle', LATITUDE=47.662487, LONGITUDE=-122.31278, _4='Full-Service Restaurants')"
2020-09-14T07:48:12,2020-09-14T08:25:06,"Pandas(_0=""Memo's Mexican Food"", CITY='Seattle', LATITUDE=47.66433, LONGITUDE=-122.31327, _4='Full-Service Restaurants')"
2020-09-15T02:25:08,2020-09-15T02:53:30,"Pandas(_0='Hawaii Bbq Restaurant', CITY='Seattle', LATITUDE=47.662749, LONGITUDE=-122.313173, _4='Full-Service Restaurants')"
2020-09-15T03:45:25,2020-09-15T04:19:21,"Pandas(_0='Silkroad Noodle Bar LLC', CITY='Seattle', LATITUDE=47.661497, LONGITUDE=-122.313197, _4='Full-Service Restaurants')"
2020-09-15T22:37:13,2020-09-15T23:48:44,"Pandas(_0='Cafe On The Aveune', CITY='Seattle', LATITUDE=47.658501, LONGITUDE=-122.313556, _4='Full-Service Restaurants')"
2020-09-18T09:20:03,2020-09-18T09:59:27,"Pandas(_0='Silkroad Noodle Bar LLC', CITY='Seattle', LATITUDE=47.661497, LONGITUDE=-122.313197, _4='Full-Service Restaurants')"
2020-09-25T21:04:18,2020-09-25T21:52:20,"Pandas(_0='LA Cocina Oaxaquena', CITY='Seattle', LATITUDE=47.615441, LONGITUDE=-122.328226, _4='Full-Service Restaurants')"
2020-09-27T23:29:25,2020-09-27T23:57:49,"Pandas(_0='Porkchop & Co', CITY='Seattle', LATITUDE=47.667845, LONGITUDE=-122.383973, _4='Full-Service Restaurants')"
2020-09-28T00:00:46,2020-09-28T00:34:39,"Pandas(_0='Palermo Pizza & Pasta-Ballard', CITY='Seattle', LATITUDE=47.66847, LONGITUDE=-122.38239, _4='Full-Service Restaurants')"
2020-09-30T23:31:14,2020-10-01T00:08:39,"Pandas(_0='MOD Pizza', CITY='Seattle', LATITUDE=47.658361, LONGITUDE=-122.312838, _4='Full-Service Restaurants')"
2020-10-02T22:42:52,2020-10-02T23:42:01,"Pandas(_0=""Shultzy's Sausage"", CITY='Seattle', LATITUDE=47.65728, LONGITUDE=-122.313172, _4='Full-Service Restaurants')"
2020-10-04T02:59:15,2020-10-04T03:19:22,"Pandas(_0='Safeway', CITY='Seattle', LATITUDE=47.664281, LONGITUDE=-122.313907, _4='Supermarkets/Other Grocery (Exc Convenience) Strs')"
2020-10-06T06:36:17,2020-10-06T06:58:36,"Pandas(_0=""Shultzy's Sausage"", CITY='Seattle', LATITUDE=47.65728, LONGITUDE=-122.313172, _4='Full-Service Restaurants')"
2020-10-16T09:16:19,2020-10-16T09:36:27,"Pandas(_0='Shawerma King', CITY='Seattle', LATITUDE=47.660998, LONGITUDE=-122.313208, _4='Full-Service Restaurants')"
2020-10-19T09:39:38,2020-10-19T10:00:01,"Pandas(_0=""Memo's Mexican Food"", CITY='Seattle', LATITUDE=47.66433, LONGITUDE=-122.31327, _4='Full-Service Restaurants')"
2020-10-20T00:11:37,2020-10-20T00:54:36,"Pandas(_0='LA Cocina Oaxaquena', CITY='Seattle', LATITUDE=47.615441, LONGITUDE=-122.328226, _4='Full-Service Restaurants')"
2020-10-20T01:41:05,2020-10-20T02:35:39,"Pandas(_0='Seoul Posu House', CITY='Seattle', LATITUDE=47.662487, LONGITUDE=-122.31278, _4='Full-Service Restaurants')"
2020-10-21T03:25:46,2020-10-21T03:48:14,"Pandas(_0='Cafe Solstice', CITY='Seattle', LATITUDE=47.657397, LONGITUDE=-122.312928, _4='Full-Service Restaurants')"
2020-10-21T03:48:44,2020-10-21T04:15:21,"Pandas(_0='Cafe Solstice', CITY='Seattle', LATITUDE=47.657397, LONGITUDE=-122.312928, _4='Full-Service Restaurants')"
2020-10-22T01:55:07,2020-10-22T02:10:17,"Pandas(_0='Silkroad Noodle Bar LLC', CITY='Seattle', LATITUDE=47.661497, LONGITUDE=-122.313197, _4='Full-Service Restaurants')"
2020-10-23T01:56:41,2020-10-23T02:31:51,"Pandas(_0='Silkroad Noodle Bar LLC', CITY='Seattle', LATITUDE=47.661497, LONGITUDE=-122.313197, _4='Full-Service Restaurants')"
2020-10-25T00:48:36,2020-10-25T02:17:29,"Pandas(_0='Silkroad Noodle Bar LLC', CITY='Seattle', LATITUDE=47.661497, LONGITUDE=-122.313197, _4='Full-Service Restaurants')"
2020-10-26T19:07:52,2020-10-26T19:51:51,"Pandas(_0='LA Cocina Oaxaquena', CITY='Seattle', LATITUDE=47.615441, LONGITUDE=-122.328226, _4='Full-Service Restaurants')"
2020-10-27T03:07:24,2020-10-27T03:34:38,"Pandas(_0=""Mc Donald's"", CITY='Seattle', LATITUDE=47.668254, LONGITUDE=-122.373179, _4='Limited-Service Restaurants')"
2020-10-29T04:40:41,2020-10-29T04:57:32,"Pandas(_0='Mee Sum Pastry', CITY='Seattle', LATITUDE=47.661192, LONGITUDE=-122.313203, _4='Full-Service Restaurants')"
2020-10-31T01:49:11,2020-10-31T03:20:47,"Pandas(_0='Silkroad Noodle Bar LLC', CITY='Seattle', LATITUDE=47.661497, LONGITUDE=-122.313197, _4='Full-Service Restaurants')"
2020-11-02T02:03:42,2020-11-02T04:23:53,"Pandas(_0='Silkroad Noodle Bar LLC', CITY='Seattle', LATITUDE=47.661497, LONGITUDE=-122.313197, _4='Full-Service Restaurants')"
2020-11-03T02:38:44,2020-11-03T03:54:57,"Pandas(_0=""Applebee's"", CITY='Chehalis', LATITUDE=46.67764, LONGITUDE=-122.975484, _4='Full-Service Restaurants')"
2020-11-04T02:30:49,2020-11-04T04:02:00,"Pandas(_0='Olive Garden Italian Kitchen', CITY='Olympia', LATITUDE=47.040258, LONGITUDE=-122.932205, _4='Full-Service Restaurants')"
2020-11-05T20:47:30,2020-11-05T21:55:56,"Pandas(_0='Tiki Tap House', CITY='Centralia', LATITUDE=46.719205, LONGITUDE=-122.952693, _4='Full-Service Restaurants')"
2020-11-08T01:42:46,2020-11-08T02:18:27,"Pandas(_0='Pal Do World', CITY='Lakewood', LATITUDE=47.169074, LONGITUDE=-122.482373, _4='Supermarkets/Other Grocery (Exc Convenience) Strs')"
2020-11-10T23:30:19,2020-11-10T23:58:37,"Pandas(_0='Dawns Delectables', CITY='Centralia', LATITUDE=46.717341, LONGITUDE=-122.953777, _4='Full-Service Restaurants')"
2020-11-11T23:53:05,2020-11-12T00:15:53,"Pandas(_0=""O'Blarney's Irish Pub"", CITY='Centralia', LATITUDE=46.71806, LONGITUDE=-122.95382, _4='Full-Service Restaurants')"
2020-11-13T02:27:52,2020-11-13T03:23:13,"Pandas(_0='7-Eleven', CITY='Seattle', LATITUDE=47.659062, LONGITUDE=-122.313122, _4='Convenience Stores')"
2020-11-13T03:28:01,2020-11-13T03:59:05,"Pandas(_0='MOD Pizza', CITY='Seattle', LATITUDE=47.658361, LONGITUDE=-122.312838, _4='Full-Service Restaurants')"
2020-11-15T04:47:44,2020-11-15T05:05:38,"Pandas(_0='Pie', CITY='Seattle', LATITUDE=47.65116, LONGITUDE=-122.350306, _4='Full-Service Restaurants')"
2020-11-15T07:07:14,2020-11-15T09:31:58,"Pandas(_0='Ballard Mandarin', CITY='Seattle', LATITUDE=47.668928, LONGITUDE=-122.365928, _4='Full-Service Restaurants')"
2020-11-16T00:03:43,2020-11-16T00:42:35,"Pandas(_0='Mee Sum Pastry', CITY='Seattle', LATITUDE=47.661192, LONGITUDE=-122.313203, _4='Full-Service Restaurants')"
2020-11-20T20:04:29,2020-11-20T20:53:38,"Pandas(_0='LA Cocina Oaxaquena', CITY='Seattle', LATITUDE=47.615441, LONGITUDE=-122.328226, _4='Full-Service Restaurants')"
2020-11-20T21:05:05,2020-11-20T21:58:55,"Pandas(_0='Raygun Lounge', CITY='Seattle', LATITUDE=47.614988, LONGITUDE=-122.325201, _4='Full-Service Restaurants')"
2020-11-22T03:18:01,2020-11-22T04:08:21,"Pandas(_0='Veggie Grill', CITY='Seattle', LATITUDE=47.610004, LONGITUDE=-122.336528, _4='Full-Service Restaurants')"
2020-11-22T04:14:38,2020-11-22T04:49:44,"Pandas(_0='NYC Deli Market', CITY='Seattle', LATITUDE=47.612256, LONGITUDE=-122.333838, _4='Limited-Service Restaurants')"
2020-11-23T01:23:01,2020-11-23T01:47:02,"Pandas(_0='Mee Sum Pastry', CITY='Seattle', LATITUDE=47.661192, LONGITUDE=-122.313203, _4='Full-Service Restaurants')"
2020-11-24T03:11:21,2020-11-24T04:28:01,"Pandas(_0='Seoul Posu House', CITY='Seattle', LATITUDE=47.662487, LONGITUDE=-122.31278, _4='Full-Service Restaurants')"
2020-11-25T00:59:19,2020-11-25T01:30:41,"Pandas(_0='Ugly Mug Cafe', CITY='Seattle', LATITUDE=47.659765, LONGITUDE=-122.313736, _4='Full-Service Restaurants')"
2020-11-25T01:38:10,2020-11-25T03:23:20,"Pandas(_0=""Yinzi's Kitchen"", CITY='Seattle', LATITUDE=47.661666, LONGITUDE=-122.318342, _4='Full-Service Restaurants')"
2020-11-25T08:12:14,2020-11-25T08:36:20,"Pandas(_0='Ichiro Teriyaki', CITY='Seattle', LATITUDE=47.657588, LONGITUDE=-122.313163, _4='Full-Service Restaurants')"
2020-11-27T01:00:10,2020-11-27T01:20:41,"Pandas(_0='LA Vaca Mexican Restaurant', CITY='Seattle', LATITUDE=47.657743, LONGITUDE=-122.313291, _4='Full-Service Restaurants')"
2020-11-27T23:04:03,2020-11-28T00:10:35,"Pandas(_0='Raygun Lounge', CITY='Seattle', LATITUDE=47.614988, LONGITUDE=-122.325201, _4='Full-Service Restaurants')"
2020-11-28T00:37:21,2020-11-28T00:55:48,"Pandas(_0='Silkroad Noodle Bar LLC', CITY='Seattle', LATITUDE=47.661497, LONGITUDE=-122.313197, _4='Full-Service Restaurants')"
2020-11-29T02:20:34,2020-11-29T04:20:18,"Pandas(_0='Silkroad Noodle Bar LLC', CITY='Seattle', LATITUDE=47.661497, LONGITUDE=-122.313197, _4='Full-Service Restaurants')"
2020-12-03T19:48:15,2020-12-03T20:27:15,"Pandas(_0='Pho Shizzle2', CITY='Seattle', LATITUDE=47.65933, LONGITUDE=-122.31335, _4='Full-Service Restaurants')"
2020-12-05T18:24:29,2020-12-05T20:28:01,"Pandas(_0='Panera Bread', CITY='Seattle', LATITUDE=47.615899, LONGITUDE=-122.320387, _4='Limited-Service Restaurants')"
2020-12-08T20:05:40,2020-12-08T21:16:49,"Pandas(_0='College Inn', CITY='Seattle', LATITUDE=47.655491, LONGITUDE=-122.312987, _4='Supermarkets/Other Grocery (Exc Convenience) Strs')"
2020-12-08T23:42:50,2020-12-09T00:02:05,"Pandas(_0='LA Cocina Oaxaquena', CITY='Seattle', LATITUDE=47.615441, LONGITUDE=-122.328226, _4='Full-Service Restaurants')"
2020-12-09T00:04:25,2020-12-09T00:54:24,"Pandas(_0='LA Cocina Oaxaquena', CITY='Seattle', LATITUDE=47.615441, LONGITUDE=-122.328226, _4='Full-Service Restaurants')"
2020-12-09T03:37:33,2020-12-09T04:10:32,"Pandas(_0='Crocodile', CITY='Seattle', LATITUDE=47.613589, LONGITUDE=-122.344281, _4='Full-Service Restaurants')"
2020-12-11T00:29:40,2020-12-11T01:21:13,"Pandas(_0='Cafe On The Aveune', CITY='Seattle', LATITUDE=47.658501, LONGITUDE=-122.313556, _4='Full-Service Restaurants')"
2020-12-11T08:16:26,2020-12-11T10:22:02,"Pandas(_0='Silkroad Noodle Bar LLC', CITY='Seattle', LATITUDE=47.661497, LONGITUDE=-122.313197, _4='Full-Service Restaurants')"
2020-12-11T21:18:13,2020-12-11T21:43:08,"Pandas(_0='Pho Shizzle2', CITY='Seattle', LATITUDE=47.65933, LONGITUDE=-122.31335, _4='Full-Service Restaurants')"
2020-12-11T21:43:29,2020-12-11T22:05:43,"Pandas(_0='Nasai Teriyaki 3', CITY='Seattle', LATITUDE=47.65999, LONGITUDE=-122.31337, _4='Full-Service Restaurants')"
2020-12-14T01:01:32,2020-12-14T01:44:13,"Pandas(_0='Green House', CITY='Seattle', LATITUDE=47.657155, LONGITUDE=-122.314088, _4='Full-Service Restaurants')"
2020-12-14T03:02:48,2020-12-14T05:20:01,"Pandas(_0='Diesel', CITY='Seattle', LATITUDE=47.613358, LONGITUDE=-122.314447, _4='Full-Service Restaurants')"
2020-12-15T03:14:43,2020-12-15T03:30:42,"Pandas(_0='Quality Food Ctr', CITY='Seattle', LATITUDE=47.66188, LONGITUDE=-122.335904, _4='Supermarkets/Other Grocery (Exc Convenience) Strs')"
2020-12-17T02:47:50,2020-12-17T03:05:57,"Pandas(_0='Quality Food Ctr', CITY='Seattle', LATITUDE=47.66188, LONGITUDE=-122.335904, _4='Supermarkets/Other Grocery (Exc Convenience) Strs')"
2020-12-18T20:02:34,2020-12-18T20:52:35,"Pandas(_0='LA Cocina Oaxaquena', CITY='Seattle', LATITUDE=47.615441, LONGITUDE=-122.328226, _4='Full-Service Restaurants')"
2020-12-18T21:11:28,2020-12-18T23:22:34,"Pandas(_0='Raygun Lounge', CITY='Seattle', LATITUDE=47.614988, LONGITUDE=-122.325201, _4='Full-Service Restaurants')"
2020-12-20T21:23:14,2020-12-20T21:55:07,"Pandas(_0='Luna Park Cafe', CITY='Seattle', LATITUDE=47.570571, LONGITUDE=-122.370766, _4='Full-Service Restaurants')"
2020-12-21T01:01:12,2020-12-21T01:26:50,"Pandas(_0='Pho Shizzle2', CITY='Seattle', LATITUDE=47.65933, LONGITUDE=-122.31335, _4='Full-Service Restaurants')"
2020-12-22T03:56:28,2020-12-22T04:13:50,"Pandas(_0='Quality Food Ctr', CITY='Seattle', LATITUDE=47.66188, LONGITUDE=-122.335904, _4='Supermarkets/Other Grocery (Exc Convenience) Strs')"
2020-12-28T04:16:19,2020-12-28T04:36:12,"Pandas(_0='Diesel', CITY='Seattle', LATITUDE=47.613358, LONGITUDE=-122.314447, _4='Full-Service Restaurants')"
2020-12-28T04:36:33,2020-12-28T06:34:10,"Pandas(_0='Diesel', CITY='Seattle', LATITUDE=47.613358, LONGITUDE=-122.314447, _4='Full-Service Restaurants')"
2020-12-28T22:49:14,2020-12-28T23:04:34,"Pandas(_0='Kimchi Bistro', CITY='Seattle', LATITUDE=47.620571, LONGITUDE=-122.321287, _4='Full-Service Restaurants')"
2020-12-28T23:07:03,2020-12-28T23:45:24,"Pandas(_0=""Julia's On Broadway"", CITY='Seattle', LATITUDE=47.621322, LONGITUDE=-122.320541, _4='Full-Service Restaurants')"
2020-12-30T03:00:14,2020-12-30T03:15:18,"Pandas(_0='Quality Food Ctr', CITY='Seattle', LATITUDE=47.66188, LONGITUDE=-122.335904, _4='Supermarkets/Other Grocery (Exc Convenience) Strs')"
2020-12-30T22:35:13,2020-12-31T00:06:36,"Pandas(_0=""Shultzy's Sausage"", CITY='Seattle', LATITUDE=47.65728, LONGITUDE=-122.313172, _4='Full-Service Restaurants')"
2020-12-31T02:00:16,2020-12-31T02:45:38,"Pandas(_0='Kabul Afghan Cuisine', CITY='Seattle', LATITUDE=47.661175, LONGITUDE=-122.331143, _4='Full-Service Restaurants')"
2021-01-03T02:39:46,2021-01-03T03:42:01,"Pandas(_0='Itadakimasu Restaurant', CITY='Seattle', LATITUDE=47.664344, LONGITUDE=-122.314528, _4='Full-Service Restaurants')"
2021-01-05T03:44:36,2021-01-05T04:19:03,"Pandas(_0='Safeway', CITY='Seattle', LATITUDE=47.664281, LONGITUDE=-122.313907, _4='Supermarkets/Other Grocery (Exc Convenience) Strs')"
2021-01-07T07:13:31,2021-01-07T07:40:44,"Pandas(_0='Noodle Nation', CITY='Seattle', LATITUDE=47.65926, LONGITUDE=-122.31296, _4='Full-Service Restaurants')"
2021-01-07T07:48:27,2021-01-07T08:19:12,"Pandas(_0='Haru Sushi', CITY='Seattle', LATITUDE=47.65964, LONGITUDE=-122.31337, _4='Full-Service Restaurants')"
2021-01-08T12:29:02,2021-01-08T13:25:42,"Pandas(_0='Silkroad Noodle Bar LLC', CITY='Seattle', LATITUDE=47.661497, LONGITUDE=-122.313197, _4='Full-Service Restaurants')"
2021-01-08T13:28:21,2021-01-08T15:19:42,"Pandas(_0='Silkroad Noodle Bar LLC', CITY='Seattle', LATITUDE=47.661497, LONGITUDE=-122.313197, _4='Full-Service Restaurants')"
2021-01-08T15:25:43,2021-01-08T15:44:22,"Pandas(_0='Silkroad Noodle Bar LLC', CITY='Seattle', LATITUDE=47.661497, LONGITUDE=-122.313197, _4='Full-Service Restaurants')"
2021-01-08T16:51:45,2021-01-08T17:42:00,"Pandas(_0='Silkroad Noodle Bar LLC', CITY='Seattle', LATITUDE=47.661497, LONGITUDE=-122.313197, _4='Full-Service Restaurants')"
2021-01-11T03:48:39,2021-01-11T05:04:11,"Pandas(_0='Karma Lounge', CITY='Seattle', LATITUDE=47.614692, LONGITUDE=-122.346668, _4='Full-Service Restaurants')"
2021-01-11T05:15:18,2021-01-11T06:10:10,"Pandas(_0='Tilikum Place Cafe', CITY='Seattle', LATITUDE=47.618058, LONGITUDE=-122.347631, _4='Full-Service Restaurants')"
2021-01-14T04:05:33,2021-01-14T04:30:05,"Pandas(_0='Jalapeno Mex Food', CITY='Seattle', LATITUDE=47.685993, LONGITUDE=-122.344653, _4='Full-Service Restaurants')"
2021-01-14T06:31:49,2021-01-14T08:47:36,"Pandas(_0='Pho Tran Restaurant', CITY='Seattle', LATITUDE=47.658779, LONGITUDE=-122.313544, _4='Full-Service Restaurants')"
2021-01-14T20:05:24,2021-01-14T20:22:48,"Pandas(_0='SUBWAY', CITY='Fife', LATITUDE=47.242785, LONGITUDE=-122.368702, _4='Limited-Service Restaurants')"
2021-01-15T21:15:54,2021-01-15T21:52:45,"Pandas(_0='LA Cocina Oaxaquena', CITY='Seattle', LATITUDE=47.615441, LONGITUDE=-122.328226, _4='Full-Service Restaurants')"
2021-01-17T10:01:25,2021-01-17T11:14:22,"Pandas(_0='Lost Lake Cafe & Lounge', CITY='Seattle', LATITUDE=47.61422, LONGITUDE=-122.31963, _4='Full-Service Restaurants')"
2021-01-17T22:34:22,2021-01-17T23:06:22,"Pandas(_0='LA Creperie Voila', CITY='Seattle', LATITUDE=47.612134, LONGITUDE=-122.332057, _4='Full-Service Restaurants')"
2021-01-18T19:26:37,2021-01-18T19:46:55,"Pandas(_0='Ichiro Teriyaki', CITY='Seattle', LATITUDE=47.657588, LONGITUDE=-122.313163, _4='Full-Service Restaurants')"
2021-01-19T04:44:08,2021-01-19T05:03:17,"Pandas(_0='Nasai Teriyaki 3', CITY='Seattle', LATITUDE=47.65999, LONGITUDE=-122.31337, _4='Full-Service Restaurants')"
2021-01-20T02:08:05,2021-01-20T02:36:03,"Pandas(_0='Milstead & Co', CITY='Seattle', LATITUDE=47.649318, LONGITUDE=-122.347895, _4='Full-Service Restaurants')"
2021-01-20T23:01:33,2021-01-20T23:28:38,"Pandas(_0='Cafe On The Aveune', CITY='Seattle', LATITUDE=47.658501, LONGITUDE=-122.313556, _4='Full-Service Restaurants')"
2021-01-21T09:42:07,2021-01-21T10:42:52,"Pandas(_0='Lost Lake Cafe & Lounge', CITY='Seattle', LATITUDE=47.61422, LONGITUDE=-122.31963, _4='Full-Service Restaurants')"
2021-01-22T00:29:17,2021-01-22T00:46:10,"Pandas(_0='Ichiro Teriyaki', CITY='Seattle', LATITUDE=47.657588, LONGITUDE=-122.313163, _4='Full-Service Restaurants')"
2021-01-22T15:04:33,2021-01-22T15:30:56,"Pandas(_0='Silkroad Noodle Bar LLC', CITY='Seattle', LATITUDE=47.661497, LONGITUDE=-122.313197, _4='Full-Service Restaurants')"
2021-01-23T06:18:40,2021-01-23T08:41:28,"Pandas(_0='Blue Water Taco Grill', CITY='Seattle', LATITUDE=47.575863, LONGITUDE=-122.333697, _4='Full-Service Restaurants')"
2021-01-23T18:42:06,2021-01-23T19:17:31,"Pandas(_0='Tahn Brothers Restaurant', CITY='Seattle', LATITUDE=47.65858, LONGITUDE=-122.3134, _4='Full-Service Restaurants')"
2021-01-25T05:32:08,2021-01-25T05:51:27,"Pandas(_0='Safeway', CITY='Seattle', LATITUDE=47.664281, LONGITUDE=-122.313907, _4='Supermarkets/Other Grocery (Exc Convenience) Strs')"
2021-01-27T22:01:38,2021-01-27T22:26:03,"Pandas(_0='Ugly Mug Cafe', CITY='Seattle', LATITUDE=47.659765, LONGITUDE=-122.313736, _4='Full-Service Restaurants')"
2021-01-27T22:28:24,2021-01-27T23:07:26,"Pandas(_0='U Don Fresh Japanese Noodle', CITY='Seattle', LATITUDE=47.661735, LONGITUDE=-122.313192, _4='Full-Service Restaurants')"
2021-01-27T23:10:20,2021-01-27T23:51:11,"Pandas(_0='Seoul Posu House', CITY='Seattle', LATITUDE=47.662487, LONGITUDE=-122.31278, _4='Full-Service Restaurants')"
2021-01-28T18:46:03,2021-01-28T19:19:44,"Pandas(_0='Aladdin Gyro-Cery & Deli', CITY='Seattle', LATITUDE=47.658171, LONGITUDE=-122.313278, _4='Supermarkets/Other Grocery (Exc Convenience) Strs')"
2021-01-28T19:25:45,2021-01-28T19:52:19,"Pandas(_0='Silkroad Noodle Bar LLC', CITY='Seattle', LATITUDE=47.661497, LONGITUDE=-122.313197, _4='Full-Service Restaurants')"
2021-01-28T20:18:28,2021-01-28T21:57:11,"Pandas(_0='LA Cocina Oaxaquena', CITY='Seattle', LATITUDE=47.615441, LONGITUDE=-122.328226, _4='Full-Service Restaurants')"
2021-02-01T19:23:22,2021-02-01T20:02:01,"Pandas(_0='Silkroad Noodle Bar LLC', CITY='Seattle', LATITUDE=47.661497, LONGITUDE=-122.313197, _4='Full-Service Restaurants')"
2021-02-02T21:28:19,2021-02-02T21:43:41,"Pandas(_0='My Favorite Deli', CITY='Seattle', LATITUDE=47.661026, LONGITUDE=-122.313941, _4='Full-Service Restaurants')"
2021-02-02T22:19:11,2021-02-02T23:00:53,"Pandas(_0='El Oaxacano', CITY='Seattle', LATITUDE=47.668172, LONGITUDE=-122.385709, _4='Full-Service Restaurants')"
2021-02-03T22:24:10,2021-02-04T00:01:25,"Pandas(_0='Wild Buffalo House Of Music', CITY='Bellingham', LATITUDE=48.750715, LONGITUDE=-122.480548, _4='Full-Service Restaurants')"
2021-02-04T02:09:49,2021-02-04T03:25:31,"Pandas(_0='Olive Garden Italian Kitchen', CITY='Bellingham', LATITUDE=48.795457, LONGITUDE=-122.485171, _4='Full-Service Restaurants')"
2021-02-07T02:46:23,2021-02-07T03:11:38,"Pandas(_0='Silkroad Noodle Bar LLC', CITY='Seattle', LATITUDE=47.661497, LONGITUDE=-122.313197, _4='Full-Service Restaurants')"
2021-02-07T03:24:46,2021-02-07T03:48:27,"Pandas(_0='Silkroad Noodle Bar LLC', CITY='Seattle', LATITUDE=47.661497, LONGITUDE=-122.313197, _4='Full-Service Restaurants')"
2021-02-08T20:04:46,2021-02-08T20:36:25,"Pandas(_0='LA Cocina Oaxaquena', CITY='Seattle', LATITUDE=47.615441, LONGITUDE=-122.328226, _4='Full-Service Restaurants')"
2021-02-08T20:39:29,2021-02-08T21:18:58,"Pandas(_0='Raygun Lounge', CITY='Seattle', LATITUDE=47.614988, LONGITUDE=-122.325201, _4='Full-Service Restaurants')"
2021-02-11T05:04:14,2021-02-11T06:00:16,"Pandas(_0='SUBWAY', CITY='Seattle', LATITUDE=47.658792, LONGITUDE=-122.313326, _4='Limited-Service Restaurants')"
2021-02-11T06:08:22,2021-02-11T07:14:32,"Pandas(_0='SUBWAY', CITY='Seattle', LATITUDE=47.658792, LONGITUDE=-122.313326, _4='Limited-Service Restaurants')"
2021-02-12T21:24:42,2021-02-12T22:52:05,"Pandas(_0='Silkroad Noodle Bar LLC', CITY='Seattle', LATITUDE=47.661497, LONGITUDE=-122.313197, _4='Full-Service Restaurants')"
2021-02-18T08:31:10,2021-02-18T08:49:10,"Pandas(_0='Big Time Brewery & Alehouse', CITY='Seattle', LATITUDE=47.657865, LONGITUDE=-122.313288, _4='Full-Service Restaurants')"
2021-02-21T05:33:38,2021-02-21T05:57:27,"Pandas(_0='Silkroad Noodle Bar LLC', CITY='Seattle', LATITUDE=47.661497, LONGITUDE=-122.313197, _4='Full-Service Restaurants')"
2021-02-22T20:20:13,2021-02-22T20:44:03,"Pandas(_0=""Memo's Mexican Food"", CITY='Seattle', LATITUDE=47.66433, LONGITUDE=-122.31327, _4='Full-Service Restaurants')"
2021-02-25T21:45:08,2021-02-25T22:04:17,"Pandas(_0='Cafe On The Aveune', CITY='Seattle', LATITUDE=47.658501, LONGITUDE=-122.313556, _4='Full-Service Restaurants')"
2021-02-28T00:45:56,2021-02-28T02:42:24,"Pandas(_0='Silkroad Noodle Bar LLC', CITY='Seattle', LATITUDE=47.661497, LONGITUDE=-122.313197, _4='Full-Service Restaurants')"
2021-02-28T22:20:48,2021-02-28T23:07:21,"Pandas(_0='Chipotle Mexican Grill', CITY='Seattle', LATITUDE=47.659223, LONGITUDE=-122.313346, _4='Limited-Service Restaurants')"
2021-02-28T23:13:22,2021-02-28T23:29:54,"Pandas(_0='Silkroad Noodle Bar LLC', CITY='Seattle', LATITUDE=47.661497, LONGITUDE=-122.313197, _4='Full-Service Restaurants')"
2021-03-02T01:36:24,2021-03-02T01:54:19,"Pandas(_0='My Favorite Deli', CITY='Seattle', LATITUDE=47.661026, LONGITUDE=-122.313941, _4='Full-Service Restaurants')"
2021-03-05T00:30:03,2021-03-05T00:57:24,"Pandas(_0='Cafe On The Aveune', CITY='Seattle', LATITUDE=47.658501, LONGITUDE=-122.313556, _4='Full-Service Restaurants')"
2021-03-05T22:58:34,2021-03-06T00:30:14,"Pandas(_0='Honeyhole Sandwiches', CITY='Seattle', LATITUDE=47.614012, LONGITUDE=-122.323007, _4='Full-Service Restaurants')"
2021-03-06T01:02:51,2021-03-06T02:23:20,"Pandas(_0='Silkroad Noodle Bar LLC', CITY='Seattle', LATITUDE=47.661497, LONGITUDE=-122.313197, _4='Full-Service Restaurants')"
2021-03-08T03:33:43,2021-03-08T04:08:20,"Pandas(_0='Silkroad Noodle Bar LLC', CITY='Seattle', LATITUDE=47.661497, LONGITUDE=-122.313197, _4='Full-Service Restaurants')"
2021-03-08T21:12:05,2021-03-08T22:41:03,"Pandas(_0='Boulevard Grocery', CITY='Seattle', LATITUDE=47.669094, LONGITUDE=-122.306177, _4='Supermarkets/Other Grocery (Exc Convenience) Strs')"
2021-03-09T21:01:29,2021-03-09T21:48:45,"Pandas(_0='Tahn Brothers Restaurant', CITY='Seattle', LATITUDE=47.65858, LONGITUDE=-122.3134, _4='Full-Service Restaurants')"
2021-03-10T21:42:35,2021-03-10T22:48:03,"Pandas(_0='LA Cocina Oaxaquena', CITY='Seattle', LATITUDE=47.615441, LONGITUDE=-122.328226, _4='Full-Service Restaurants')"
2021-03-10T22:55:04,2021-03-11T00:08:23,"Pandas(_0='Raygun Lounge', CITY='Seattle', LATITUDE=47.614988, LONGITUDE=-122.325201, _4='Full-Service Restaurants')"
2021-03-11T21:49:22,2021-03-11T22:26:56,"Pandas(_0='Silkroad Noodle Bar LLC', CITY='Seattle', LATITUDE=47.661497, LONGITUDE=-122.313197, _4='Full-Service Restaurants')"
2021-03-17T02:42:04,2021-03-17T03:21:00,"Pandas(_0='Tofully', CITY='Seattle', LATITUDE=47.59848, LONGITUDE=-122.32743, _4='Full-Service Restaurants')"
2021-03-17T03:25:03,2021-03-17T03:51:42,"Pandas(_0='Shilla Uwajimaya', CITY='Seattle', LATITUDE=47.597484, LONGITUDE=-122.326689, _4='Full-Service Restaurants')"
2021-03-17T20:26:59,2021-03-17T20:43:07,"Pandas(_0='Aladdin Gyro-Cery & Deli', CITY='Seattle', LATITUDE=47.658171, LONGITUDE=-122.313278, _4='Supermarkets/Other Grocery (Exc Convenience) Strs')"
2021-03-17T20:47:11,2021-03-17T21:03:01,"Pandas(_0='Mee Sum Pastry', CITY='Seattle', LATITUDE=47.661192, LONGITUDE=-122.313203, _4='Full-Service Restaurants')"
2021-03-17T21:33:51,2021-03-17T21:57:15,"Pandas(_0='My Favorite Deli', CITY='Seattle', LATITUDE=47.661026, LONGITUDE=-122.313941, _4='Full-Service Restaurants')"
2021-03-20T05:28:07,2021-03-20T06:10:42,"Pandas(_0='Cheesecake Factory', CITY='Seattle', LATITUDE=47.611899, LONGITUDE=-122.332887, _4='Full-Service Restaurants')"
2021-03-21T20:00:48,2021-03-21T20:23:04,"Pandas(_0='Silkroad Noodle Bar LLC', CITY='Seattle', LATITUDE=47.661497, LONGITUDE=-122.313197, _4='Full-Service Restaurants')"
2021-03-22T01:19:51,2021-03-22T01:45:53,"Pandas(_0='Chipotle Mexican Grill', CITY='Seattle', LATITUDE=47.659223, LONGITUDE=-122.313346, _4='Limited-Service Restaurants')"
2021-03-28T22:25:06,2021-03-28T22:44:25,"Pandas(_0='Silkroad Noodle Bar LLC', CITY='Seattle', LATITUDE=47.661497, LONGITUDE=-122.313197, _4='Full-Service Restaurants')"
2021-03-29T09:00:47,2021-03-29T09:34:37,"Pandas(_0='Silkroad Noodle Bar LLC', CITY='Seattle', LATITUDE=47.661497, LONGITUDE=-122.313197, _4='Full-Service Restaurants')"
2021-03-30T02:04:04,2021-03-30T03:27:01,"Pandas(_0='Wayward Vegan Cafe', CITY='Seattle', LATITUDE=47.675804, LONGITUDE=-122.319855, _4='Full-Service Restaurants')"
2021-03-30T03:46:27,2021-03-30T04:16:28,"Pandas(_0=""Mc Donald's"", CITY='Seattle', LATITUDE=47.667744, LONGITUDE=-122.300347, _4='Limited-Service Restaurants')"
2021-03-31T20:43:31,2021-03-31T21:09:10,"Pandas(_0='Mee Sum Pastry', CITY='Seattle', LATITUDE=47.661192, LONGITUDE=-122.313203, _4='Full-Service Restaurants')"
2021-04-01T21:33:27,2021-04-01T22:12:22,"Pandas(_0='Cafe On The Aveune', CITY='Seattle', LATITUDE=47.658501, LONGITUDE=-122.313556, _4='Full-Service Restaurants')"
2021-04-01T22:55:10,2021-04-01T23:12:42,"Pandas(_0='Nasai Teriyaki 3', CITY='Seattle', LATITUDE=47.65999, LONGITUDE=-122.31337, _4='Full-Service Restaurants')"
2021-04-02T21:30:55,2021-04-02T22:20:13,"Pandas(_0='Silkroad Noodle Bar LLC', CITY='Seattle', LATITUDE=47.661497, LONGITUDE=-122.313197, _4='Full-Service Restaurants')"
2021-04-03T23:31:45,2021-04-04T01:42:42,"Pandas(_0='Silkroad Noodle Bar LLC', CITY='Seattle', LATITUDE=47.661497, LONGITUDE=-122.313197, _4='Full-Service Restaurants')"
2021-04-06T00:19:41,2021-04-06T00:44:35,"Pandas(_0=""St John's"", CITY='Seattle', LATITUDE=47.61393, LONGITUDE=-122.32259, _4='Full-Service Restaurants')"
2021-04-06T00:51:04,2021-04-06T01:18:35,"Pandas(_0='Pine Food Store', CITY='Seattle', LATITUDE=47.614989, LONGITUDE=-122.32319, _4='Supermarkets/Other Grocery (Exc Convenience) Strs')"
2021-04-06T01:33:37,2021-04-06T02:18:17,"Pandas(_0=""Bill's Off Broadway"", CITY='Seattle', LATITUDE=47.615209, LONGITUDE=-122.322145, _4='Full-Service Restaurants')"
2021-04-06T02:59:25,2021-04-06T03:21:45,"Pandas(_0='Pagliacci Pizza', CITY='Seattle', LATITUDE=47.625516, LONGITUDE=-122.292833, _4='Full-Service Restaurants')"
2021-04-07T03:20:24,2021-04-07T04:50:30,"Pandas(_0='Pine Food Store', CITY='Seattle', LATITUDE=47.614989, LONGITUDE=-122.32319, _4='Supermarkets/Other Grocery (Exc Convenience) Strs')"
2021-04-08T07:53:19,2021-04-08T08:37:36,"Pandas(_0=""Earl's On The Ave"", CITY='Seattle', LATITUDE=47.660813, LONGITUDE=-122.313472, _4='Full-Service Restaurants')"
2021-04-09T21:37:14,2021-04-09T22:18:57,"Pandas(_0='Cafe On The Aveune', CITY='Seattle', LATITUDE=47.658501, LONGITUDE=-122.313556, _4='Full-Service Restaurants')"
2021-04-09T22:59:29,2021-04-09T23:26:35,"Pandas(_0='Silkroad Noodle Bar LLC', CITY='Seattle', LATITUDE=47.661497, LONGITUDE=-122.313197, _4='Full-Service Restaurants')"
2021-04-10T20:01:12,2021-04-10T20:47:52,"Pandas(_0='Silkroad Noodle Bar LLC', CITY='Seattle', LATITUDE=47.661497, LONGITUDE=-122.313197, _4='Full-Service Restaurants')"
2021-04-12T17:13:17,2021-04-12T19:42:04,"Pandas(_0=""Yinzi's Kitchen"", CITY='Seattle', LATITUDE=47.661666, LONGITUDE=-122.318342, _4='Full-Service Restaurants')"
2021-04-14T03:35:14,2021-04-14T03:51:59,"Pandas(_0='Aladdin Gyro-Cery & Deli', CITY='Seattle', LATITUDE=47.658171, LONGITUDE=-122.313278, _4='Supermarkets/Other Grocery (Exc Convenience) Strs')"
2021-04-14T21:13:04,2021-04-14T21:31:42,"Pandas(_0='Belle Epicurean', CITY='Seattle', LATITUDE=47.605517, LONGITUDE=-122.333249, _4='Full-Service Restaurants')"
2021-04-14T21:41:35,2021-04-14T22:15:03,"Pandas(_0='SUBWAY', CITY='Seattle', LATITUDE=47.608646, LONGITUDE=-122.338786, _4='Limited-Service Restaurants')"
2021-04-16T23:07:06,2021-04-16T23:56:04,"Pandas(_0='LA Cocina Oaxaquena', CITY='Seattle', LATITUDE=47.615441, LONGITUDE=-122.328226, _4='Full-Service Restaurants')"
2021-04-20T11:29:16,2021-04-20T12:21:22,"Pandas(_0='Silkroad Noodle Bar LLC', CITY='Seattle', LATITUDE=47.661497, LONGITUDE=-122.313197, _4='Full-Service Restaurants')"
2021-04-20T12:28:37,2021-04-20T14:06:07,"Pandas(_0='Silkroad Noodle Bar LLC', CITY='Seattle', LATITUDE=47.661497, LONGITUDE=-122.313197, _4='Full-Service Restaurants')"
2021-04-20T14:09:04,2021-04-20T16:09:37,"Pandas(_0='Silkroad Noodle Bar LLC', CITY='Seattle', LATITUDE=47.661497, LONGITUDE=-122.313197, _4='Full-Service Restaurants')"
2021-04-20T21:56:23,2021-04-20T22:12:18,"Pandas(_0='Big Time Brewery & Alehouse', CITY='Seattle', LATITUDE=47.657865, LONGITUDE=-122.313288, _4='Full-Service Restaurants')"
2021-04-23T02:17:28,2021-04-23T03:38:19,"Pandas(_0='Shays Restaurant', CITY='Shoreline', LATITUDE=47.744703, LONGITUDE=-122.344989, _4='Full-Service Restaurants')"
2021-04-23T06:08:03,2021-04-23T08:07:38,"Pandas(_0='Pho Tran Restaurant', CITY='Seattle', LATITUDE=47.658779, LONGITUDE=-122.313544, _4='Full-Service Restaurants')"
2021-04-24T12:24:35,2021-04-24T13:09:35,"Pandas(_0='Silkroad Noodle Bar LLC', CITY='Seattle', LATITUDE=47.661497, LONGITUDE=-122.313197, _4='Full-Service Restaurants')"
2021-04-24T13:14:40,2021-04-24T14:59:17,"Pandas(_0='Silkroad Noodle Bar LLC', CITY='Seattle', LATITUDE=47.661497, LONGITUDE=-122.313197, _4='Full-Service Restaurants')"
2021-04-25T19:56:33,2021-04-25T20:49:09,"Pandas(_0='Silkroad Noodle Bar LLC', CITY='Seattle', LATITUDE=47.661497, LONGITUDE=-122.313197, _4='Full-Service Restaurants')"
2021-04-27T03:23:01,2021-04-27T03:45:39,"Pandas(_0='Which WICH Superior Sandwiches', CITY='Seattle', LATITUDE=47.663994, LONGITUDE=-122.313023, _4='Limited-Service Restaurants')"
2021-05-02T07:41:43,2021-05-02T08:19:09,"Pandas(_0=""Earl's On The Ave"", CITY='Seattle', LATITUDE=47.660813, LONGITUDE=-122.313472, _4='Full-Service Restaurants')"
2021-05-02T08:21:45,2021-05-02T08:47:55,"Pandas(_0=""Earl's On The Ave"", CITY='Seattle', LATITUDE=47.660813, LONGITUDE=-122.313472, _4='Full-Service Restaurants')"
2021-05-04T23:38:33,2021-05-05T00:06:21,"Pandas(_0='Independent Pizzeria', CITY='Seattle', LATITUDE=47.636383, LONGITUDE=-122.277058, _4='Full-Service Restaurants')"
2021-05-06T21:06:10,2021-05-06T21:23:56,"Pandas(_0='Silkroad Noodle Bar LLC', CITY='Seattle', LATITUDE=47.661497, LONGITUDE=-122.313197, _4='Full-Service Restaurants')"
2021-05-08T19:58:13,2021-05-08T20:16:59,"Pandas(_0='Silkroad Noodle Bar LLC', CITY='Seattle', LATITUDE=47.661497, LONGITUDE=-122.313197, _4='Full-Service Restaurants')"
2021-05-09T03:26:03,2021-05-09T04:14:00,"Pandas(_0='Chili Basil Thai Grill', CITY='Seattle', LATITUDE=47.620202, LONGITUDE=-122.321278, _4='Full-Service Restaurants')"
2021-05-09T05:21:01,2021-05-09T06:14:23,"Pandas(_0='Midori Teriyaki', CITY='Seattle', LATITUDE=47.6167, LONGITUDE=-122.33108, _4='Full-Service Restaurants')"
2021-05-09T06:32:19,2021-05-09T07:00:05,"Pandas(_0='Midori Teriyaki', CITY='Seattle', LATITUDE=47.6167, LONGITUDE=-122.33108, _4='Full-Service Restaurants')"
2021-05-09T07:15:11,2021-05-09T08:33:02,"Pandas(_0='Silkroad Noodle Bar LLC', CITY='Seattle', LATITUDE=47.661497, LONGITUDE=-122.313197, _4='Full-Service Restaurants')"
2021-05-09T21:46:08,2021-05-09T22:01:11,"Pandas(_0='Black Bottle-Seattle', CITY='Seattle', LATITUDE=47.615564, LONGITUDE=-122.349614, _4='Full-Service Restaurants')"
2021-05-09T22:07:18,2021-05-09T22:30:22,"Pandas(_0='Black Bottle-Seattle', CITY='Seattle', LATITUDE=47.615564, LONGITUDE=-122.349614, _4='Full-Service Restaurants')"
2021-05-09T23:06:45,2021-05-09T23:26:04,"Pandas(_0='Pasta Guys LLC', CITY='Seattle', LATITUDE=47.608677, LONGITUDE=-122.341056, _4='Supermarkets/Other Grocery (Exc Convenience) Strs')"
2021-05-10T23:34:34,2021-05-10T23:54:07,"Pandas(_0='Nasai Teriyaki 3', CITY='Seattle', LATITUDE=47.65999, LONGITUDE=-122.31337, _4='Full-Service Restaurants')"
2021-05-11T19:30:33,2021-05-11T19:57:21,"Pandas(_0='Silkroad Noodle Bar LLC', CITY='Seattle', LATITUDE=47.661497, LONGITUDE=-122.313197, _4='Full-Service Restaurants')"
2021-05-11T23:26:27,2021-05-12T01:37:25,"Pandas(_0='Silkroad Noodle Bar LLC', CITY='Seattle', LATITUDE=47.661497, LONGITUDE=-122.313197, _4='Full-Service Restaurants')"
2021-05-14T12:19:22,2021-05-14T13:03:22,"Pandas(_0='Silkroad Noodle Bar LLC', CITY='Seattle', LATITUDE=47.661497, LONGITUDE=-122.313197, _4='Full-Service Restaurants')"
2021-05-14T13:09:42,2021-05-14T14:53:01,"Pandas(_0='Silkroad Noodle Bar LLC', CITY='Seattle', LATITUDE=47.661497, LONGITUDE=-122.313197, _4='Full-Service Restaurants')"
2021-05-14T14:59:43,2021-05-14T16:35:49,"Pandas(_0='Silkroad Noodle Bar LLC', CITY='Seattle', LATITUDE=47.661497, LONGITUDE=-122.313197, _4='Full-Service Restaurants')"
2021-05-15T00:47:33,2021-05-15T01:03:32,"Pandas(_0='Itadakimasu Restaurant', CITY='Seattle', LATITUDE=47.664344, LONGITUDE=-122.314528, _4='Full-Service Restaurants')"
2021-05-16T18:16:05,2021-05-16T18:50:47,"Pandas(_0='Cafe On The Aveune', CITY='Seattle', LATITUDE=47.658501, LONGITUDE=-122.313556, _4='Full-Service Restaurants')"
2021-05-18T03:23:18,2021-05-18T04:28:51,"Pandas(_0='Silkroad Noodle Bar LLC', CITY='Seattle', LATITUDE=47.661497, LONGITUDE=-122.313197, _4='Full-Service Restaurants')"
2021-05-21T21:59:29,2021-05-21T22:56:24,"Pandas(_0='LA Cocina Oaxaquena', CITY='Seattle', LATITUDE=47.615441, LONGITUDE=-122.328226, _4='Full-Service Restaurants')"
2021-05-23T01:40:47,2021-05-23T01:56:07,"Pandas(_0='Chipotle Mexican Grill', CITY='Seattle', LATITUDE=47.659223, LONGITUDE=-122.313346, _4='Limited-Service Restaurants')"
2021-05-23T12:12:42,2021-05-23T12:43:40,"Pandas(_0='Silkroad Noodle Bar LLC', CITY='Seattle', LATITUDE=47.661497, LONGITUDE=-122.313197, _4='Full-Service Restaurants')"
2021-05-23T21:50:35,2021-05-23T23:08:33,"Pandas(_0=""Duke's Chowder House Alki"", CITY='Seattle', LATITUDE=47.580711, LONGITUDE=-122.405969, _4='Full-Service Restaurants')"
2021-05-24T01:58:59,2021-05-24T03:04:42,"Pandas(_0='Chipotle Mexican Grill', CITY='Seattle', LATITUDE=47.659223, LONGITUDE=-122.313346, _4='Limited-Service Restaurants')"
2021-05-24T03:10:48,2021-05-24T04:02:28,"Pandas(_0='Thai Tom', CITY='Seattle', LATITUDE=47.66254, LONGITUDE=-122.31332, _4='Full-Service Restaurants')"
2021-05-24T22:35:44,2021-05-24T22:59:28,"Pandas(_0='Silkroad Noodle Bar LLC', CITY='Seattle', LATITUDE=47.661497, LONGITUDE=-122.313197, _4='Full-Service Restaurants')"
2021-05-25T04:38:34,2021-05-25T05:59:30,"Pandas(_0='Sarduccis', CITY='Seattle', LATITUDE=47.65795, LONGITUDE=-122.313574, _4='Full-Service Restaurants')"
2021-05-28T11:09:07,2021-05-28T12:16:35,"Pandas(_0='Silkroad Noodle Bar LLC', CITY='Seattle', LATITUDE=47.661497, LONGITUDE=-122.313197, _4='Full-Service Restaurants')"
2021-05-28T12:18:22,2021-05-28T13:05:24,"Pandas(_0='Silkroad Noodle Bar LLC', CITY='Seattle', LATITUDE=47.661497, LONGITUDE=-122.313197, _4='Full-Service Restaurants')"
2021-05-28T14:07:30,2021-05-28T15:00:21,"Pandas(_0='Silkroad Noodle Bar LLC', CITY='Seattle', LATITUDE=47.661497, LONGITUDE=-122.313197, _4='Full-Service Restaurants')"
2021-05-28T15:05:07,2021-05-28T16:55:07,"Pandas(_0='Silkroad Noodle Bar LLC', CITY='Seattle', LATITUDE=47.661497, LONGITUDE=-122.313197, _4='Full-Service Restaurants')"
2021-05-30T09:53:10,2021-05-30T10:36:40,"Pandas(_0='Silkroad Noodle Bar LLC', CITY='Seattle', LATITUDE=47.661497, LONGITUDE=-122.313197, _4='Full-Service Restaurants')"
2021-05-30T10:50:11,2021-05-30T11:38:52,"Pandas(_0='Silkroad Noodle Bar LLC', CITY='Seattle', LATITUDE=47.661497, LONGITUDE=-122.313197, _4='Full-Service Restaurants')"
2021-05-30T16:00:26,2021-05-30T16:42:10,"Pandas(_0='Silkroad Noodle Bar LLC', CITY='Seattle', LATITUDE=47.661497, LONGITUDE=-122.313197, _4='Full-Service Restaurants')"
2021-05-30T16:48:10,2021-05-30T17:32:12,"Pandas(_0='Silkroad Noodle Bar LLC', CITY='Seattle', LATITUDE=47.661497, LONGITUDE=-122.313197, _4='Full-Service Restaurants')"
2021-05-30T20:34:37,2021-05-30T21:06:35,"Pandas(_0='Silkroad Noodle Bar LLC', CITY='Seattle', LATITUDE=47.661497, LONGITUDE=-122.313197, _4='Full-Service Restaurants')"
2021-05-31T23:49:31,2021-06-01T01:53:26,"Pandas(_0='Silkroad Noodle Bar LLC', CITY='Seattle', LATITUDE=47.661497, LONGITUDE=-122.313197, _4='Full-Service Restaurants')"
2021-06-01T07:07:29,2021-06-01T07:34:29,"Pandas(_0='Silkroad Noodle Bar LLC', CITY='Seattle', LATITUDE=47.661497, LONGITUDE=-122.313197, _4='Full-Service Restaurants')"
2021-06-01T22:22:03,2021-06-01T22:52:18,"Pandas(_0='Silkroad Noodle Bar LLC', CITY='Seattle', LATITUDE=47.661497, LONGITUDE=-122.313197, _4='Full-Service Restaurants')"
2021-06-05T00:59:30,2021-06-05T02:09:39,"Pandas(_0='Teriyaki House', CITY='Bellingham', LATITUDE=48.79627, LONGITUDE=-122.48691, _4='Full-Service Restaurants')"
2021-06-06T11:33:30,2021-06-06T12:11:54,"Pandas(_0='Silkroad Noodle Bar LLC', CITY='Seattle', LATITUDE=47.661497, LONGITUDE=-122.313197, _4='Full-Service Restaurants')"
2021-06-06T12:42:00,2021-06-06T14:23:24,"Pandas(_0='Silkroad Noodle Bar LLC', CITY='Seattle', LATITUDE=47.661497, LONGITUDE=-122.313197, _4='Full-Service Restaurants')"
2021-06-06T14:30:00,2021-06-06T15:50:44,"Pandas(_0='Silkroad Noodle Bar LLC', CITY='Seattle', LATITUDE=47.661497, LONGITUDE=-122.313197, _4='Full-Service Restaurants')"
2021-06-06T15:56:54,2021-06-06T18:10:12,"Pandas(_0='Silkroad Noodle Bar LLC', CITY='Seattle', LATITUDE=47.661497, LONGITUDE=-122.313197, _4='Full-Service Restaurants')"
2021-06-07T00:56:54,2021-06-07T01:17:02,"Pandas(_0='Silkroad Noodle Bar LLC', CITY='Seattle', LATITUDE=47.661497, LONGITUDE=-122.313197, _4='Full-Service Restaurants')"
2021-06-07T03:20:16,2021-06-07T04:33:25,"Pandas(_0=""Shultzy's Sausage"", CITY='Seattle', LATITUDE=47.65728, LONGITUDE=-122.313172, _4='Full-Service Restaurants')"
2021-06-11T18:55:36,2021-06-11T19:47:34,"Pandas(_0='Raygun Lounge', CITY='Seattle', LATITUDE=47.614988, LONGITUDE=-122.325201, _4='Full-Service Restaurants')"
2021-06-13T01:22:12,2021-06-13T01:49:45,"Pandas(_0='Silkroad Noodle Bar LLC', CITY='Seattle', LATITUDE=47.661497, LONGITUDE=-122.313197, _4='Full-Service Restaurants')"
2021-06-13T06:44:14,2021-06-13T08:05:53,"Pandas(_0='Sushi Naomi', CITY='Seattle', LATITUDE=47.692242, LONGITUDE=-122.355258, _4='Full-Service Restaurants')"
2021-06-15T20:42:52,2021-06-15T22:08:55,"Pandas(_0='Silkroad Noodle Bar LLC', CITY='Seattle', LATITUDE=47.661497, LONGITUDE=-122.313197, _4='Full-Service Restaurants')"
2021-06-15T22:09:15,2021-06-15T22:43:15,"Pandas(_0='U Don Fresh Japanese Noodle', CITY='Seattle', LATITUDE=47.661735, LONGITUDE=-122.313192, _4='Full-Service Restaurants')"
2021-06-16T03:52:38,2021-06-16T04:29:59,"Pandas(_0='MOD Pizza', CITY='Seattle', LATITUDE=47.658361, LONGITUDE=-122.312838, _4='Full-Service Restaurants')"
2021-06-16T17:03:13,2021-06-16T17:51:08,"Pandas(_0='Silkroad Noodle Bar LLC', CITY='Seattle', LATITUDE=47.661497, LONGITUDE=-122.313197, _4='Full-Service Restaurants')"
2021-06-16T20:12:32,2021-06-16T21:32:16,"Pandas(_0='Silkroad Noodle Bar LLC', CITY='Seattle', LATITUDE=47.661497, LONGITUDE=-122.313197, _4='Full-Service Restaurants')"
2021-06-17T02:28:19,2021-06-17T03:14:10,"Pandas(_0='Silkroad Noodle Bar LLC', CITY='Seattle', LATITUDE=47.661497, LONGITUDE=-122.313197, _4='Full-Service Restaurants')"
2021-06-17T03:14:30,2021-06-17T05:43:54,"Pandas(_0='Silkroad Noodle Bar LLC', CITY='Seattle', LATITUDE=47.661497, LONGITUDE=-122.313197, _4='Full-Service Restaurants')"
2021-06-17T05:44:34,2021-06-17T07:28:25,"Pandas(_0='Silkroad Noodle Bar LLC', CITY='Seattle', LATITUDE=47.661497, LONGITUDE=-122.313197, _4='Full-Service Restaurants')"
2021-06-18T00:30:11,2021-06-18T00:50:11,"Pandas(_0='Silkroad Noodle Bar LLC', CITY='Seattle', LATITUDE=47.661497, LONGITUDE=-122.313197, _4='Full-Service Restaurants')"
2021-06-18T11:12:13,2021-06-18T11:54:43,"Pandas(_0='Silkroad Noodle Bar LLC', CITY='Seattle', LATITUDE=47.661497, LONGITUDE=-122.313197, _4='Full-Service Restaurants')"
2021-06-18T12:01:23,2021-06-18T13:41:32,"Pandas(_0='Silkroad Noodle Bar LLC', CITY='Seattle', LATITUDE=47.661497, LONGITUDE=-122.313197, _4='Full-Service Restaurants')"
2021-06-18T15:25:16,2021-06-18T16:15:18,"Pandas(_0='Silkroad Noodle Bar LLC', CITY='Seattle', LATITUDE=47.661497, LONGITUDE=-122.313197, _4='Full-Service Restaurants')"
2021-06-18T21:07:55,2021-06-18T21:49:03,"Pandas(_0='LA Cocina Oaxaquena', CITY='Seattle', LATITUDE=47.615441, LONGITUDE=-122.328226, _4='Full-Service Restaurants')"
2021-06-18T21:53:07,2021-06-18T23:19:04,"Pandas(_0='Raygun Lounge', CITY='Seattle', LATITUDE=47.614988, LONGITUDE=-122.325201, _4='Full-Service Restaurants')"
2021-06-19T10:12:04,2021-06-19T11:11:44,"Pandas(_0='Silkroad Noodle Bar LLC', CITY='Seattle', LATITUDE=47.661497, LONGITUDE=-122.313197, _4='Full-Service Restaurants')"
2021-06-19T11:17:48,2021-06-19T12:57:53,"Pandas(_0='Silkroad Noodle Bar LLC', CITY='Seattle', LATITUDE=47.661497, LONGITUDE=-122.313197, _4='Full-Service Restaurants')"
2021-06-22T20:40:28,2021-06-22T21:03:03,"Pandas(_0='Silkroad Noodle Bar LLC', CITY='Seattle', LATITUDE=47.661497, LONGITUDE=-122.313197, _4='Full-Service Restaurants')"
2021-06-22T21:11:35,2021-06-22T21:35:43,"Pandas(_0='Silkroad Noodle Bar LLC', CITY='Seattle', LATITUDE=47.661497, LONGITUDE=-122.313197, _4='Full-Service Restaurants')"
2021-06-23T10:57:53,2021-06-23T12:02:28,"Pandas(_0='Silkroad Noodle Bar LLC', CITY='Seattle', LATITUDE=47.661497, LONGITUDE=-122.313197, _4='Full-Service Restaurants')"
2021-06-24T18:54:37,2021-06-24T20:13:26,"Pandas(_0='Hokkaido Ramen Santouka', CITY='Seattle', LATITUDE=47.662311, LONGITUDE=-122.299124, _4='Full-Service Restaurants')"
2021-06-25T18:58:50,2021-06-25T19:15:49,"Pandas(_0='Nasai Teriyaki 3', CITY='Seattle', LATITUDE=47.65999, LONGITUDE=-122.31337, _4='Full-Service Restaurants')"
2021-06-25T19:37:14,2021-06-25T20:52:34,"Pandas(_0='U Don Fresh Japanese Noodle', CITY='Seattle', LATITUDE=47.661735, LONGITUDE=-122.313192, _4='Full-Service Restaurants')"
2021-06-26T18:55:33,2021-06-26T19:39:48,"Pandas(_0='Itadakimasu Restaurant', CITY='Seattle', LATITUDE=47.664344, LONGITUDE=-122.314528, _4='Full-Service Restaurants')"
2021-06-29T05:47:10,2021-06-29T06:59:52,"Pandas(_0='Beths Cafe', CITY='Seattle', LATITUDE=47.6821, LONGITUDE=-122.34473, _4='Full-Service Restaurants')"
2021-07-04T02:28:13,2021-07-04T02:49:25,"Pandas(_0='University Pizzeria', CITY='Seattle', LATITUDE=47.662162, LONGITUDE=-122.313447, _4='Full-Service Restaurants')"
2021-07-04T06:47:28,2021-07-04T07:06:32,"Pandas(_0='Silkroad Noodle Bar LLC', CITY='Seattle', LATITUDE=47.661497, LONGITUDE=-122.313197, _4='Full-Service Restaurants')"
2021-07-06T01:51:37,2021-07-06T03:11:33,"Pandas(_0='Silkroad Noodle Bar LLC', CITY='Seattle', LATITUDE=47.661497, LONGITUDE=-122.313197, _4='Full-Service Restaurants')"
2021-07-06T03:55:11,2021-07-06T04:31:24,"Pandas(_0='Silkroad Noodle Bar LLC', CITY='Seattle', LATITUDE=47.661497, LONGITUDE=-122.313197, _4='Full-Service Restaurants')"
2021-07-06T19:03:05,2021-07-06T19:26:07,"Pandas(_0='Silkroad Noodle Bar LLC', CITY='Seattle', LATITUDE=47.661497, LONGITUDE=-122.313197, _4='Full-Service Restaurants')"
2021-07-11T02:38:13,2021-07-11T03:10:56,"Pandas(_0=""Mr Lu's Seafood & Burgers"", CITY='Seattle', LATITUDE=47.664652, LONGITUDE=-122.312762, _4='Full-Service Restaurants')"
2021-07-12T00:52:40,2021-07-12T01:40:33,"Pandas(_0='Silkroad Noodle Bar LLC', CITY='Seattle', LATITUDE=47.661497, LONGITUDE=-122.313197, _4='Full-Service Restaurants')"
2021-07-12T23:33:56,2021-07-12T23:54:53,"Pandas(_0='Cedars Indian Food On Brooklyn', CITY='Seattle', LATITUDE=47.664756, LONGITUDE=-122.314527, _4='Full-Service Restaurants')"
2021-07-13T00:05:14,2021-07-13T01:21:05,"Pandas(_0='Silkroad Noodle Bar LLC', CITY='Seattle', LATITUDE=47.661497, LONGITUDE=-122.313197, _4='Full-Service Restaurants')"
2021-07-13T19:04:04,2021-07-13T20:57:14,"Pandas(_0='Silkroad Noodle Bar LLC', CITY='Seattle', LATITUDE=47.661497, LONGITUDE=-122.313197, _4='Full-Service Restaurants')"
2021-07-14T04:27:48,2021-07-14T05:08:17,"Pandas(_0='Haru Sushi', CITY='Seattle', LATITUDE=47.65964, LONGITUDE=-122.31337, _4='Full-Service Restaurants')"
2021-07-14T05:15:29,2021-07-14T07:09:55,"Pandas(_0='Haru Sushi', CITY='Seattle', LATITUDE=47.65964, LONGITUDE=-122.31337, _4='Full-Service Restaurants')"
2021-07-15T00:28:17,2021-07-15T02:24:09,"Pandas(_0='Silkroad Noodle Bar LLC', CITY='Seattle', LATITUDE=47.661497, LONGITUDE=-122.313197, _4='Full-Service Restaurants')"
2021-07-15T05:54:41,2021-07-15T06:19:57,"Pandas(_0='Silkroad Noodle Bar LLC', CITY='Seattle', LATITUDE=47.661497, LONGITUDE=-122.313197, _4='Full-Service Restaurants')"
2021-07-15T06:21:42,2021-07-15T08:02:29,"Pandas(_0='Silkroad Noodle Bar LLC', CITY='Seattle', LATITUDE=47.661497, LONGITUDE=-122.313197, _4='Full-Service Restaurants')"
2021-07-18T18:32:30,2021-07-18T18:52:59,"Pandas(_0='Silkroad Noodle Bar LLC', CITY='Seattle', LATITUDE=47.661497, LONGITUDE=-122.313197, _4='Full-Service Restaurants')"
2021-07-18T22:05:09,2021-07-18T22:41:57,"Pandas(_0='Taco Del Mar', CITY='Seattle', LATITUDE=47.612244, LONGITUDE=-122.331781, _4='Limited-Service Restaurants')"
2021-07-19T01:53:03,2021-07-19T02:44:04,"Pandas(_0='MOD Pizza', CITY='Seattle', LATITUDE=47.60945, LONGITUDE=-122.33271, _4='Full-Service Restaurants')"
2021-07-19T02:48:07,2021-07-19T03:31:46,"Pandas(_0='In Short Order Daily Grill', CITY='Seattle', LATITUDE=47.610872, LONGITUDE=-122.33345, _4='Full-Service Restaurants')"
2021-07-19T04:28:12,2021-07-19T04:46:06,"Pandas(_0='Silkroad Noodle Bar LLC', CITY='Seattle', LATITUDE=47.661497, LONGITUDE=-122.313197, _4='Full-Service Restaurants')"
2021-07-20T02:10:08,2021-07-20T02:30:29,"Pandas(_0='Mee Sum Pastry', CITY='Seattle', LATITUDE=47.661192, LONGITUDE=-122.313203, _4='Full-Service Restaurants')"
2021-07-21T04:36:12,2021-07-21T05:28:55,"Pandas(_0='Haru Sushi', CITY='Seattle', LATITUDE=47.65964, LONGITUDE=-122.31337, _4='Full-Service Restaurants')"
2021-07-21T05:48:26,2021-07-21T07:29:04,"Pandas(_0='Haru Sushi', CITY='Seattle', LATITUDE=47.65964, LONGITUDE=-122.31337, _4='Full-Service Restaurants')"
2021-07-21T07:31:27,2021-07-21T08:04:09,"Pandas(_0='Haru Sushi', CITY='Seattle', LATITUDE=47.65964, LONGITUDE=-122.31337, _4='Full-Service Restaurants')"
2021-07-21T21:27:28,2021-07-21T21:57:06,"Pandas(_0='Silkroad Noodle Bar LLC', CITY='Seattle', LATITUDE=47.661497, LONGITUDE=-122.313197, _4='Full-Service Restaurants')"
2021-07-22T07:31:36,2021-07-22T08:55:02,"Pandas(_0='Trader Joes', CITY='Seattle', LATITUDE=47.66312, LONGITUDE=-122.317489, _4='Supermarkets/Other Grocery (Exc Convenience) Strs')"
2021-07-22T23:09:19,2021-07-23T00:59:44,"Pandas(_0='Silkroad Noodle Bar LLC', CITY='Seattle', LATITUDE=47.661497, LONGITUDE=-122.313197, _4='Full-Service Restaurants')"
2021-07-23T08:27:03,2021-07-23T08:55:17,"Pandas(_0='Trader Joes', CITY='Seattle', LATITUDE=47.66312, LONGITUDE=-122.317489, _4='Supermarkets/Other Grocery (Exc Convenience) Strs')"
2021-07-24T12:44:39,2021-07-24T13:28:22,"Pandas(_0='Silkroad Noodle Bar LLC', CITY='Seattle', LATITUDE=47.661497, LONGITUDE=-122.313197, _4='Full-Service Restaurants')"
2021-07-24T13:34:57,2021-07-24T15:30:16,"Pandas(_0='Silkroad Noodle Bar LLC', CITY='Seattle', LATITUDE=47.661497, LONGITUDE=-122.313197, _4='Full-Service Restaurants')"
2021-07-26T03:08:37,2021-07-26T03:53:10,"Pandas(_0='Pizza Ragazzi', CITY='Seattle', LATITUDE=47.667067, LONGITUDE=-122.313127, _4='Full-Service Restaurants')"
2021-07-26T04:34:13,2021-07-26T06:11:25,"Pandas(_0='Silkroad Noodle Bar LLC', CITY='Seattle', LATITUDE=47.661497, LONGITUDE=-122.313197, _4='Full-Service Restaurants')"
2021-07-28T01:57:46,2021-07-28T02:14:16,"Pandas(_0='Haru Sushi', CITY='Seattle', LATITUDE=47.65964, LONGITUDE=-122.31337, _4='Full-Service Restaurants')"
2021-07-28T02:16:11,2021-07-28T04:09:12,"Pandas(_0='Haru Sushi', CITY='Seattle', LATITUDE=47.65964, LONGITUDE=-122.31337, _4='Full-Service Restaurants')"
2021-07-28T04:14:07,2021-07-28T05:21:06,"Pandas(_0='Haru Sushi', CITY='Seattle', LATITUDE=47.65964, LONGITUDE=-122.31337, _4='Full-Service Restaurants')"
2021-07-31T00:19:32,2021-07-31T00:35:33,"Pandas(_0='Safeway', CITY='Seattle', LATITUDE=47.664281, LONGITUDE=-122.313907, _4='Supermarkets/Other Grocery (Exc Convenience) Strs')"
2021-08-01T02:28:41,2021-08-01T02:54:08,"Pandas(_0='Pho Shizzle2', CITY='Seattle', LATITUDE=47.65933, LONGITUDE=-122.31335, _4='Full-Service Restaurants')"
2021-08-01T03:35:39,2021-08-01T03:59:41,"Pandas(_0='SUBWAY', CITY='Seattle', LATITUDE=47.608646, LONGITUDE=-122.338786, _4='Limited-Service Restaurants')"
2021-08-01T04:01:27,2021-08-01T05:10:46,"Pandas(_0='Wild Ginger-Seattle', CITY='Seattle', LATITUDE=47.608833, LONGITUDE=-122.337419, _4='Full-Service Restaurants')"
2021-08-01T05:13:03,2021-08-01T06:12:09,"Pandas(_0='Wild Ginger-Seattle', CITY='Seattle', LATITUDE=47.608833, LONGITUDE=-122.337419, _4='Full-Service Restaurants')"
2021-08-01T21:50:40,2021-08-01T22:35:45,"Pandas(_0='Hong Ning Chinese Herb', CITY='Seattle', LATITUDE=47.598532, LONGITUDE=-122.32382, _4='Full-Service Restaurants')"
2021-08-01T23:09:03,2021-08-02T00:03:42,"Pandas(_0='Shanghai Garden Restaurant II', CITY='Seattle', LATITUDE=47.59766, LONGITUDE=-122.32621, _4='Full-Service Restaurants')"
2021-08-02T00:26:51,2021-08-02T00:51:32,"Pandas(_0='Fort St George', CITY='Seattle', LATITUDE=47.598181, LONGITUDE=-122.325988, _4='Full-Service Restaurants')"
2021-08-02T03:23:12,2021-08-02T05:11:12,"Pandas(_0='Silkroad Noodle Bar LLC', CITY='Seattle', LATITUDE=47.661497, LONGITUDE=-122.313197, _4='Full-Service Restaurants')"
2021-08-03T02:07:06,2021-08-03T02:32:19,"Pandas(_0='MOD Pizza', CITY='Seattle', LATITUDE=47.658361, LONGITUDE=-122.312838, _4='Full-Service Restaurants')"
2021-08-03T02:43:22,2021-08-03T03:01:41,"Pandas(_0='Hawaii Bbq Restaurant', CITY='Seattle', LATITUDE=47.662749, LONGITUDE=-122.313173, _4='Full-Service Restaurants')"
2021-08-05T07:54:42,2021-08-05T08:55:13,"Pandas(_0='Trader Joes', CITY='Seattle', LATITUDE=47.66312, LONGITUDE=-122.317489, _4='Supermarkets/Other Grocery (Exc Convenience) Strs')"
2021-08-05T15:25:34,2021-08-05T15:43:14,"Pandas(_0='Silkroad Noodle Bar LLC', CITY='Seattle', LATITUDE=47.661497, LONGITUDE=-122.313197, _4='Full-Service Restaurants')"
2021-08-05T19:12:55,2021-08-05T19:45:55,"Pandas(_0='Silkroad Noodle Bar LLC', CITY='Seattle', LATITUDE=47.661497, LONGITUDE=-122.313197, _4='Full-Service Restaurants')"
2021-08-06T21:32:49,2021-08-06T21:53:06,"Pandas(_0='SUBWAY', CITY='Seattle', LATITUDE=47.661058, LONGITUDE=-122.317382, _4='Limited-Service Restaurants')"
2021-08-06T22:38:53,2021-08-07T00:38:41,"Pandas(_0='Silkroad Noodle Bar LLC', CITY='Seattle', LATITUDE=47.661497, LONGITUDE=-122.313197, _4='Full-Service Restaurants')"
2021-08-07T14:51:33,2021-08-07T16:00:38,"Pandas(_0='Silkroad Noodle Bar LLC', CITY='Seattle', LATITUDE=47.661497, LONGITUDE=-122.313197, _4='Full-Service Restaurants')"
2021-08-08T07:18:24,2021-08-08T07:43:09,"Pandas(_0='Safeway', CITY='Seattle', LATITUDE=47.664281, LONGITUDE=-122.313907, _4='Supermarkets/Other Grocery (Exc Convenience) Strs')"
2021-08-09T05:27:07,2021-08-09T05:47:15,"Pandas(_0='Safeway', CITY='Seattle', LATITUDE=47.664281, LONGITUDE=-122.313907, _4='Supermarkets/Other Grocery (Exc Convenience) Strs')"
2021-08-09T15:31:45,2021-08-09T15:51:22,"Pandas(_0='Silkroad Noodle Bar LLC', CITY='Seattle', LATITUDE=47.661497, LONGITUDE=-122.313197, _4='Full-Service Restaurants')"
2021-08-10T01:55:57,2021-08-10T02:42:04,"Pandas(_0='Silkroad Noodle Bar LLC', CITY='Seattle', LATITUDE=47.661497, LONGITUDE=-122.313197, _4='Full-Service Restaurants')"
2021-08-10T03:03:53,2021-08-10T04:09:52,"Pandas(_0='Silkroad Noodle Bar LLC', CITY='Seattle', LATITUDE=47.661497, LONGITUDE=-122.313197, _4='Full-Service Restaurants')"
2021-08-15T13:22:26,2021-08-15T14:09:30,"Pandas(_0='Silkroad Noodle Bar LLC', CITY='Seattle', LATITUDE=47.661497, LONGITUDE=-122.313197, _4='Full-Service Restaurants')"
2021-08-15T14:16:27,2021-08-15T16:01:46,"Pandas(_0='Silkroad Noodle Bar LLC', CITY='Seattle', LATITUDE=47.661497, LONGITUDE=-122.313197, _4='Full-Service Restaurants')"
2021-08-16T19:58:00,2021-08-16T20:13:51,"Pandas(_0='Silkroad Noodle Bar LLC', CITY='Seattle', LATITUDE=47.661497, LONGITUDE=-122.313197, _4='Full-Service Restaurants')"
2021-08-17T02:41:52,2021-08-17T04:15:23,"Pandas(_0='Silkroad Noodle Bar LLC', CITY='Seattle', LATITUDE=47.661497, LONGITUDE=-122.313197, _4='Full-Service Restaurants')"
2021-08-21T01:50:03,2021-08-21T02:51:13,"Pandas(_0='Itadakimasu Restaurant', CITY='Seattle', LATITUDE=47.664344, LONGITUDE=-122.314528, _4='Full-Service Restaurants')"
2021-08-22T10:33:01,2021-08-22T11:30:41,"Pandas(_0='Silkroad Noodle Bar LLC', CITY='Seattle', LATITUDE=47.661497, LONGITUDE=-122.313197, _4='Full-Service Restaurants')"
2021-08-22T11:33:08,2021-08-22T13:18:34,"Pandas(_0='Silkroad Noodle Bar LLC', CITY='Seattle', LATITUDE=47.661497, LONGITUDE=-122.313197, _4='Full-Service Restaurants')"
2021-08-22T13:23:34,2021-08-22T15:23:36,"Pandas(_0='Silkroad Noodle Bar LLC', CITY='Seattle', LATITUDE=47.661497, LONGITUDE=-122.313197, _4='Full-Service Restaurants')"
2021-08-23T12:00:00,2021-08-23T12:49:24,"Pandas(_0='Silkroad Noodle Bar LLC', CITY='Seattle', LATITUDE=47.661497, LONGITUDE=-122.313197, _4='Full-Service Restaurants')"
2021-08-23T13:01:30,2021-08-23T14:43:39,"Pandas(_0='Silkroad Noodle Bar LLC', CITY='Seattle', LATITUDE=47.661497, LONGITUDE=-122.313197, _4='Full-Service Restaurants')"
2021-08-23T14:50:09,2021-08-23T15:05:53,"Pandas(_0='Silkroad Noodle Bar LLC', CITY='Seattle', LATITUDE=47.661497, LONGITUDE=-122.313197, _4='Full-Service Restaurants')"
2021-08-23T21:50:39,2021-08-23T22:31:55,"Pandas(_0='Silkroad Noodle Bar LLC', CITY='Seattle', LATITUDE=47.661497, LONGITUDE=-122.313197, _4='Full-Service Restaurants')"
2021-08-25T00:01:03,2021-08-25T00:44:56,"Pandas(_0='Brownchicken Browncow', CITY='Seattle', LATITUDE=47.620325, LONGITUDE=-122.32082, _4='Full-Service Restaurants')"
2021-08-25T00:47:02,2021-08-25T01:11:49,"Pandas(_0='SUBWAY', CITY='Seattle', LATITUDE=47.620248, LONGITUDE=-122.320456, _4='Limited-Service Restaurants')"
2021-08-25T02:36:38,2021-08-25T04:39:43,"Pandas(_0='Haru Sushi', CITY='Seattle', LATITUDE=47.65964, LONGITUDE=-122.31337, _4='Full-Service Restaurants')"
2021-08-26T20:44:32,2021-08-26T21:24:35,"Pandas(_0='Silkroad Noodle Bar LLC', CITY='Seattle', LATITUDE=47.661497, LONGITUDE=-122.313197, _4='Full-Service Restaurants')"
2021-08-28T02:10:24,2021-08-28T03:26:24,"Pandas(_0='Silkroad Noodle Bar LLC', CITY='Seattle', LATITUDE=47.661497, LONGITUDE=-122.313197, _4='Full-Service Restaurants')"
2021-08-29T07:32:03,2021-08-29T08:17:21,"Pandas(_0='Lost Lake Cafe & Lounge', CITY='Seattle', LATITUDE=47.61422, LONGITUDE=-122.31963, _4='Full-Service Restaurants')"
2021-08-29T08:18:26,2021-08-29T08:34:24,"Pandas(_0='Elliott Bay Cafe', CITY='Seattle', LATITUDE=47.614686, LONGITUDE=-122.319842, _4='Full-Service Restaurants')"
2021-08-29T08:40:43,2021-08-29T09:32:29,"Pandas(_0='Sizzle Pie', CITY='Seattle', LATITUDE=47.612719, LONGITUDE=-122.318909, _4='Full-Service Restaurants')"
2021-08-29T12:18:05,2021-08-29T13:34:09,"Pandas(_0='Silkroad Noodle Bar LLC', CITY='Seattle', LATITUDE=47.661497, LONGITUDE=-122.313197, _4='Full-Service Restaurants')"
2021-08-30T19:35:04,2021-08-30T21:38:03,"Pandas(_0='Silkroad Noodle Bar LLC', CITY='Seattle', LATITUDE=47.661497, LONGITUDE=-122.313197, _4='Full-Service Restaurants')"
2021-08-31T01:57:52,2021-08-31T02:27:58,"Pandas(_0='Silkroad Noodle Bar LLC', CITY='Seattle', LATITUDE=47.661497, LONGITUDE=-122.313197, _4='Full-Service Restaurants')"
2021-09-02T01:54:31,2021-09-02T02:34:01,"Pandas(_0='Silkroad Noodle Bar LLC', CITY='Seattle', LATITUDE=47.661497, LONGITUDE=-122.313197, _4='Full-Service Restaurants')"
2021-09-02T05:55:38,2021-09-02T07:32:56,"Pandas(_0='Pho Tran Restaurant', CITY='Seattle', LATITUDE=47.658779, LONGITUDE=-122.313544, _4='Full-Service Restaurants')"
2021-09-02T07:35:03,2021-09-02T08:41:03,"Pandas(_0='Sarduccis', CITY='Seattle', LATITUDE=47.65795, LONGITUDE=-122.313574, _4='Full-Service Restaurants')"
2021-09-02T22:29:47,2021-09-02T22:55:36,"Pandas(_0='Silkroad Noodle Bar LLC', CITY='Seattle', LATITUDE=47.661497, LONGITUDE=-122.313197, _4='Full-Service Restaurants')"
2021-09-04T06:28:36,2021-09-04T07:44:00,"Pandas(_0='Silkroad Noodle Bar LLC', CITY='Seattle', LATITUDE=47.661497, LONGITUDE=-122.313197, _4='Full-Service Restaurants')"
2021-09-04T23:11:16,2021-09-04T23:27:04,"Pandas(_0='Itadakimasu Restaurant', CITY='Seattle', LATITUDE=47.664344, LONGITUDE=-122.314528, _4='Full-Service Restaurants')"
2021-09-04T23:29:04,2021-09-05T00:05:04,"Pandas(_0='Itadakimasu Restaurant', CITY='Seattle', LATITUDE=47.664344, LONGITUDE=-122.314528, _4='Full-Service Restaurants')"
2021-09-05T20:04:55,2021-09-05T21:47:03,"Pandas(_0='Silkroad Noodle Bar LLC', CITY='Seattle', LATITUDE=47.661497, LONGITUDE=-122.313197, _4='Full-Service Restaurants')"
2021-09-05T21:53:50,2021-09-05T23:32:07,"Pandas(_0='Silkroad Noodle Bar LLC', CITY='Seattle', LATITUDE=47.661497, LONGITUDE=-122.313197, _4='Full-Service Restaurants')"
2021-09-06T02:00:43,2021-09-06T03:17:08,"Pandas(_0='7-Eleven', CITY='Seattle', LATITUDE=47.659062, LONGITUDE=-122.313122, _4='Convenience Stores')"
2021-09-06T03:21:03,2021-09-06T03:37:21,"Pandas(_0='Silkroad Noodle Bar LLC', CITY='Seattle', LATITUDE=47.661497, LONGITUDE=-122.313197, _4='Full-Service Restaurants')"
2021-09-06T03:53:34,2021-09-06T04:09:16,"Pandas(_0='Cafe On The Aveune', CITY='Seattle', LATITUDE=47.658501, LONGITUDE=-122.313556, _4='Full-Service Restaurants')"
2021-09-07T01:27:11,2021-09-07T02:08:57,"Pandas(_0='Silkroad Noodle Bar LLC', CITY='Seattle', LATITUDE=47.661497, LONGITUDE=-122.313197, _4='Full-Service Restaurants')"
2021-09-07T02:20:47,2021-09-07T03:27:15,"Pandas(_0='Silkroad Noodle Bar LLC', CITY='Seattle', LATITUDE=47.661497, LONGITUDE=-122.313197, _4='Full-Service Restaurants')"
2021-09-07T03:47:09,2021-09-07T04:37:04,"Pandas(_0='Silkroad Noodle Bar LLC', CITY='Seattle', LATITUDE=47.661497, LONGITUDE=-122.313197, _4='Full-Service Restaurants')"
2021-09-09T03:08:07,2021-09-09T03:31:31,"Pandas(_0='Safeway', CITY='Seattle', LATITUDE=47.664281, LONGITUDE=-122.313907, _4='Supermarkets/Other Grocery (Exc Convenience) Strs')"
2021-09-11T02:29:52,2021-09-11T02:54:54,"Pandas(_0='SUBWAY', CITY='Seattle', LATITUDE=47.658792, LONGITUDE=-122.313326, _4='Limited-Service Restaurants')"
2021-09-11T07:01:07,2021-09-11T07:46:53,"Pandas(_0='Silkroad Noodle Bar LLC', CITY='Seattle', LATITUDE=47.661497, LONGITUDE=-122.313197, _4='Full-Service Restaurants')"
2021-09-11T07:49:03,2021-09-11T09:31:13,"Pandas(_0='Silkroad Noodle Bar LLC', CITY='Seattle', LATITUDE=47.661497, LONGITUDE=-122.313197, _4='Full-Service Restaurants')"
2021-09-12T23:27:04,2021-09-13T01:51:33,"Pandas(_0='Silkroad Noodle Bar LLC', CITY='Seattle', LATITUDE=47.661497, LONGITUDE=-122.313197, _4='Full-Service Restaurants')"
2021-09-13T01:59:29,2021-09-13T02:33:14,"Pandas(_0='SUBWAY', CITY='Seattle', LATITUDE=47.661058, LONGITUDE=-122.317382, _4='Limited-Service Restaurants')"
2021-09-13T02:39:46,2021-09-13T02:54:46,"Pandas(_0='Shawerma King', CITY='Seattle', LATITUDE=47.660998, LONGITUDE=-122.313208, _4='Full-Service Restaurants')"
2021-09-15T00:00:39,2021-09-15T00:31:37,"Pandas(_0='Hawaii Bbq Restaurant', CITY='Seattle', LATITUDE=47.662749, LONGITUDE=-122.313173, _4='Full-Service Restaurants')"
2021-09-16T01:35:55,2021-09-16T03:00:54,"Pandas(_0='Silkroad Noodle Bar LLC', CITY='Seattle', LATITUDE=47.661497, LONGITUDE=-122.313197, _4='Full-Service Restaurants')"
2021-09-16T03:12:28,2021-09-16T05:34:03,"Pandas(_0='Mee Sum Pastry', CITY='Seattle', LATITUDE=47.661192, LONGITUDE=-122.313203, _4='Full-Service Restaurants')"
2021-09-16T06:19:13,2021-09-16T06:45:06,"Pandas(_0=""Earl's On The Ave"", CITY='Seattle', LATITUDE=47.660813, LONGITUDE=-122.313472, _4='Full-Service Restaurants')"
2021-09-16T06:46:59,2021-09-16T07:21:39,"Pandas(_0=""Earl's On The Ave"", CITY='Seattle', LATITUDE=47.660813, LONGITUDE=-122.313472, _4='Full-Service Restaurants')"
2021-09-17T17:25:24,2021-09-17T17:42:58,"Pandas(_0='Wandering Goose', CITY='Seattle', LATITUDE=47.62218, LONGITUDE=-122.31282, _4='Full-Service Restaurants')"
2021-09-18T02:10:28,2021-09-18T04:07:57,"Pandas(_0='4649 Restaurant', CITY='Seattle', LATITUDE=47.66126, LONGITUDE=-122.33441, _4='Full-Service Restaurants')"
2021-09-18T04:22:40,2021-09-18T04:43:33,"Pandas(_0='4649 Restaurant', CITY='Seattle', LATITUDE=47.66126, LONGITUDE=-122.33441, _4='Full-Service Restaurants')"
2021-09-25T03:22:10,2021-09-25T05:49:46,"Pandas(_0='Silkroad Noodle Bar LLC', CITY='Seattle', LATITUDE=47.661497, LONGITUDE=-122.313197, _4='Full-Service Restaurants')"
2021-09-25T05:57:27,2021-09-25T06:29:57,"Pandas(_0='Silkroad Noodle Bar LLC', CITY='Seattle', LATITUDE=47.661497, LONGITUDE=-122.313197, _4='Full-Service Restaurants')"
2021-09-25T20:01:54,2021-09-25T20:18:12,"Pandas(_0='Silkroad Noodle Bar LLC', CITY='Seattle', LATITUDE=47.661497, LONGITUDE=-122.313197, _4='Full-Service Restaurants')"
2021-09-27T21:10:05,2021-09-27T21:33:22,"Pandas(_0='Silkroad Noodle Bar LLC', CITY='Seattle', LATITUDE=47.661497, LONGITUDE=-122.313197, _4='Full-Service Restaurants')"
2021-10-02T03:10:29,2021-10-02T04:12:54,"Pandas(_0='Silkroad Noodle Bar LLC', CITY='Seattle', LATITUDE=47.661497, LONGITUDE=-122.313197, _4='Full-Service Restaurants')"
2021-10-02T20:00:30,2021-10-02T20:36:08,"Pandas(_0='Silkroad Noodle Bar LLC', CITY='Seattle', LATITUDE=47.661497, LONGITUDE=-122.313197, _4='Full-Service Restaurants')"
2021-10-03T22:24:47,2021-10-03T23:02:16,"Pandas(_0='Silkroad Noodle Bar LLC', CITY='Seattle', LATITUDE=47.661497, LONGITUDE=-122.313197, _4='Full-Service Restaurants')"
2021-10-04T01:01:57,2021-10-04T01:35:58,"Pandas(_0='Trader Joes', CITY='Seattle', LATITUDE=47.66312, LONGITUDE=-122.317489, _4='Supermarkets/Other Grocery (Exc Convenience) Strs')"
2021-10-04T20:57:22,2021-10-04T21:52:43,"Pandas(_0='LA Cocina Oaxaquena', CITY='Seattle', LATITUDE=47.615441, LONGITUDE=-122.328226, _4='Full-Service Restaurants')"
2021-10-04T22:34:13,2021-10-04T22:56:14,"Pandas(_0='Silkroad Noodle Bar LLC', CITY='Seattle', LATITUDE=47.661497, LONGITUDE=-122.313197, _4='Full-Service Restaurants')"
2021-10-04T23:04:16,2021-10-05T00:53:12,"Pandas(_0='Silkroad Noodle Bar LLC', CITY='Seattle', LATITUDE=47.661497, LONGITUDE=-122.313197, _4='Full-Service Restaurants')"
2021-10-05T00:56:52,2021-10-05T01:26:52,"Pandas(_0='Haru Sushi', CITY='Seattle', LATITUDE=47.65964, LONGITUDE=-122.31337, _4='Full-Service Restaurants')"
2021-10-05T23:37:00,2021-10-06T00:17:56,"Pandas(_0='Haru Sushi', CITY='Seattle', LATITUDE=47.65964, LONGITUDE=-122.31337, _4='Full-Service Restaurants')"
2021-10-06T23:22:34,2021-10-06T23:37:40,"Pandas(_0='Raygun Lounge', CITY='Seattle', LATITUDE=47.614988, LONGITUDE=-122.325201, _4='Full-Service Restaurants')"
2021-10-09T04:09:06,2021-10-09T04:44:47,"Pandas(_0='Hawaii Bbq Restaurant', CITY='Seattle', LATITUDE=47.662749, LONGITUDE=-122.313173, _4='Full-Service Restaurants')"
2021-10-09T04:46:13,2021-10-09T05:04:53,"Pandas(_0='Silkroad Noodle Bar LLC', CITY='Seattle', LATITUDE=47.661497, LONGITUDE=-122.313197, _4='Full-Service Restaurants')"
2021-10-09T05:17:32,2021-10-09T06:25:50,"Pandas(_0='Silkroad Noodle Bar LLC', CITY='Seattle', LATITUDE=47.661497, LONGITUDE=-122.313197, _4='Full-Service Restaurants')"
2021-10-09T20:07:18,2021-10-09T20:44:19,"Pandas(_0='Silkroad Noodle Bar LLC', CITY='Seattle', LATITUDE=47.661497, LONGITUDE=-122.313197, _4='Full-Service Restaurants')"
2021-10-11T20:39:09,2021-10-11T22:33:02,"Pandas(_0='Silkroad Noodle Bar LLC', CITY='Seattle', LATITUDE=47.661497, LONGITUDE=-122.313197, _4='Full-Service Restaurants')"
2021-10-13T07:11:45,2021-10-13T07:38:11,"Pandas(_0='Safeway', CITY='Seattle', LATITUDE=47.664281, LONGITUDE=-122.313907, _4='Supermarkets/Other Grocery (Exc Convenience) Strs')"
2021-10-14T01:54:43,2021-10-14T02:30:46,"Pandas(_0='Silkroad Noodle Bar LLC', CITY='Seattle', LATITUDE=47.661497, LONGITUDE=-122.313197, _4='Full-Service Restaurants')"
2021-10-14T02:42:07,2021-10-14T03:51:10,"Pandas(_0='Silkroad Noodle Bar LLC', CITY='Seattle', LATITUDE=47.661497, LONGITUDE=-122.313197, _4='Full-Service Restaurants')"
2021-10-14T03:53:07,2021-10-14T04:32:42,"Pandas(_0='Silkroad Noodle Bar LLC', CITY='Seattle', LATITUDE=47.661497, LONGITUDE=-122.313197, _4='Full-Service Restaurants')"
2021-10-14T04:34:21,2021-10-14T06:14:43,"Pandas(_0='Silkroad Noodle Bar LLC', CITY='Seattle', LATITUDE=47.661497, LONGITUDE=-122.313197, _4='Full-Service Restaurants')"
2021-10-15T20:15:42,2021-10-15T20:39:40,"Pandas(_0='Silkroad Noodle Bar LLC', CITY='Seattle', LATITUDE=47.661497, LONGITUDE=-122.313197, _4='Full-Service Restaurants')"
2021-10-17T03:03:36,2021-10-17T03:30:17,"Pandas(_0='Aladdin Falafel Corner', CITY='Seattle', LATITUDE=47.66236, LONGITUDE=-122.31335, _4='Full-Service Restaurants')"
2021-10-17T03:35:42,2021-10-17T05:15:16,"Pandas(_0='Seoul Posu House', CITY='Seattle', LATITUDE=47.662487, LONGITUDE=-122.31278, _4='Full-Service Restaurants')"
2021-10-17T05:21:27,2021-10-17T05:58:03,"Pandas(_0=""Chili's South Indian Cuisine"", CITY='Seattle', LATITUDE=47.65891, LONGITUDE=-122.31301, _4='Full-Service Restaurants')"
2021-10-18T23:01:01,2021-10-18T23:24:12,"Pandas(_0='Chili Basil Thai Grill', CITY='Seattle', LATITUDE=47.620202, LONGITUDE=-122.321278, _4='Full-Service Restaurants')"
2021-10-18T23:45:00,2021-10-19T00:30:10,"Pandas(_0='Mee Sum Pastry', CITY='Seattle', LATITUDE=47.661192, LONGITUDE=-122.313203, _4='Full-Service Restaurants')"
2021-10-19T08:03:37,2021-10-19T09:11:55,"Pandas(_0='Silkroad Noodle Bar LLC', CITY='Seattle', LATITUDE=47.661497, LONGITUDE=-122.313197, _4='Full-Service Restaurants')"
2021-10-21T03:19:13,2021-10-21T03:39:44,"Pandas(_0='Safeway', CITY='Seattle', LATITUDE=47.664281, LONGITUDE=-122.313907, _4='Supermarkets/Other Grocery (Exc Convenience) Strs')"
2021-10-21T23:05:02,2021-10-21T23:52:02,"Pandas(_0='LA Cocina Oaxaquena', CITY='Seattle', LATITUDE=47.615441, LONGITUDE=-122.328226, _4='Full-Service Restaurants')"
2021-10-23T03:07:27,2021-10-23T04:35:48,"Pandas(_0='Silkroad Noodle Bar LLC', CITY='Seattle', LATITUDE=47.661497, LONGITUDE=-122.313197, _4='Full-Service Restaurants')"
2021-10-27T02:49:38,2021-10-27T03:53:24,"Pandas(_0='Cedars Indian Food On Brooklyn', CITY='Seattle', LATITUDE=47.664756, LONGITUDE=-122.314527, _4='Full-Service Restaurants')"
2021-10-29T08:56:27,2021-10-29T09:47:07,"Pandas(_0='Big Time Brewery & Alehouse', CITY='Seattle', LATITUDE=47.657865, LONGITUDE=-122.313288, _4='Full-Service Restaurants')"
2021-11-01T02:15:26,2021-11-01T02:40:28,"Pandas(_0='Safeway', CITY='Seattle', LATITUDE=47.664281, LONGITUDE=-122.313907, _4='Supermarkets/Other Grocery (Exc Convenience) Strs')"
2021-11-01T22:06:42,2021-11-01T22:57:00,"Pandas(_0='LA Cocina Oaxaquena', CITY='Seattle', LATITUDE=47.615441, LONGITUDE=-122.328226, _4='Full-Service Restaurants')"
2021-11-02T00:02:08,2021-11-02T00:27:45,"Pandas(_0='Silkroad Noodle Bar LLC', CITY='Seattle', LATITUDE=47.661497, LONGITUDE=-122.313197, _4='Full-Service Restaurants')"
2021-11-02T21:10:52,2021-11-02T21:42:12,"Pandas(_0='Silkroad Noodle Bar LLC', CITY='Seattle', LATITUDE=47.661497, LONGITUDE=-122.313197, _4='Full-Service Restaurants')"
2021-11-03T01:57:51,2021-11-03T02:35:48,"Pandas(_0='Silkroad Noodle Bar LLC', CITY='Seattle', LATITUDE=47.661497, LONGITUDE=-122.313197, _4='Full-Service Restaurants')"
2021-11-03T02:42:30,2021-11-03T04:12:27,"Pandas(_0='Haru Sushi', CITY='Seattle', LATITUDE=47.65964, LONGITUDE=-122.31337, _4='Full-Service Restaurants')"
2021-11-03T04:25:22,2021-11-03T04:40:49,"Pandas(_0='7-Eleven', CITY='Seattle', LATITUDE=47.659062, LONGITUDE=-122.313122, _4='Convenience Stores')"
2021-11-03T04:42:56,2021-11-03T05:25:07,"Pandas(_0='Haru Sushi', CITY='Seattle', LATITUDE=47.65964, LONGITUDE=-122.31337, _4='Full-Service Restaurants')"
2021-11-03T20:17:19,2021-11-03T20:33:49,"Pandas(_0='Aloha Plates', CITY='Seattle', LATITUDE=47.59748, LONGITUDE=-122.326978, _4='Full-Service Restaurants')"
2021-11-04T23:56:45,2021-11-05T00:16:10,"Pandas(_0='Dawns Delectables', CITY='Centralia', LATITUDE=46.717341, LONGITUDE=-122.953777, _4='Full-Service Restaurants')"
2021-11-05T00:30:34,2021-11-05T01:23:20,"Pandas(_0='Brownstone Coffee Lounge', CITY='Centralia', LATITUDE=46.715422, LONGITUDE=-122.954346, _4='Full-Service Restaurants')"
2021-11-05T01:28:52,2021-11-05T01:49:58,"Pandas(_0='Tiki Tap House', CITY='Centralia', LATITUDE=46.719205, LONGITUDE=-122.952693, _4='Full-Service Restaurants')"
2021-11-12T22:08:06,2021-11-12T22:31:13,"Pandas(_0='Tiki Tap House', CITY='Centralia', LATITUDE=46.719205, LONGITUDE=-122.952693, _4='Full-Service Restaurants')"
2021-11-16T04:15:17,2021-11-16T04:56:03,"Pandas(_0=""Earl's On The Ave"", CITY='Seattle', LATITUDE=47.660813, LONGITUDE=-122.313472, _4='Full-Service Restaurants')"
2021-11-16T05:33:39,2021-11-16T06:46:13,"Pandas(_0='Hard Rock Cafe', CITY='Seattle', LATITUDE=47.609198, LONGITUDE=-122.339269, _4='Full-Service Restaurants')"
2021-11-17T18:41:17,2021-11-17T19:00:42,"Pandas(_0='Silkroad Noodle Bar LLC', CITY='Seattle', LATITUDE=47.661497, LONGITUDE=-122.313197, _4='Full-Service Restaurants')"
2021-11-18T05:11:05,2021-11-18T06:16:22,"Pandas(_0='Silkroad Noodle Bar LLC', CITY='Seattle', LATITUDE=47.661497, LONGITUDE=-122.313197, _4='Full-Service Restaurants')"
2021-11-18T06:31:45,2021-11-18T08:42:45,"Pandas(_0='Silkroad Noodle Bar LLC', CITY='Seattle', LATITUDE=47.661497, LONGITUDE=-122.313197, _4='Full-Service Restaurants')"
2021-11-18T22:11:34,2021-11-18T22:37:08,"Pandas(_0='Safeway', CITY='Seattle', LATITUDE=47.664281, LONGITUDE=-122.313907, _4='Supermarkets/Other Grocery (Exc Convenience) Strs')"
2021-11-19T08:33:58,2021-11-19T08:57:03,"Pandas(_0='Silkroad Noodle Bar LLC', CITY='Seattle', LATITUDE=47.661497, LONGITUDE=-122.313197, _4='Full-Service Restaurants')"
2021-11-21T09:17:39,2021-11-21T10:27:51,"Pandas(_0='Sizzle Pie', CITY='Seattle', LATITUDE=47.612719, LONGITUDE=-122.318909, _4='Full-Service Restaurants')"
2021-11-21T10:32:11,2021-11-21T10:49:03,"Pandas(_0='Lost Lake Cafe & Lounge', CITY='Seattle', LATITUDE=47.61422, LONGITUDE=-122.31963, _4='Full-Service Restaurants')"
2021-11-22T02:58:43,2021-11-22T03:33:28,"Pandas(_0='Brownchicken Browncow', CITY='Seattle', LATITUDE=47.620325, LONGITUDE=-122.32082, _4='Full-Service Restaurants')"
2021-11-22T22:05:48,2021-11-22T22:45:21,"Pandas(_0='LA Cocina Oaxaquena', CITY='Seattle', LATITUDE=47.615441, LONGITUDE=-122.328226, _4='Full-Service Restaurants')"
2021-11-22T23:50:45,2021-11-23T01:43:50,"Pandas(_0='Honeyhole Sandwiches', CITY='Seattle', LATITUDE=47.614012, LONGITUDE=-122.323007, _4='Full-Service Restaurants')"
2021-11-25T02:15:10,2021-11-25T04:13:45,"Pandas(_0='Silkroad Noodle Bar LLC', CITY='Seattle', LATITUDE=47.661497, LONGITUDE=-122.313197, _4='Full-Service Restaurants')"
2021-11-25T04:23:45,2021-11-25T05:50:46,"Pandas(_0='Silkroad Noodle Bar LLC', CITY='Seattle', LATITUDE=47.661497, LONGITUDE=-122.313197, _4='Full-Service Restaurants')"
2021-11-25T06:21:14,2021-11-25T08:00:44,"Pandas(_0='Pho Tran Restaurant', CITY='Seattle', LATITUDE=47.658779, LONGITUDE=-122.313544, _4='Full-Service Restaurants')"
2021-11-25T08:04:15,2021-11-25T08:49:59,"Pandas(_0=""Earl's On The Ave"", CITY='Seattle', LATITUDE=47.660813, LONGITUDE=-122.313472, _4='Full-Service Restaurants')"
2021-11-25T08:58:51,2021-11-25T09:48:09,"Pandas(_0='Sarduccis', CITY='Seattle', LATITUDE=47.65795, LONGITUDE=-122.313574, _4='Full-Service Restaurants')"
2021-11-28T05:13:25,2021-11-28T07:08:15,"Pandas(_0='Wild Ginger-Seattle', CITY='Seattle', LATITUDE=47.608833, LONGITUDE=-122.337419, _4='Full-Service Restaurants')"
2021-11-28T07:36:05,2021-11-28T09:43:11,"Pandas(_0='Via Tribunali-Capitol Hl 15th', CITY='Seattle', LATITUDE=47.61394, LONGITUDE=-122.3199, _4='Full-Service Restaurants')"
2021-11-28T10:06:34,2021-11-28T10:49:39,"Pandas(_0='Seattle Annapurna', CITY='Seattle', LATITUDE=47.618707, LONGITUDE=-122.321036, _4='Full-Service Restaurants')"
2021-11-29T07:45:11,2021-11-29T08:11:28,"Pandas(_0='Safeway', CITY='Seattle', LATITUDE=47.664281, LONGITUDE=-122.313907, _4='Supermarkets/Other Grocery (Exc Convenience) Strs')"
2021-12-02T06:41:12,2021-12-02T08:37:03,"Pandas(_0='Pho Tran Restaurant', CITY='Seattle', LATITUDE=47.658779, LONGITUDE=-122.313544, _4='Full-Service Restaurants')"
2021-12-02T08:49:35,2021-12-02T09:17:48,"Pandas(_0='Safeway', CITY='Seattle', LATITUDE=47.664281, LONGITUDE=-122.313907, _4='Supermarkets/Other Grocery (Exc Convenience) Strs')"
2021-12-03T01:00:48,2021-12-03T02:41:59,"Pandas(_0='Silkroad Noodle Bar LLC', CITY='Seattle', LATITUDE=47.661497, LONGITUDE=-122.313197, _4='Full-Service Restaurants')"
2021-12-04T02:55:21,2021-12-04T04:04:26,"Pandas(_0='Silkroad Noodle Bar LLC', CITY='Seattle', LATITUDE=47.661497, LONGITUDE=-122.313197, _4='Full-Service Restaurants')"
2021-12-04T20:22:55,2021-12-04T21:12:37,"Pandas(_0=""Costa's Restaurant"", CITY='Seattle', LATITUDE=47.66293, LONGITUDE=-122.31329, _4='Full-Service Restaurants')"
2021-12-07T04:51:46,2021-12-07T06:00:45,"Pandas(_0='Haru Sushi', CITY='Seattle', LATITUDE=47.65964, LONGITUDE=-122.31337, _4='Full-Service Restaurants')"
2021-12-07T06:02:49,2021-12-07T06:52:03,"Pandas(_0='Silkroad Noodle Bar LLC', CITY='Seattle', LATITUDE=47.661497, LONGITUDE=-122.313197, _4='Full-Service Restaurants')"
2021-12-07T20:31:10,2021-12-07T21:52:06,"Pandas(_0='Silkroad Noodle Bar LLC', CITY='Seattle', LATITUDE=47.661497, LONGITUDE=-122.313197, _4='Full-Service Restaurants')"
2021-12-07T22:50:27,2021-12-07T23:29:52,"Pandas(_0='Silkroad Noodle Bar LLC', CITY='Seattle', LATITUDE=47.661497, LONGITUDE=-122.313197, _4='Full-Service Restaurants')"
2021-12-08T04:44:19,2021-12-08T05:24:03,"Pandas(_0='Haru Sushi', CITY='Seattle', LATITUDE=47.65964, LONGITUDE=-122.31337, _4='Full-Service Restaurants')"
2021-12-08T05:33:03,2021-12-08T06:11:03,"Pandas(_0='Haru Sushi', CITY='Seattle', LATITUDE=47.65964, LONGITUDE=-122.31337, _4='Full-Service Restaurants')"
2021-12-08T06:20:28,2021-12-08T07:04:51,"Pandas(_0='Qdoba Mexican Eats', CITY='Seattle', LATITUDE=47.65994, LONGITUDE=-122.31346, _4='Limited-Service Restaurants')"
2021-12-09T17:50:50,2021-12-09T18:16:10,"Pandas(_0='Silkroad Noodle Bar LLC', CITY='Seattle', LATITUDE=47.661497, LONGITUDE=-122.313197, _4='Full-Service Restaurants')"
2021-12-11T02:45:43,2021-12-11T05:03:11,"Pandas(_0='Silkroad Noodle Bar LLC', CITY='Seattle', LATITUDE=47.661497, LONGITUDE=-122.313197, _4='Full-Service Restaurants')"
2021-12-13T18:51:40,2021-12-13T19:51:52,"Pandas(_0='LA Cocina Oaxaquena', CITY='Seattle', LATITUDE=47.615441, LONGITUDE=-122.328226, _4='Full-Service Restaurants')"
2021-12-13T23:18:55,2021-12-13T23:56:42,"Pandas(_0='Hawaii Bbq Restaurant', CITY='Seattle', LATITUDE=47.662749, LONGITUDE=-122.313173, _4='Full-Service Restaurants')"
2021-12-16T03:56:43,2021-12-16T04:46:38,"Pandas(_0='Safeway', CITY='Seattle', LATITUDE=47.664281, LONGITUDE=-122.313907, _4='Supermarkets/Other Grocery (Exc Convenience) Strs')"
2021-12-17T07:36:32,2021-12-17T09:30:35,"Pandas(_0='Silkroad Noodle Bar LLC', CITY='Seattle', LATITUDE=47.661497, LONGITUDE=-122.313197, _4='Full-Service Restaurants')"
2021-12-19T02:00:59,2021-12-19T02:16:06,"Pandas(_0='Silkroad Noodle Bar LLC', CITY='Seattle', LATITUDE=47.661497, LONGITUDE=-122.313197, _4='Full-Service Restaurants')"
2021-12-20T20:57:58,2021-12-20T21:17:56,"Pandas(_0='Safeway', CITY='Seattle', LATITUDE=47.664281, LONGITUDE=-122.313907, _4='Supermarkets/Other Grocery (Exc Convenience) Strs')"
2021-12-23T03:29:11,2021-12-23T04:27:08,"Pandas(_0='Momiji Restaurant', CITY='Seattle', LATITUDE=47.61479, LONGITUDE=-122.316433, _4='Full-Service Restaurants')"
2021-12-26T03:15:26,2021-12-26T03:34:49,"Pandas(_0='Safeway', CITY='Seattle', LATITUDE=47.664281, LONGITUDE=-122.313907, _4='Supermarkets/Other Grocery (Exc Convenience) Strs')"
2022-01-03T05:21:16,2022-01-03T05:49:27,"Pandas(_0='Kimchi Bistro', CITY='Seattle', LATITUDE=47.620571, LONGITUDE=-122.321287, _4='Full-Service Restaurants')"
2022-01-03T05:59:52,2022-01-03T06:46:10,"Pandas(_0='Honeyhole Sandwiches', CITY='Seattle', LATITUDE=47.614012, LONGITUDE=-122.323007, _4='Full-Service Restaurants')"
2022-01-03T06:48:11,2022-01-03T08:02:52,"Pandas(_0='Kyoto Teriyaki', CITY='Seattle', LATITUDE=47.614031, LONGITUDE=-122.32142, _4='Full-Service Restaurants')"
2022-01-03T22:32:48,2022-01-03T22:56:31,"Pandas(_0='Mee Sum Pastry', CITY='Seattle', LATITUDE=47.661192, LONGITUDE=-122.313203, _4='Full-Service Restaurants')"
2022-01-05T05:55:39,2022-01-05T07:51:10,"Pandas(_0='Haru Sushi', CITY='Seattle', LATITUDE=47.65964, LONGITUDE=-122.31337, _4='Full-Service Restaurants')"
2022-01-06T05:22:53,2022-01-06T07:32:22,"Pandas(_0='Silkroad Noodle Bar LLC', CITY='Seattle', LATITUDE=47.661497, LONGITUDE=-122.313197, _4='Full-Service Restaurants')"
2022-01-06T20:30:22,2022-01-06T20:45:29,"Pandas(_0='Silkroad Noodle Bar LLC', CITY='Seattle', LATITUDE=47.661497, LONGITUDE=-122.313197, _4='Full-Service Restaurants')"
2022-01-09T02:26:05,2022-01-09T03:32:26,"Pandas(_0='7-Eleven', CITY='Seattle', LATITUDE=47.659062, LONGITUDE=-122.313122, _4='Convenience Stores')"
2022-01-10T03:30:06,2022-01-10T03:45:26,"Pandas(_0='Cedars Indian Food On Brooklyn', CITY='Seattle', LATITUDE=47.664756, LONGITUDE=-122.314527, _4='Full-Service Restaurants')"
2022-01-10T22:06:06,2022-01-10T22:53:47,"Pandas(_0='LA Cocina Oaxaquena', CITY='Seattle', LATITUDE=47.615441, LONGITUDE=-122.328226, _4='Full-Service Restaurants')"
2022-01-10T23:36:05,2022-01-11T00:04:09,"Pandas(_0='Panera Bread', CITY='Seattle', LATITUDE=47.615899, LONGITUDE=-122.320387, _4='Limited-Service Restaurants')"
2022-01-11T00:08:41,2022-01-11T00:25:04,"Pandas(_0='Chili Basil Thai Grill', CITY='Seattle', LATITUDE=47.620202, LONGITUDE=-122.321278, _4='Full-Service Restaurants')"
2022-01-11T20:24:03,2022-01-11T21:00:45,"Pandas(_0='Silkroad Noodle Bar LLC', CITY='Seattle', LATITUDE=47.661497, LONGITUDE=-122.313197, _4='Full-Service Restaurants')"
2022-01-13T01:02:58,2022-01-13T01:18:27,"Pandas(_0='SUBWAY', CITY='Seattle', LATITUDE=47.661058, LONGITUDE=-122.317382, _4='Limited-Service Restaurants')"
2022-01-14T07:32:14,2022-01-14T09:08:30,"Pandas(_0='Silkroad Noodle Bar LLC', CITY='Seattle', LATITUDE=47.661497, LONGITUDE=-122.313197, _4='Full-Service Restaurants')"
2022-01-15T02:18:51,2022-01-15T02:38:28,"Pandas(_0='Silkroad Noodle Bar LLC', CITY='Seattle', LATITUDE=47.661497, LONGITUDE=-122.313197, _4='Full-Service Restaurants')"
2022-01-15T02:51:59,2022-01-15T04:24:08,"Pandas(_0='Silkroad Noodle Bar LLC', CITY='Seattle', LATITUDE=47.661497, LONGITUDE=-122.313197, _4='Full-Service Restaurants')"
2022-01-15T04:33:23,2022-01-15T05:30:56,"Pandas(_0='Silkroad Noodle Bar LLC', CITY='Seattle', LATITUDE=47.661497, LONGITUDE=-122.313197, _4='Full-Service Restaurants')"
2022-01-18T20:35:26,2022-01-18T20:54:23,"Pandas(_0='Silkroad Noodle Bar LLC', CITY='Seattle', LATITUDE=47.661497, LONGITUDE=-122.313197, _4='Full-Service Restaurants')"
2022-01-19T05:57:27,2022-01-19T06:55:10,"Pandas(_0='Haru Sushi', CITY='Seattle', LATITUDE=47.65964, LONGITUDE=-122.31337, _4='Full-Service Restaurants')"
2022-01-19T06:59:53,2022-01-19T08:49:38,"Pandas(_0='Haru Sushi', CITY='Seattle', LATITUDE=47.65964, LONGITUDE=-122.31337, _4='Full-Service Restaurants')"
2022-01-19T09:10:53,2022-01-19T09:51:09,"Pandas(_0=""Earl's On The Ave"", CITY='Seattle', LATITUDE=47.660813, LONGITUDE=-122.313472, _4='Full-Service Restaurants')"
2022-01-20T03:40:40,2022-01-20T04:16:58,"Pandas(_0='Silkroad Noodle Bar LLC', CITY='Seattle', LATITUDE=47.661497, LONGITUDE=-122.313197, _4='Full-Service Restaurants')"
2022-01-20T06:21:48,2022-01-20T06:39:48,"Pandas(_0='Amante', CITY='Seattle', LATITUDE=47.618313, LONGITUDE=-122.325544, _4='Full-Service Restaurants')"
2022-01-22T03:19:54,2022-01-22T03:47:00,"Pandas(_0='Silkroad Noodle Bar LLC', CITY='Seattle', LATITUDE=47.661497, LONGITUDE=-122.313197, _4='Full-Service Restaurants')"
2022-01-23T07:16:54,2022-01-23T08:48:45,"Pandas(_0='Via Tribunali-Capitol Hl 15th', CITY='Seattle', LATITUDE=47.61394, LONGITUDE=-122.3199, _4='Full-Service Restaurants')"
2022-01-24T17:54:13,2022-01-24T18:57:36,"Pandas(_0='LA Cocina Oaxaquena', CITY='Seattle', LATITUDE=47.615441, LONGITUDE=-122.328226, _4='Full-Service Restaurants')"
2022-01-27T19:55:46,2022-01-27T22:05:26,"Pandas(_0='Silkroad Noodle Bar LLC', CITY='Seattle', LATITUDE=47.661497, LONGITUDE=-122.313197, _4='Full-Service Restaurants')"
2022-01-29T01:41:51,2022-01-29T02:02:08,"Pandas(_0='Silkroad Noodle Bar LLC', CITY='Seattle', LATITUDE=47.661497, LONGITUDE=-122.313197, _4='Full-Service Restaurants')"
2022-01-31T04:58:10,2022-01-31T05:34:25,"Pandas(_0='Safeway', CITY='Seattle', LATITUDE=47.664281, LONGITUDE=-122.313907, _4='Supermarkets/Other Grocery (Exc Convenience) Strs')"
2022-02-01T18:48:50,2022-02-01T20:08:24,"Pandas(_0='Silkroad Noodle Bar LLC', CITY='Seattle', LATITUDE=47.661497, LONGITUDE=-122.313197, _4='Full-Service Restaurants')"
2022-02-01T20:33:28,2022-02-01T20:54:21,"Pandas(_0='Aladdin Falafel Corner', CITY='Seattle', LATITUDE=47.66236, LONGITUDE=-122.31335, _4='Full-Service Restaurants')"
2022-02-02T00:41:10,2022-02-02T01:09:07,"Pandas(_0='Silkroad Noodle Bar LLC', CITY='Seattle', LATITUDE=47.661497, LONGITUDE=-122.313197, _4='Full-Service Restaurants')"
2022-02-02T06:19:52,2022-02-02T06:41:35,"Pandas(_0='Bimbos Bitchin Burrito Kitchen', CITY='Seattle', LATITUDE=47.61397, LONGITUDE=-122.31875, _4='Full-Service Restaurants')"
2022-02-12T21:50:06,2022-02-12T22:10:49,"Pandas(_0='Silkroad Noodle Bar LLC', CITY='Seattle', LATITUDE=47.661497, LONGITUDE=-122.313197, _4='Full-Service Restaurants')"
2022-02-12T22:47:30,2022-02-12T23:05:47,"Pandas(_0='Silkroad Noodle Bar LLC', CITY='Seattle', LATITUDE=47.661497, LONGITUDE=-122.313197, _4='Full-Service Restaurants')"
2022-02-12T23:27:45,2022-02-12T23:51:12,"Pandas(_0='Silkroad Noodle Bar LLC', CITY='Seattle', LATITUDE=47.661497, LONGITUDE=-122.313197, _4='Full-Service Restaurants')"
2022-02-12T23:53:42,2022-02-13T00:09:03,"Pandas(_0='Mee Sum Pastry', CITY='Seattle', LATITUDE=47.661192, LONGITUDE=-122.313203, _4='Full-Service Restaurants')"
2022-02-15T02:12:03,2022-02-15T02:32:52,"Pandas(_0='Sarduccis', CITY='Seattle', LATITUDE=47.65795, LONGITUDE=-122.313574, _4='Full-Service Restaurants')"
2022-02-15T03:11:16,2022-02-15T05:05:52,"Pandas(_0='Haru Sushi', CITY='Seattle', LATITUDE=47.65964, LONGITUDE=-122.31337, _4='Full-Service Restaurants')"
2022-02-15T05:07:47,2022-02-15T05:31:03,"Pandas(_0='7-Eleven', CITY='Seattle', LATITUDE=47.659062, LONGITUDE=-122.313122, _4='Convenience Stores')"
2022-02-16T19:46:52,2022-02-16T20:12:49,"Pandas(_0='LA Cocina Oaxaquena', CITY='Seattle', LATITUDE=47.615441, LONGITUDE=-122.328226, _4='Full-Service Restaurants')"
2022-02-16T20:14:51,2022-02-16T20:47:28,"Pandas(_0='LA Cocina Oaxaquena', CITY='Seattle', LATITUDE=47.615441, LONGITUDE=-122.328226, _4='Full-Service Restaurants')"
2022-02-17T22:48:27,2022-02-17T23:26:37,"Pandas(_0='Shalimar Restaurant', CITY='Seattle', LATITUDE=47.658759, LONGITUDE=-122.312883, _4='Full-Service Restaurants')"
2022-02-19T08:32:09,2022-02-19T08:52:42,"Pandas(_0=""Earl's On The Ave"", CITY='Seattle', LATITUDE=47.660813, LONGITUDE=-122.313472, _4='Full-Service Restaurants')"
2022-02-19T08:56:45,2022-02-19T09:32:40,"Pandas(_0='Sarduccis', CITY='Seattle', LATITUDE=47.65795, LONGITUDE=-122.313574, _4='Full-Service Restaurants')"
2022-02-20T06:58:22,2022-02-20T07:16:03,"Pandas(_0=""Mama Mia's Pizza"", CITY='Seattle', LATITUDE=47.667292, LONGITUDE=-122.317702, _4='Full-Service Restaurants')"
2022-02-20T07:25:22,2022-02-20T08:44:32,"Pandas(_0='Sushi Naomi', CITY='Seattle', LATITUDE=47.692242, LONGITUDE=-122.355258, _4='Full-Service Restaurants')"
2022-02-21T19:49:20,2022-02-21T20:16:43,"Pandas(_0='Shalimar Restaurant', CITY='Seattle', LATITUDE=47.658759, LONGITUDE=-122.312883, _4='Full-Service Restaurants')"
2022-02-24T05:34:50,2022-02-24T07:16:23,"Pandas(_0='Pho Tran Restaurant', CITY='Seattle', LATITUDE=47.658779, LONGITUDE=-122.313544, _4='Full-Service Restaurants')"
2022-02-24T07:20:27,2022-02-24T08:43:31,"Pandas(_0=""Earl's On The Ave"", CITY='Seattle', LATITUDE=47.660813, LONGITUDE=-122.313472, _4='Full-Service Restaurants')"
2022-02-26T06:01:37,2022-02-26T08:05:21,"Pandas(_0='Haru Sushi', CITY='Seattle', LATITUDE=47.65964, LONGITUDE=-122.31337, _4='Full-Service Restaurants')"
2022-02-26T08:07:09,2022-02-26T08:47:22,"Pandas(_0='Sarduccis', CITY='Seattle', LATITUDE=47.65795, LONGITUDE=-122.313574, _4='Full-Service Restaurants')"
2022-02-26T23:07:10,2022-02-26T23:35:51,"Pandas(_0='Safeway', CITY='Seattle', LATITUDE=47.664281, LONGITUDE=-122.313907, _4='Supermarkets/Other Grocery (Exc Convenience) Strs')"
2022-02-28T06:36:38,2022-02-28T07:03:49,"Pandas(_0='Safeway', CITY='Seattle', LATITUDE=47.664281, LONGITUDE=-122.313907, _4='Supermarkets/Other Grocery (Exc Convenience) Strs')"
2022-03-02T04:24:22,2022-03-02T04:54:29,"Pandas(_0='Haru Sushi', CITY='Seattle', LATITUDE=47.65964, LONGITUDE=-122.31337, _4='Full-Service Restaurants')"
2022-03-05T07:18:29,2022-03-05T08:50:11,"Pandas(_0='Via Tribunali-Capitol Hl 15th', CITY='Seattle', LATITUDE=47.61394, LONGITUDE=-122.3199, _4='Full-Service Restaurants')"
2022-03-05T23:12:18,2022-03-06T00:26:24,"Pandas(_0='Lost Lake Cafe & Lounge', CITY='Seattle', LATITUDE=47.61422, LONGITUDE=-122.31963, _4='Full-Service Restaurants')"
2022-03-06T01:23:04,2022-03-06T01:52:43,"Pandas(_0='Pinto Thai Bistro & Sushi Bar', CITY='Seattle', LATITUDE=47.622335, LONGITUDE=-122.32072, _4='Full-Service Restaurants')"
2022-03-07T23:16:24,2022-03-07T23:51:26,"Pandas(_0='LA Cocina Oaxaquena', CITY='Seattle', LATITUDE=47.615441, LONGITUDE=-122.328226, _4='Full-Service Restaurants')"
2022-03-09T02:22:03,2022-03-09T03:28:47,"Pandas(_0='Umi Steak House', CITY='Seattle', LATITUDE=47.613294, LONGITUDE=-122.346051, _4='Full-Service Restaurants')"
2022-03-13T01:16:06,2022-03-13T01:31:37,"Pandas(_0='Safeway', CITY='Seattle', LATITUDE=47.664281, LONGITUDE=-122.313907, _4='Supermarkets/Other Grocery (Exc Convenience) Strs')"
2022-03-15T23:17:22,2022-03-16T00:08:58,"Pandas(_0='Potbelly Sandwich Shop', CITY='Seattle', LATITUDE=47.662048, LONGITUDE=-122.312787, _4='Limited-Service Restaurants')"
2022-03-16T03:43:06,2022-03-16T05:30:20,"Pandas(_0='Haru Sushi', CITY='Seattle', LATITUDE=47.65964, LONGITUDE=-122.31337, _4='Full-Service Restaurants')"
2022-03-16T05:45:17,2022-03-16T07:09:17,"Pandas(_0='Haru Sushi', CITY='Seattle', LATITUDE=47.65964, LONGITUDE=-122.31337, _4='Full-Service Restaurants')"
2022-03-17T22:43:04,2022-03-17T23:13:28,"Pandas(_0='Safeway', CITY='Seattle', LATITUDE=47.664281, LONGITUDE=-122.313907, _4='Supermarkets/Other Grocery (Exc Convenience) Strs')"
2022-03-18T04:49:03,2022-03-18T06:51:10,"Pandas(_0='Pho Tran Restaurant', CITY='Seattle', LATITUDE=47.658779, LONGITUDE=-122.313544, _4='Full-Service Restaurants')"
2022-03-21T01:38:36,2022-03-21T02:53:01,"Pandas(_0='Kimchi Bistro', CITY='Seattle', LATITUDE=47.620571, LONGITUDE=-122.321287, _4='Full-Service Restaurants')"
2022-03-24T00:12:15,2022-03-24T00:44:19,"Pandas(_0='LA Cocina Oaxaquena', CITY='Seattle', LATITUDE=47.615441, LONGITUDE=-122.328226, _4='Full-Service Restaurants')"
2022-03-24T02:55:33,2022-03-24T03:21:42,"Pandas(_0='Chili & Sesame Korean Kitchen', CITY='Seattle', LATITUDE=47.61505, LONGITUDE=-122.34772, _4='Full-Service Restaurants')"
2022-03-26T00:38:08,2022-03-26T01:09:19,"Pandas(_0='In The Bowl', CITY='Seattle', LATITUDE=47.618632, LONGITUDE=-122.325612, _4='Full-Service Restaurants')"
2022-03-26T01:43:30,2022-03-26T03:43:16,"Pandas(_0='Lindas Tavern', CITY='Seattle', LATITUDE=47.61521, LONGITUDE=-122.322866, _4='Full-Service Restaurants')"
2022-04-03T06:36:58,2022-04-03T08:00:15,"Pandas(_0='Octopus Bar & Grill LLC', CITY='Seattle', LATITUDE=47.661186, LONGITUDE=-122.333225, _4='Full-Service Restaurants')"
2022-04-03T18:53:43,2022-04-03T19:10:58,"Pandas(_0='LA Vaca Mexican Restaurant', CITY='Seattle', LATITUDE=47.657743, LONGITUDE=-122.313291, _4='Full-Service Restaurants')"
2022-04-07T00:11:18,2022-04-07T00:54:21,"Pandas(_0='LA Cocina Oaxaquena', CITY='Seattle', LATITUDE=47.615441, LONGITUDE=-122.328226, _4='Full-Service Restaurants')"
2022-04-07T05:30:23,2022-04-07T06:00:48,"Pandas(_0=""Earl's On The Ave"", CITY='Seattle', LATITUDE=47.660813, LONGITUDE=-122.313472, _4='Full-Service Restaurants')"
2022-04-07T06:04:57,2022-04-07T06:43:38,"Pandas(_0='Sarduccis', CITY='Seattle', LATITUDE=47.65795, LONGITUDE=-122.313574, _4='Full-Service Restaurants')"
2022-04-09T00:23:53,2022-04-09T00:53:57,"Pandas(_0='Safeway', CITY='Seattle', LATITUDE=47.664281, LONGITUDE=-122.313907, _4='Supermarkets/Other Grocery (Exc Convenience) Strs')"
2022-04-10T04:05:33,2022-04-10T04:24:34,"Pandas(_0='Safeway', CITY='Seattle', LATITUDE=47.664281, LONGITUDE=-122.313907, _4='Supermarkets/Other Grocery (Exc Convenience) Strs')"
2022-04-16T22:23:33,2022-04-16T22:54:34,"Pandas(_0='Cedars Indian Food On Brooklyn', CITY='Seattle', LATITUDE=47.664756, LONGITUDE=-122.314527, _4='Full-Service Restaurants')"
2022-04-16T22:56:37,2022-04-16T23:14:10,"Pandas(_0='Safeway', CITY='Seattle', LATITUDE=47.664281, LONGITUDE=-122.313907, _4='Supermarkets/Other Grocery (Exc Convenience) Strs')"
2022-04-21T00:09:31,2022-04-21T00:49:11,"Pandas(_0='LA Cocina Oaxaquena', CITY='Seattle', LATITUDE=47.615441, LONGITUDE=-122.328226, _4='Full-Service Restaurants')"
2022-04-21T05:37:01,2022-04-21T06:37:37,"Pandas(_0='SUBWAY', CITY='Seattle', LATITUDE=47.658792, LONGITUDE=-122.313326, _4='Limited-Service Restaurants')"
2022-04-21T07:03:24,2022-04-21T08:37:03,"Pandas(_0='Sizzle Pie', CITY='Seattle', LATITUDE=47.612719, LONGITUDE=-122.318909, _4='Full-Service Restaurants')"
2022-04-27T00:25:20,2022-04-27T02:05:26,"Pandas(_0='Haru Sushi', CITY='Seattle', LATITUDE=47.65964, LONGITUDE=-122.31337, _4='Full-Service Restaurants')"
2022-04-27T03:48:43,2022-04-27T04:28:20,"Pandas(_0='Pho Tai Vietnamese Restaurant', CITY='Bellevue', LATITUDE=47.627551, LONGITUDE=-122.143896, _4='Full-Service Restaurants')"
2022-04-28T06:15:22,2022-04-28T08:44:33,"Pandas(_0=""Earl's On The Ave"", CITY='Seattle', LATITUDE=47.660813, LONGITUDE=-122.313472, _4='Full-Service Restaurants')"
2022-04-28T08:46:38,2022-04-28T09:49:01,"Pandas(_0='7-Eleven', CITY='Seattle', LATITUDE=47.659062, LONGITUDE=-122.313122, _4='Convenience Stores')"
2022-04-28T10:01:14,2022-04-28T10:24:35,"Pandas(_0=""Memo's Mexican Food"", CITY='Seattle', LATITUDE=47.66433, LONGITUDE=-122.31327, _4='Full-Service Restaurants')"
2022-04-29T03:36:04,2022-04-29T04:01:07,"Pandas(_0='Flying Fish', CITY='Seattle', LATITUDE=47.612903, LONGITUDE=-122.345635, _4='Full-Service Restaurants')"
2022-04-29T04:02:55,2022-04-29T04:48:20,"Pandas(_0='Umi Steak House', CITY='Seattle', LATITUDE=47.613294, LONGITUDE=-122.346051, _4='Full-Service Restaurants')"
2022-05-03T01:00:18,2022-05-03T01:15:55,"Pandas(_0='Cedars Indian Food On Brooklyn', CITY='Seattle', LATITUDE=47.664756, LONGITUDE=-122.314527, _4='Full-Service Restaurants')"
2022-05-03T01:18:04,2022-05-03T01:40:05,"Pandas(_0='Safeway', CITY='Seattle', LATITUDE=47.664281, LONGITUDE=-122.313907, _4='Supermarkets/Other Grocery (Exc Convenience) Strs')"
2022-05-03T22:34:56,2022-05-03T23:05:06,"Pandas(_0='SUBWAY', CITY='Seattle', LATITUDE=47.608646, LONGITUDE=-122.338786, _4='Limited-Service Restaurants')"
2022-05-14T22:04:55,2022-05-14T22:23:40,"Pandas(_0='Mee Sum Pastry', CITY='Seattle', LATITUDE=47.661192, LONGITUDE=-122.313203, _4='Full-Service Restaurants')"
2022-05-23T01:52:55,2022-05-23T02:17:30,"Pandas(_0='Safeway', CITY='Seattle', LATITUDE=47.664281, LONGITUDE=-122.313907, _4='Supermarkets/Other Grocery (Exc Convenience) Strs')"
2022-05-25T04:45:08,2022-05-25T05:00:45,"Pandas(_0='Safeway', CITY='Seattle', LATITUDE=47.664281, LONGITUDE=-122.313907, _4='Supermarkets/Other Grocery (Exc Convenience) Strs')"
2022-05-25T23:55:49,2022-05-26T00:54:03,"Pandas(_0='LA Cocina Oaxaquena', CITY='Seattle', LATITUDE=47.615441, LONGITUDE=-122.328226, _4='Full-Service Restaurants')"
2022-06-03T01:33:27,2022-06-03T02:05:03,"Pandas(_0='Safeway', CITY='Seattle', LATITUDE=47.664281, LONGITUDE=-122.313907, _4='Supermarkets/Other Grocery (Exc Convenience) Strs')"
2022-06-16T04:40:32,2022-06-16T06:11:01,"Pandas(_0=""Applebee's"", CITY='Chehalis', LATITUDE=46.67764, LONGITUDE=-122.975484, _4='Full-Service Restaurants')"
2022-06-19T00:27:18,2022-06-19T00:44:02,"Pandas(_0='7-Eleven', CITY='Seattle', LATITUDE=47.659062, LONGITUDE=-122.313122, _4='Convenience Stores')"
2022-06-19T19:16:25,2022-06-19T19:33:40,"Pandas(_0=""Beard Papa's"", CITY='Seattle', LATITUDE=47.59738, LONGITUDE=-122.327634, _4='Limited-Service Restaurants')"
2022-06-20T03:44:43,2022-06-20T04:12:28,"Pandas(_0='Spice Orient', CITY='Seattle', LATITUDE=47.608757, LONGITUDE=-122.338347, _4='Full-Service Restaurants')"
2022-06-21T22:27:27,2022-06-21T22:57:08,"Pandas(_0=""Mc Donald's"", CITY='Seattle', LATITUDE=47.667744, LONGITUDE=-122.300347, _4='Limited-Service Restaurants')"
2022-06-23T23:27:38,2022-06-23T23:52:52,"Pandas(_0='Hawaii Bbq Restaurant', CITY='Seattle', LATITUDE=47.662749, LONGITUDE=-122.313173, _4='Full-Service Restaurants')"
2022-06-24T01:00:24,2022-06-24T01:52:35,"Pandas(_0='LA Cocina Oaxaquena', CITY='Seattle', LATITUDE=47.615441, LONGITUDE=-122.328226, _4='Full-Service Restaurants')"
2022-06-25T00:37:34,2022-06-25T01:49:17,"Pandas(_0='Kimchi Bistro', CITY='Seattle', LATITUDE=47.620571, LONGITUDE=-122.321287, _4='Full-Service Restaurants')"
2022-06-26T00:57:39,2022-06-26T01:13:43,"Pandas(_0='Quality Food Ctr', CITY='Seattle', LATITUDE=47.66188, LONGITUDE=-122.335904, _4='Supermarkets/Other Grocery (Exc Convenience) Strs')"
2022-06-29T18:46:30,2022-06-29T19:19:07,"Pandas(_0='Aladdin Falafel Corner', CITY='Seattle', LATITUDE=47.66236, LONGITUDE=-122.31335, _4='Full-Service Restaurants')"
2022-07-04T06:51:32,2022-07-04T07:19:02,"Pandas(_0='727 Pine', CITY='Seattle', LATITUDE=47.612831, LONGITUDE=-122.333219, _4='Full-Service Restaurants')"
2022-07-05T03:25:55,2022-07-05T05:06:33,"Pandas(_0='Caffe Ladro', CITY='Seattle', LATITUDE=47.607975, LONGITUDE=-122.338859, _4='Full-Service Restaurants')"
2022-07-05T05:12:39,2022-07-05T05:42:54,"Pandas(_0='Japonessa Seattle', CITY='Seattle', LATITUDE=47.60799, LONGITUDE=-122.33905, _4='Full-Service Restaurants')"
2022-07-05T07:35:54,2022-07-05T08:23:47,"Pandas(_0='Fremont Bowl', CITY='Seattle', LATITUDE=47.65905, LONGITUDE=-122.349684, _4='Full-Service Restaurants')"
2022-07-09T03:36:48,2022-07-09T03:52:06,"Pandas(_0='SUBWAY', CITY='Seattle', LATITUDE=47.661058, LONGITUDE=-122.317382, _4='Limited-Service Restaurants')"
2022-07-10T18:56:57,2022-07-10T19:13:22,"Pandas(_0='Aloha Plates', CITY='Seattle', LATITUDE=47.59748, LONGITUDE=-122.326978, _4='Full-Service Restaurants')"
2022-07-14T01:37:05,2022-07-14T02:52:58,"Pandas(_0='Mollusk', CITY='Seattle', LATITUDE=47.627251, LONGITUDE=-122.342396, _4='Full-Service Restaurants')"
2022-07-15T03:01:16,2022-07-15T03:16:45,"Pandas(_0='Noodle Zen', CITY='Seattle', LATITUDE=47.597477, LONGITUDE=-122.327267, _4='Full-Service Restaurants')"
2022-07-16T05:55:52,2022-07-16T07:21:44,"Pandas(_0='Octopus Bar & Grill LLC', CITY='Seattle', LATITUDE=47.661186, LONGITUDE=-122.333225, _4='Full-Service Restaurants')"
2022-07-16T22:19:25,2022-07-16T22:37:48,"Pandas(_0='Pink Bee', CITY='Seattle', LATITUDE=47.669508, LONGITUDE=-122.383928, _4='Full-Service Restaurants')"
2022-07-19T01:19:18,2022-07-19T03:28:08,"Pandas(_0='E Smith Mercantile', CITY='Seattle', LATITUDE=47.6006, LONGITUDE=-122.334055, _4='Department Stores')"
2022-07-19T20:05:54,2022-07-19T20:40:17,"Pandas(_0='Gordon Biersch-Seattle', CITY='Seattle', LATITUDE=47.612417, LONGITUDE=-122.334916, _4='Full-Service Restaurants')"
2022-07-19T20:50:28,2022-07-19T21:50:13,"Pandas(_0='LA Cocina Oaxaquena', CITY='Seattle', LATITUDE=47.615441, LONGITUDE=-122.328226, _4='Full-Service Restaurants')"
2022-07-20T00:27:16,2022-07-20T00:58:31,"Pandas(_0='Big Time Brewery & Alehouse', CITY='Seattle', LATITUDE=47.657865, LONGITUDE=-122.313288, _4='Full-Service Restaurants')"
2022-07-27T01:09:10,2022-07-27T02:00:50,"Pandas(_0='Itadakimasu Restaurant', CITY='Seattle', LATITUDE=47.664344, LONGITUDE=-122.314528, _4='Full-Service Restaurants')"
2022-07-27T02:02:03,2022-07-27T02:37:31,"Pandas(_0='Itadakimasu Restaurant', CITY='Seattle', LATITUDE=47.664344, LONGITUDE=-122.314528, _4='Full-Service Restaurants')"
2022-07-27T02:46:59,2022-07-27T04:14:16,"Pandas(_0='Somtum Thai', CITY='Seattle', LATITUDE=47.664215, LONGITUDE=-122.312765, _4='Full-Service Restaurants')"
2022-07-27T18:36:04,2022-07-27T18:53:49,"Pandas(_0='Potbelly Sandwich Shop', CITY='Seattle', LATITUDE=47.662048, LONGITUDE=-122.312787, _4='Limited-Service Restaurants')"
2022-07-27T19:11:31,2022-07-27T19:26:49,"Pandas(_0='University Pizzeria', CITY='Seattle', LATITUDE=47.662162, LONGITUDE=-122.313447, _4='Full-Service Restaurants')"
2022-07-31T00:50:56,2022-07-31T01:07:35,"Pandas(_0=""Chili's South Indian Cuisine"", CITY='Seattle', LATITUDE=47.65891, LONGITUDE=-122.31301, _4='Full-Service Restaurants')"
2022-08-02T20:48:51,2022-08-02T21:51:49,"Pandas(_0='LA Cocina Oaxaquena', CITY='Seattle', LATITUDE=47.615441, LONGITUDE=-122.328226, _4='Full-Service Restaurants')"
2022-08-02T22:01:56,2022-08-02T22:27:57,"Pandas(_0='Gordon Biersch-Seattle', CITY='Seattle', LATITUDE=47.612417, LONGITUDE=-122.334916, _4='Full-Service Restaurants')"
2022-08-09T22:22:02,2022-08-09T23:00:57,"Pandas(_0='Chipotle Mexican Grill', CITY='Seattle', LATITUDE=47.659223, LONGITUDE=-122.313346, _4='Limited-Service Restaurants')"
2022-08-10T03:16:15,2022-08-10T03:41:58,"Pandas(_0='Melting Pot', CITY='Seattle', LATITUDE=47.62474, LONGITUDE=-122.356205, _4='Full-Service Restaurants')"
2022-08-14T00:42:16,2022-08-14T01:54:53,"Pandas(_0='Ballard Brothers Seafood', CITY='Seattle', LATITUDE=47.667391, LONGITUDE=-122.376667, _4='Full-Service Restaurants')"
2022-08-16T20:57:15,2022-08-16T21:50:57,"Pandas(_0='LA Cocina Oaxaquena', CITY='Seattle', LATITUDE=47.615441, LONGITUDE=-122.328226, _4='Full-Service Restaurants')"
2022-08-16T23:14:20,2022-08-16T23:30:38,"Pandas(_0='SUBWAY', CITY='Seattle', LATITUDE=47.608646, LONGITUDE=-122.338786, _4='Limited-Service Restaurants')"
2022-08-17T19:40:39,2022-08-17T20:29:34,"Pandas(_0='Hot Iron Mongolian Grill', CITY='Marysville', LATITUDE=48.149515, LONGITUDE=-122.189758, _4='Full-Service Restaurants')"
2022-08-20T21:01:41,2022-08-20T21:19:20,"Pandas(_0=""Mc Donald's"", CITY='Seattle', LATITUDE=47.667744, LONGITUDE=-122.300347, _4='Limited-Service Restaurants')"
2022-08-25T01:15:56,2022-08-25T01:36:49,"Pandas(_0='SUBWAY', CITY='Seattle', LATITUDE=47.661058, LONGITUDE=-122.317382, _4='Limited-Service Restaurants')"
2022-08-30T20:52:54,2022-08-30T21:37:36,"Pandas(_0='LA Cocina Oaxaquena', CITY='Seattle', LATITUDE=47.615441, LONGITUDE=-122.328226, _4='Full-Service Restaurants')"
2022-09-01T02:35:54,2022-09-01T02:54:59,"Pandas(_0='Quality Food Ctr', CITY='Seattle', LATITUDE=47.66188, LONGITUDE=-122.335904, _4='Supermarkets/Other Grocery (Exc Convenience) Strs')"
2022-09-02T16:02:37,2022-09-02T16:56:24,"Pandas(_0='Huck & Plow', CITY='Seattle', LATITUDE=47.610669, LONGITUDE=-122.346572, _4='Full-Service Restaurants')"
2022-09-02T17:23:07,2022-09-02T19:04:09,"Pandas(_0='Huck & Plow', CITY='Seattle', LATITUDE=47.610669, LONGITUDE=-122.346572, _4='Full-Service Restaurants')"
2022-09-02T19:12:13,2022-09-02T20:15:25,"Pandas(_0='Huck & Plow', CITY='Seattle', LATITUDE=47.610669, LONGITUDE=-122.346572, _4='Full-Service Restaurants')"
2022-09-02T20:31:47,2022-09-02T20:48:08,"Pandas(_0='Market Grill', CITY='Seattle', LATITUDE=47.60889, LONGITUDE=-122.34047, _4='Full-Service Restaurants')"
2022-09-02T23:08:30,2022-09-02T23:26:39,"Pandas(_0='Potbelly Sandwich Shop', CITY='Seattle', LATITUDE=47.662048, LONGITUDE=-122.312787, _4='Limited-Service Restaurants')"
2022-09-06T19:10:06,2022-09-06T19:26:52,"Pandas(_0='Aladdin Falafel Corner', CITY='Seattle', LATITUDE=47.66236, LONGITUDE=-122.31335, _4='Full-Service Restaurants')"
2022-09-06T19:30:54,2022-09-06T20:05:16,"Pandas(_0='Hawaii Bbq Restaurant', CITY='Seattle', LATITUDE=47.662749, LONGITUDE=-122.313173, _4='Full-Service Restaurants')"
2022-09-13T20:49:24,2022-09-13T21:45:34,"Pandas(_0='LA Cocina Oaxaquena', CITY='Seattle', LATITUDE=47.615441, LONGITUDE=-122.328226, _4='Full-Service Restaurants')"
2022-09-14T22:09:41,2022-09-14T22:38:33,"Pandas(_0='Sunlight Cafe', CITY='Seattle', LATITUDE=47.675104, LONGITUDE=-122.317432, _4='Full-Service Restaurants')"
2022-09-16T02:59:56,2022-09-16T04:05:38,"Pandas(_0='Macrina Baking Co', CITY='Seattle', LATITUDE=47.614112, LONGITUDE=-122.346385, _4='Full-Service Restaurants')"
2022-09-17T18:58:44,2022-09-17T19:19:05,"Pandas(_0='Aloha Plates', CITY='Seattle', LATITUDE=47.59748, LONGITUDE=-122.326978, _4='Full-Service Restaurants')"
2022-09-18T17:00:01,2022-09-18T18:28:40,"Pandas(_0=""Mia's Off Broadway Cafe"", CITY='Seattle', LATITUDE=47.615971, LONGITUDE=-122.322213, _4='Limited-Service Restaurants')"
2022-09-18T18:47:31,2022-09-18T19:49:00,"Pandas(_0=""Quinn's Pub"", CITY='Seattle', LATITUDE=47.613862, LONGITUDE=-122.31922, _4='Full-Service Restaurants')"
2022-09-20T20:42:38,2022-09-20T21:04:27,"Pandas(_0='Cafe On The Aveune', CITY='Seattle', LATITUDE=47.658501, LONGITUDE=-122.313556, _4='Full-Service Restaurants')"
2022-09-21T23:09:52,2022-09-22T00:21:11,"Pandas(_0='Tahn Brothers Restaurant', CITY='Seattle', LATITUDE=47.65858, LONGITUDE=-122.3134, _4='Full-Service Restaurants')"
2022-09-27T04:39:48,2022-09-27T05:53:53,"Pandas(_0='Haru Sushi', CITY='Seattle', LATITUDE=47.65964, LONGITUDE=-122.31337, _4='Full-Service Restaurants')"
2022-09-27T22:03:06,2022-09-27T22:51:58,"Pandas(_0='LA Cocina Oaxaquena', CITY='Seattle', LATITUDE=47.615441, LONGITUDE=-122.328226, _4='Full-Service Restaurants')"
2022-09-28T03:19:40,2022-09-28T03:52:44,"Pandas(_0='Quality Food Ctr', CITY='Seattle', LATITUDE=47.66188, LONGITUDE=-122.335904, _4='Supermarkets/Other Grocery (Exc Convenience) Strs')"
2022-10-02T00:27:37,2022-10-02T00:45:43,"Pandas(_0='Elliott Bay Cafe', CITY='Seattle', LATITUDE=47.614686, LONGITUDE=-122.319842, _4='Full-Service Restaurants')"
2022-10-05T00:18:46,2022-10-05T00:41:30,"Pandas(_0='Safeway', CITY='Seattle', LATITUDE=47.664281, LONGITUDE=-122.313907, _4='Supermarkets/Other Grocery (Exc Convenience) Strs')"
2022-10-05T20:23:40,2022-10-05T21:04:48,"Pandas(_0='MOD Pizza', CITY='Seattle', LATITUDE=47.658361, LONGITUDE=-122.312838, _4='Full-Service Restaurants')"
2022-10-05T21:09:23,2022-10-05T21:49:45,"Pandas(_0='Nasai Teriyaki 3', CITY='Seattle', LATITUDE=47.65999, LONGITUDE=-122.31337, _4='Full-Service Restaurants')"
2022-10-05T21:55:37,2022-10-05T22:30:22,"Pandas(_0='Aladdin Falafel Corner', CITY='Seattle', LATITUDE=47.66236, LONGITUDE=-122.31335, _4='Full-Service Restaurants')"
2022-10-11T02:51:06,2022-10-11T03:06:16,"Pandas(_0='Radici', CITY='Seattle', LATITUDE=47.599581, LONGITUDE=-122.331524, _4='Full-Service Restaurants')"
2022-10-12T22:48:14,2022-10-12T23:07:50,"Pandas(_0='Jyros House & Mediterranean', CITY='Renton', LATITUDE=47.4972, LONGITUDE=-122.20469, _4='Full-Service Restaurants')"
2022-10-13T03:47:50,2022-10-13T04:03:01,"Pandas(_0='Boulangerie Bakery & Cafe', CITY='Lakewood', LATITUDE=47.169138, LONGITUDE=-122.48294, _4='Full-Service Restaurants')"
2022-10-14T22:51:42,2022-10-14T23:18:39,"Pandas(_0='Brownstone Coffee Lounge', CITY='Centralia', LATITUDE=46.715422, LONGITUDE=-122.954346, _4='Full-Service Restaurants')"
2022-10-14T23:22:29,2022-10-14T23:48:52,"Pandas(_0=""O'Blarney's Irish Pub"", CITY='Centralia', LATITUDE=46.71806, LONGITUDE=-122.95382, _4='Full-Service Restaurants')"
2022-10-19T23:59:30,2022-10-20T00:31:30,"Pandas(_0='Quality Food Ctr', CITY='Seattle', LATITUDE=47.66188, LONGITUDE=-122.335904, _4='Supermarkets/Other Grocery (Exc Convenience) Strs')"
2022-10-21T19:38:56,2022-10-21T20:13:32,"Pandas(_0='Cherry Street Coffee House', CITY='Seattle', LATITUDE=47.604548, LONGITUDE=-122.332988, _4='Full-Service Restaurants')"
2022-10-25T03:28:46,2022-10-25T03:52:31,"Pandas(_0=""Mccoy's Firehouse Bar & Grill"", CITY='Seattle', LATITUDE=47.600707, LONGITUDE=-122.331814, _4='Full-Service Restaurants')"
2022-10-25T21:51:18,2022-10-25T22:57:35,"Pandas(_0='LA Cocina Oaxaquena', CITY='Seattle', LATITUDE=47.615441, LONGITUDE=-122.328226, _4='Full-Service Restaurants')"
2022-10-25T23:33:21,2022-10-25T23:53:21,"Pandas(_0='Tangerine Tree', CITY='Seattle', LATITUDE=47.61382, LONGITUDE=-122.32178, _4='Full-Service Restaurants')"
2022-10-28T00:49:46,2022-10-28T01:50:00,"Pandas(_0='Noodle Zen', CITY='Seattle', LATITUDE=47.597477, LONGITUDE=-122.327267, _4='Full-Service Restaurants')"
2022-11-02T21:27:38,2022-11-02T22:50:54,"Pandas(_0='Cafe On The Aveune', CITY='Seattle', LATITUDE=47.658501, LONGITUDE=-122.313556, _4='Full-Service Restaurants')"
2022-11-03T02:05:18,2022-11-03T02:50:57,"Pandas(_0='Big Time Brewery & Alehouse', CITY='Seattle', LATITUDE=47.657865, LONGITUDE=-122.313288, _4='Full-Service Restaurants')"
2022-11-19T16:24:03,2022-11-19T17:04:50,"Pandas(_0='Aladdin Falafel Corner', CITY='Seattle', LATITUDE=47.66236, LONGITUDE=-122.31335, _4='Full-Service Restaurants')"
2022-11-22T22:57:55,2022-11-22T23:52:24,"Pandas(_0='LA Cocina Oaxaquena', CITY='Seattle', LATITUDE=47.615441, LONGITUDE=-122.328226, _4='Full-Service Restaurants')"
2022-11-24T00:55:34,2022-11-24T01:30:55,"Pandas(_0='Safeway', CITY='Seattle', LATITUDE=47.664281, LONGITUDE=-122.313907, _4='Supermarkets/Other Grocery (Exc Convenience) Strs')"
2022-11-25T07:43:00,2022-11-25T08:05:46,"Pandas(_0='Nickerson Street Saloon-Grill', CITY='Seattle', LATITUDE=47.646632, LONGITUDE=-122.350222, _4='Full-Service Restaurants')"
2022-11-30T01:42:14,2022-11-30T02:55:53,"Pandas(_0='Fogon Cocina Mexicana', CITY='Seattle', LATITUDE=47.615286, LONGITUDE=-122.32405, _4='Full-Service Restaurants')"
2022-12-03T22:31:50,2022-12-03T23:15:05,"Pandas(_0='Aladdin Falafel Corner', CITY='Seattle', LATITUDE=47.66236, LONGITUDE=-122.31335, _4='Full-Service Restaurants')"
2022-12-06T21:41:52,2022-12-06T22:54:55,"Pandas(_0='LA Cocina Oaxaquena', CITY='Seattle', LATITUDE=47.615441, LONGITUDE=-122.328226, _4='Full-Service Restaurants')"
2022-12-13T22:46:16,2022-12-13T23:09:45,"Pandas(_0='Shawerma King', CITY='Seattle', LATITUDE=47.660998, LONGITUDE=-122.313208, _4='Full-Service Restaurants')"
2022-12-21T00:55:53,2022-12-21T01:26:20,"Pandas(_0='Albertsons', CITY='Seattle', LATITUDE=47.489085, LONGITUDE=-122.335168, _4='Supermarkets/Other Grocery (Exc Convenience) Strs')"
2022-12-21T21:49:44,2022-12-21T22:41:43,"Pandas(_0='SUBWAY', CITY='Shoreline', LATITUDE=47.777151, LONGITUDE=-122.311763, _4='Limited-Service Restaurants')"
2022-12-22T03:26:07,2022-12-22T04:47:40,"Pandas(_0='Arirang Restaurant', CITY='Mill Creek', LATITUDE=47.848808, LONGITUDE=-122.221052, _4='Full-Service Restaurants')"
2022-12-24T23:06:41,2022-12-24T23:40:26,"Pandas(_0='Tavolata', CITY='Seattle', LATITUDE=47.614274, LONGITUDE=-122.346659, _4='Full-Service Restaurants')"
2022-12-25T00:00:17,2022-12-25T00:49:39,"Pandas(_0='Petra Mediterranean Bistro', CITY='Seattle', LATITUDE=47.616895, LONGITUDE=-122.346611, _4='Full-Service Restaurants')"
2023-01-07T03:57:13,2023-01-07T04:19:39,"Pandas(_0='Safeway', CITY='Seattle', LATITUDE=47.664281, LONGITUDE=-122.313907, _4='Supermarkets/Other Grocery (Exc Convenience) Strs')"
2023-01-12T02:50:20,2023-01-12T03:53:42,"Pandas(_0='LA Cocina Oaxaquena', CITY='Seattle', LATITUDE=47.615441, LONGITUDE=-122.328226, _4='Full-Service Restaurants')"
2023-01-18T21:28:45,2023-01-18T23:03:51,"Pandas(_0=""Mccormick & Schmick's Catring"", CITY='Tukwila', LATITUDE=47.518188, LONGITUDE=-122.29634, _4='Full-Service Restaurants')"
2023-01-18T23:47:30,2023-01-19T00:05:32,"Pandas(_0=""Mccormick & Schmick's Catring"", CITY='Tukwila', LATITUDE=47.518188, LONGITUDE=-122.29634, _4='Full-Service Restaurants')"
2023-01-25T21:35:07,2023-01-25T22:05:22,"Pandas(_0='Hawaii Bbq Restaurant', CITY='Seattle', LATITUDE=47.662749, LONGITUDE=-122.313173, _4='Full-Service Restaurants')"
2023-01-25T22:27:35,2023-01-25T22:48:38,"Pandas(_0='Mee Sum Pastry', CITY='Seattle', LATITUDE=47.661192, LONGITUDE=-122.313203, _4='Full-Service Restaurants')"
2023-01-26T01:46:55,2023-01-26T02:51:06,"Pandas(_0='LA Cocina Oaxaquena', CITY='Seattle', LATITUDE=47.615441, LONGITUDE=-122.328226, _4='Full-Service Restaurants')"
2023-01-28T01:50:43,2023-01-28T02:20:04,"Pandas(_0='Carlile Room', CITY='Seattle', LATITUDE=47.61334, LONGITUDE=-122.332735, _4='Full-Service Restaurants')"
2023-02-04T21:43:49,2023-02-04T22:08:50,"Pandas(_0=""Shop'n Kart"", CITY='Centralia', LATITUDE=46.71191, LONGITUDE=-122.956795, _4='Supermarkets/Other Grocery (Exc Convenience) Strs')"
2023-02-10T19:50:15,2023-02-10T20:19:53,"Pandas(_0='Boiling Point', CITY='Seattle', LATITUDE=47.596832, LONGITUDE=-122.327627, _4='Full-Service Restaurants')"
2023-02-10T21:03:00,2023-02-10T21:31:56,"Pandas(_0='Pal Do World', CITY='Lakewood', LATITUDE=47.169074, LONGITUDE=-122.482373, _4='Supermarkets/Other Grocery (Exc Convenience) Strs')"
2023-02-11T20:38:39,2023-02-11T21:14:13,"Pandas(_0=""Arby's"", CITY='Centralia', LATITUDE=46.730005, LONGITUDE=-122.979275, _4='Limited-Service Restaurants')"
2023-02-17T18:39:58,2023-02-17T18:58:59,"Pandas(_0='Safeway', CITY='Chehalis', LATITUDE=46.654997, LONGITUDE=-122.953884, _4='Supermarkets/Other Grocery (Exc Convenience) Strs')"
2023-02-24T19:56:38,2023-02-24T20:15:50,"Pandas(_0='B E D Market', CITY='Centralia', LATITUDE=46.721908, LONGITUDE=-122.952592, _4='Supermarkets/Other Grocery (Exc Convenience) Strs')"
2023-03-29T22:20:38,2023-03-29T22:37:31,"Pandas(_0='Yuexi Restaurant', CITY='Seattle', LATITUDE=47.664988, LONGITUDE=-122.317143, _4='Full-Service Restaurants')"
2023-03-29T23:51:38,2023-03-30T00:26:49,"Pandas(_0='Pal Do World', CITY='Lakewood', LATITUDE=47.169074, LONGITUDE=-122.482373, _4='Supermarkets/Other Grocery (Exc Convenience) Strs')"
2023-03-31T00:41:23,2023-03-31T00:57:20,"Pandas(_0=""Mc Donald's"", CITY='Chehalis', LATITUDE=46.67839, LONGITUDE=-122.97955, _4='Limited-Service Restaurants')"
2023-03-31T01:32:49,2023-03-31T01:48:01,"Pandas(_0=""Applebee's"", CITY='Chehalis', LATITUDE=46.67764, LONGITUDE=-122.975484, _4='Full-Service Restaurants')"
2023-04-13T17:22:00,2023-04-13T17:54:56,"Pandas(_0=""Papa Murphy's Take 'N' Bake"", CITY='Centralia', LATITUDE=46.72784, LONGITUDE=-122.980873, _4='Limited-Service Restaurants')"
2023-04-27T01:30:55,2023-04-27T02:05:31,"Pandas(_0=""Mc Donald's"", CITY='Centralia', LATITUDE=46.729995, LONGITUDE=-122.978248, _4='Limited-Service Restaurants')"
2023-05-08T20:41:19,2023-05-08T21:05:20,"Pandas(_0='Aladdin Falafel Corner', CITY='Seattle', LATITUDE=47.66236, LONGITUDE=-122.31335, _4='Full-Service Restaurants')"
2023-05-10T19:57:08,2023-05-10T20:13:02,"Pandas(_0='Safeway', CITY='Seattle', LATITUDE=47.664281, LONGITUDE=-122.313907, _4='Supermarkets/Other Grocery (Exc Convenience) Strs')"
2023-05-14T21:44:22,2023-05-14T22:00:31,"Pandas(_0='Safeway', CITY='Seattle', LATITUDE=47.664281, LONGITUDE=-122.313907, _4='Supermarkets/Other Grocery (Exc Convenience) Strs')"
2023-05-15T23:09:51,2023-05-15T23:43:09,"Pandas(_0='Smooshylab LLC', CITY='Seattle', LATITUDE=47.670275, LONGITUDE=-122.378882, _4='Full-Service Restaurants')"
2023-05-22T19:56:26,2023-05-22T20:20:55,"Pandas(_0='Safeway', CITY='Seattle', LATITUDE=47.664281, LONGITUDE=-122.313907, _4='Supermarkets/Other Grocery (Exc Convenience) Strs')"
2023-06-03T21:37:02,2023-06-03T21:57:54,"Pandas(_0='Aladdin Falafel Corner', CITY='Seattle', LATITUDE=47.66236, LONGITUDE=-122.31335, _4='Full-Service Restaurants')"
2023-06-07T21:26:54,2023-06-07T21:46:45,"Pandas(_0='Safeway', CITY='Seattle', LATITUDE=47.664281, LONGITUDE=-122.313907, _4='Supermarkets/Other Grocery (Exc Convenience) Strs')"
2023-06-12T21:04:54,2023-06-12T21:24:12,"Pandas(_0='University Pizzeria', CITY='Seattle', LATITUDE=47.662162, LONGITUDE=-122.313447, _4='Full-Service Restaurants')"
2023-06-21T19:23:48,2023-06-21T19:38:48,"Pandas(_0='Safeway', CITY='Seattle', LATITUDE=47.664281, LONGITUDE=-122.313907, _4='Supermarkets/Other Grocery (Exc Convenience) Strs')"
2023-06-29T23:40:14,2023-06-30T00:04:45,"Pandas(_0='Safeway', CITY='Seattle', LATITUDE=47.664281, LONGITUDE=-122.313907, _4='Supermarkets/Other Grocery (Exc Convenience) Strs')"
2023-07-04T21:46:30,2023-07-04T22:09:24,"Pandas(_0=""Chili's South Indian Cuisine"", CITY='Seattle', LATITUDE=47.65891, LONGITUDE=-122.31301, _4='Full-Service Restaurants')"
2023-07-10T23:20:29,2023-07-10T23:39:05,"Pandas(_0=""Chili's South Indian Cuisine"", CITY='Seattle', LATITUDE=47.65891, LONGITUDE=-122.31301, _4='Full-Service Restaurants')"
2023-07-12T21:56:31,2023-07-12T22:16:51,"Pandas(_0='Quality Food Ctr', CITY='Seattle', LATITUDE=47.66188, LONGITUDE=-122.335904, _4='Supermarkets/Other Grocery (Exc Convenience) Strs')"
2023-07-21T22:58:07,2023-07-21T23:26:32,"Pandas(_0='Quality Food Ctr', CITY='Seattle', LATITUDE=47.66188, LONGITUDE=-122.335904, _4='Supermarkets/Other Grocery (Exc Convenience) Strs')"
2023-07-27T21:13:01,2023-07-27T21:31:15,"Pandas(_0='Quality Food Ctr', CITY='Seattle', LATITUDE=47.66188, LONGITUDE=-122.335904, _4='Supermarkets/Other Grocery (Exc Convenience) Strs')"
2023-07-31T02:19:59,2023-07-31T02:38:09,"Pandas(_0='Quality Food Ctr', CITY='Seattle', LATITUDE=47.66188, LONGITUDE=-122.335904, _4='Supermarkets/Other Grocery (Exc Convenience) Strs')"
2023-08-01T22:42:00,2023-08-01T23:07:55,"Pandas(_0='Quality Food Ctr', CITY='Seattle', LATITUDE=47.66188, LONGITUDE=-122.335904, _4='Supermarkets/Other Grocery (Exc Convenience) Strs')"
2023-08-10T18:21:15,2023-08-10T18:36:30,"Pandas(_0='Quality Food Ctr', CITY='Seattle', LATITUDE=47.66188, LONGITUDE=-122.335904, _4='Supermarkets/Other Grocery (Exc Convenience) Strs')"
2023-08-17T21:30:20,2023-08-17T21:48:36,"Pandas(_0='Bastille Cafe & Bar', CITY='Seattle', LATITUDE=47.666438, LONGITUDE=-122.383664, _4='Full-Service Restaurants')"
2023-08-20T22:48:12,2023-08-20T23:06:26,"Pandas(_0='Quality Food Ctr', CITY='Seattle', LATITUDE=47.66188, LONGITUDE=-122.335904, _4='Supermarkets/Other Grocery (Exc Convenience) Strs')"
2023-08-31T00:30:36,2023-08-31T00:54:24,"Pandas(_0='Quality Food Ctr', CITY='Seattle', LATITUDE=47.66188, LONGITUDE=-122.335904, _4='Supermarkets/Other Grocery (Exc Convenience) Strs')"
2023-09-09T01:36:33,2023-09-09T01:51:34,"Pandas(_0='Quality Food Ctr', CITY='Seattle', LATITUDE=47.66188, LONGITUDE=-122.335904, _4='Supermarkets/Other Grocery (Exc Convenience) Strs')"
2023-09-14T02:32:43,2023-09-14T03:36:25,"Pandas(_0='4649 Restaurant', CITY='Seattle', LATITUDE=47.66126, LONGITUDE=-122.33441, _4='Full-Service Restaurants')"
2023-09-28T19:32:25,2023-09-28T20:42:46,"Pandas(_0='Genki Sushi', CITY='Bellevue', LATITUDE=47.57476, LONGITUDE=-122.17113, _4='Full-Service Restaurants')"
2023-10-06T00:08:12,2023-10-06T00:39:32,"Pandas(_0='Quality Food Ctr', CITY='Seattle', LATITUDE=47.66188, LONGITUDE=-122.335904, _4='Supermarkets/Other Grocery (Exc Convenience) Strs')"
2023-10-16T00:16:24,2023-10-16T00:58:20,"Pandas(_0='Quality Food Ctr', CITY='Seattle', LATITUDE=47.66188, LONGITUDE=-122.335904, _4='Supermarkets/Other Grocery (Exc Convenience) Strs')"
2023-10-21T23:27:53,2023-10-22T00:09:36,"Pandas(_0='Quality Food Ctr', CITY='Seattle', LATITUDE=47.66188, LONGITUDE=-122.335904, _4='Supermarkets/Other Grocery (Exc Convenience) Strs')"
2023-10-29T01:23:57,2023-10-29T01:54:22,"Pandas(_0='Quality Food Ctr', CITY='Seattle', LATITUDE=47.66188, LONGITUDE=-122.335904, _4='Supermarkets/Other Grocery (Exc Convenience) Strs')"
2023-11-18T22:38:33,2023-11-18T23:20:52,"Pandas(_0='Pal Do World', CITY='Lakewood', LATITUDE=47.169074, LONGITUDE=-122.482373, _4='Supermarkets/Other Grocery (Exc Convenience) Strs')"
2023-11-28T18:25:11,2023-11-28T18:40:57,"Pandas(_0=""Shop'n Kart"", CITY='Centralia', LATITUDE=46.71191, LONGITUDE=-122.956795, _4='Supermarkets/Other Grocery (Exc Convenience) Strs')"
2023-11-29T22:06:30,2023-11-29T22:37:25,"Pandas(_0='Casadores Mexican Restaurant', CITY='Centralia', LATITUDE=46.718563, LONGITUDE=-122.953729, _4='Full-Service Restaurants')"
2023-12-01T21:57:56,2023-12-01T22:26:03,"Pandas(_0='Pal Do World', CITY='Lakewood', LATITUDE=47.169074, LONGITUDE=-122.482373, _4='Supermarkets/Other Grocery (Exc Convenience) Strs')"
2023-12-09T01:34:13,2023-12-09T01:50:42,"Pandas(_0=""Shop'n Kart"", CITY='Centralia', LATITUDE=46.71191, LONGITUDE=-122.956795, _4='Supermarkets/Other Grocery (Exc Convenience) Strs')"
2023-12-10T00:59:21,2023-12-10T01:38:05,"Pandas(_0='Pal Do World', CITY='Lakewood', LATITUDE=47.169074, LONGITUDE=-122.482373, _4='Supermarkets/Other Grocery (Exc Convenience) Strs')"
2023-12-19T23:55:04,2023-12-20T00:17:24,"Pandas(_0='Tiki Tap House', CITY='Centralia', LATITUDE=46.719205, LONGITUDE=-122.952693, _4='Full-Service Restaurants')"
2024-01-04T22:17:06,2024-01-04T22:43:11,"Pandas(_0='Quality Food Ctr', CITY='Seattle', LATITUDE=47.66188, LONGITUDE=-122.335904, _4='Supermarkets/Other Grocery (Exc Convenience) Strs')"
2024-01-11T20:58:53,2024-01-11T21:51:11,"Pandas(_0='Target', CITY='Seattle', LATITUDE=47.608488, LONGITUDE=-122.338255, _4='Department Stores')"
2024-01-30T21:50:20,2024-01-30T22:24:28,"Pandas(_0='Quality Food Ctr', CITY='Seattle', LATITUDE=47.66188, LONGITUDE=-122.335904, _4='Supermarkets/Other Grocery (Exc Convenience) Strs')"
2024-02-02T18:19:23,2024-02-02T18:55:54,"Pandas(_0='India Bistro LTD', CITY='Seattle', LATITUDE=47.6755, LONGITUDE=-122.31756, _4='Full-Service Restaurants')"
2024-02-06T16:52:57,2024-02-06T17:52:42,"Pandas(_0='India Bistro LTD', CITY='Seattle', LATITUDE=47.6755, LONGITUDE=-122.31756, _4='Full-Service Restaurants')"
2024-02-06T17:57:02,2024-02-06T18:12:22,"Pandas(_0='Whole Foods Market', CITY='Seattle', LATITUDE=47.675024, LONGITUDE=-122.316819, _4='Supermarkets/Other Grocery (Exc Convenience) Strs')"
2024-02-15T16:29:25,2024-02-15T16:48:19,"Pandas(_0=""Murphy's"", CITY='Seattle', LATITUDE=47.661613, LONGITUDE=-122.333933, _4='Full-Service Restaurants')"
2024-02-15T16:58:03,2024-02-15T19:14:28,"Pandas(_0='India Bistro LTD', CITY='Seattle', LATITUDE=47.6755, LONGITUDE=-122.31756, _4='Full-Service Restaurants')"
2024-02-16T16:50:54,2024-02-16T19:12:44,"Pandas(_0='India Bistro LTD', CITY='Seattle', LATITUDE=47.6755, LONGITUDE=-122.31756, _4='Full-Service Restaurants')"
2024-02-24T14:45:48,2024-02-24T16:34:58,"Pandas(_0='India Bistro LTD', CITY='Seattle', LATITUDE=47.6755, LONGITUDE=-122.31756, _4='Full-Service Restaurants')"
2024-03-13T19:04:56,2024-03-13T19:21:16,"Pandas(_0=""Djan's"", CITY='Seattle', LATITUDE=47.661543, LONGITUDE=-122.325416, _4='Full-Service Restaurants')"
2024-03-25T19:39:33,2024-03-25T19:57:33,"Pandas(_0=""Murphy's"", CITY='Seattle', LATITUDE=47.661613, LONGITUDE=-122.333933, _4='Full-Service Restaurants')"
2024-03-26T18:27:57,2024-03-26T19:01:02,"Pandas(_0='Madison Kitchen', CITY='Seattle', LATITUDE=47.635492, LONGITUDE=-122.27896, _4='Full-Service Restaurants')"
2024-03-26T19:52:19,2024-03-26T20:41:19,"Pandas(_0='SUBWAY', CITY='Seattle', LATITUDE=47.608646, LONGITUDE=-122.338786, _4='Limited-Service Restaurants')"
2024-04-03T20:21:04,2024-04-03T20:48:43,"Pandas(_0='India Bistro LTD', CITY='Seattle', LATITUDE=47.6755, LONGITUDE=-122.31756, _4='Full-Service Restaurants')"
2024-04-03T20:59:08,2024-04-03T21:22:06,"Pandas(_0='India Bistro LTD', CITY='Seattle', LATITUDE=47.6755, LONGITUDE=-122.31756, _4='Full-Service Restaurants')"
2024-04-03T21:39:54,2024-04-03T21:55:17,"Pandas(_0='India Bistro LTD', CITY='Seattle', LATITUDE=47.6755, LONGITUDE=-122.31756, _4='Full-Service Restaurants')"
2024-04-03T21:57:23,2024-04-03T22:29:02,"Pandas(_0='India Bistro LTD', CITY='Seattle', LATITUDE=47.6755, LONGITUDE=-122.31756, _4='Full-Service Restaurants')"
2024-04-03T22:30:56,2024-04-03T23:05:48,"Pandas(_0='India Bistro LTD', CITY='Seattle', LATITUDE=47.6755, LONGITUDE=-122.31756, _4='Full-Service Restaurants')"
2024-04-03T23:06:26,2024-04-03T23:38:02,"Pandas(_0='India Bistro LTD', CITY='Seattle', LATITUDE=47.6755, LONGITUDE=-122.31756, _4='Full-Service Restaurants')"
2024-04-03T23:40:05,2024-04-04T00:13:48,"Pandas(_0='India Bistro LTD', CITY='Seattle', LATITUDE=47.6755, LONGITUDE=-122.31756, _4='Full-Service Restaurants')"
2024-04-04T00:15:20,2024-04-04T00:47:53,"Pandas(_0='India Bistro LTD', CITY='Seattle', LATITUDE=47.6755, LONGITUDE=-122.31756, _4='Full-Service Restaurants')"
2024-04-04T00:50:18,2024-04-04T01:23:17,"Pandas(_0='India Bistro LTD', CITY='Seattle', LATITUDE=47.6755, LONGITUDE=-122.31756, _4='Full-Service Restaurants')"
2024-04-04T01:25:08,2024-04-04T01:53:33,"Pandas(_0='India Bistro LTD', CITY='Seattle', LATITUDE=47.6755, LONGITUDE=-122.31756, _4='Full-Service Restaurants')"
2024-04-04T01:55:36,2024-04-04T02:27:37,"Pandas(_0='India Bistro LTD', CITY='Seattle', LATITUDE=47.6755, LONGITUDE=-122.31756, _4='Full-Service Restaurants')"
2024-04-07T20:44:29,2024-04-07T21:24:39,"Pandas(_0='Aladdin Falafel Corner', CITY='Seattle', LATITUDE=47.66236, LONGITUDE=-122.31335, _4='Full-Service Restaurants')"
2024-04-10T00:37:45,2024-04-10T02:50:55,"Pandas(_0='India Bistro LTD', CITY='Seattle', LATITUDE=47.6755, LONGITUDE=-122.31756, _4='Full-Service Restaurants')"
2024-04-11T00:43:57,2024-04-11T03:09:57,"Pandas(_0='India Bistro LTD', CITY='Seattle', LATITUDE=47.6755, LONGITUDE=-122.31756, _4='Full-Service Restaurants')"
2024-04-12T00:52:42,2024-04-12T03:14:04,"Pandas(_0='India Bistro LTD', CITY='Seattle', LATITUDE=47.6755, LONGITUDE=-122.31756, _4='Full-Service Restaurants')"
2024-04-14T19:19:28,2024-04-14T19:39:39,"Pandas(_0=""Murphy's"", CITY='Seattle', LATITUDE=47.661613, LONGITUDE=-122.333933, _4='Full-Service Restaurants')"
2024-04-20T00:50:49,2024-04-20T01:40:25,"Pandas(_0='University Pizzeria', CITY='Seattle', LATITUDE=47.662162, LONGITUDE=-122.313447, _4='Full-Service Restaurants')"
2024-04-25T18:52:13,2024-04-25T20:22:56,"Pandas(_0='Thai Fusion Bistro', CITY='Seattle', LATITUDE=47.702331, LONGITUDE=-122.325565, _4='Full-Service Restaurants')"
2024-04-25T21:14:36,2024-04-25T22:36:03,"Pandas(_0='India Bistro LTD', CITY='Seattle', LATITUDE=47.6755, LONGITUDE=-122.31756, _4='Full-Service Restaurants')"
2024-04-26T01:53:05,2024-04-26T02:09:32,"Pandas(_0='Pasta & Co', CITY='Seattle', LATITUDE=47.662336, LONGITUDE=-122.299854, _4='Full-Service Restaurants')"
2024-04-28T00:36:16,2024-04-28T01:01:14,"Pandas(_0='Custom Smoothie & Sports Nutri', CITY='Seattle', LATITUDE=47.616319, LONGITUDE=-122.337455, _4='Full-Service Restaurants')"
2024-05-03T17:25:45,2024-05-03T17:42:24,"Pandas(_0='Hawaii Bbq Restaurant', CITY='Seattle', LATITUDE=47.662749, LONGITUDE=-122.313173, _4='Full-Service Restaurants')"
2024-05-03T17:44:24,2024-05-03T18:09:07,"Pandas(_0='Aladdin Falafel Corner', CITY='Seattle', LATITUDE=47.66236, LONGITUDE=-122.31335, _4='Full-Service Restaurants')"
2024-05-05T00:55:33,2024-05-05T01:18:08,"Pandas(_0='Satay', CITY='Seattle', LATITUDE=47.689643, LONGITUDE=-122.355655, _4='Full-Service Restaurants')"
2024-05-05T16:20:11,2024-05-05T18:00:22,"Pandas(_0=""Gorgeous George's"", CITY='Seattle', LATITUDE=47.6854, LONGITUDE=-122.3555, _4='Full-Service Restaurants')"
2024-05-30T03:27:52,2024-05-30T03:47:20,"Pandas(_0='Quality Food Ctr', CITY='Seattle', LATITUDE=47.66188, LONGITUDE=-122.335904, _4='Supermarkets/Other Grocery (Exc Convenience) Strs')"
2024-06-05T21:47:34,2024-06-05T22:23:14,"Pandas(_0='University Pizzeria', CITY='Seattle', LATITUDE=47.662162, LONGITUDE=-122.313447, _4='Full-Service Restaurants')"
2024-06-06T02:23:32,2024-06-06T02:39:26,"Pandas(_0='Safeway', CITY='Seattle', LATITUDE=47.682041, LONGITUDE=-122.316964, _4='Supermarkets/Other Grocery (Exc Convenience) Strs')"
2024-06-12T05:01:25,2024-06-12T05:19:47,"Pandas(_0='Safeway', CITY='Seattle', LATITUDE=47.682041, LONGITUDE=-122.316964, _4='Supermarkets/Other Grocery (Exc Convenience) Strs')"
2024-06-21T01:18:56,2024-06-21T01:47:14,"Pandas(_0='Garam Masala', CITY='Seattle', LATITUDE=47.66242, LONGITUDE=-122.31334, _4='Full-Service Restaurants')"
2024-06-21T01:56:36,2024-06-21T02:17:11,"Pandas(_0='Taco Del Mar', CITY='Redmond', LATITUDE=47.67569, LONGITUDE=-122.31596, _4='Limited-Service Restaurants')"
2024-06-28T01:17:10,2024-06-28T01:57:47,"Pandas(_0='Thai Tom', CITY='Seattle', LATITUDE=47.66254, LONGITUDE=-122.31332, _4='Full-Service Restaurants')"
2024-07-03T19:15:32,2024-07-03T19:30:49,"Pandas(_0='Yuexi Restaurant', CITY='Seattle', LATITUDE=47.664988, LONGITUDE=-122.317143, _4='Full-Service Restaurants')"
2024-07-05T01:44:16,2024-07-05T01:59:19,"Pandas(_0='Quality Food Ctr', CITY='Seattle', LATITUDE=47.66188, LONGITUDE=-122.335904, _4='Supermarkets/Other Grocery (Exc Convenience) Strs')"
2024-07-17T17:04:11,2024-07-17T17:25:00,"Pandas(_0=""Mc Donald's"", CITY='Seattle', LATITUDE=47.708289, LONGITUDE=-122.331682, _4='Limited-Service Restaurants')"
2024-07-24T23:21:00,2024-07-25T00:04:39,"Pandas(_0='Safeway', CITY='Seattle', LATITUDE=47.682041, LONGITUDE=-122.316964, _4='Supermarkets/Other Grocery (Exc Convenience) Strs')"
2024-08-15T22:53:52,2024-08-15T23:09:41,"Pandas(_0='India Bistro LTD', CITY='Seattle', LATITUDE=47.6755, LONGITUDE=-122.31756, _4='Full-Service Restaurants')"
2024-08-24T21:23:08,2024-08-24T21:52:17,"Pandas(_0='India Bistro LTD', CITY='Seattle', LATITUDE=47.6755, LONGITUDE=-122.31756, _4='Full-Service Restaurants')"
2024-08-27T03:58:29,2024-08-27T05:12:12,"Pandas(_0='India Bistro LTD', CITY='Seattle', LATITUDE=47.6755, LONGITUDE=-122.31756, _4='Full-Service Restaurants')"
2024-08-27T22:14:39,2024-08-27T22:30:51,"Pandas(_0=""Chili's South Indian Cuisine"", CITY='Seattle', LATITUDE=47.65891, LONGITUDE=-122.31301, _4='Full-Service Restaurants')"
2024-08-31T15:58:56,2024-08-31T17:00:00,"Pandas(_0='India Bistro LTD', CITY='Seattle', LATITUDE=47.6755, LONGITUDE=-122.31756, _4='Full-Service Restaurants')"
2024-08-31T17:46:53,2024-08-31T19:01:49,"Pandas(_0='India Bistro LTD', CITY='Seattle', LATITUDE=47.6755, LONGITUDE=-122.31756, _4='Full-Service Restaurants')"
2024-09-02T21:32:48,2024-09-02T22:29:27,"Pandas(_0='India Bistro LTD', CITY='Seattle', LATITUDE=47.6755, LONGITUDE=-122.31756, _4='Full-Service Restaurants')"
2024-09-05T02:51:08,2024-09-05T03:06:37,"Pandas(_0='Quality Food Ctr', CITY='Seattle', LATITUDE=47.66188, LONGITUDE=-122.335904, _4='Supermarkets/Other Grocery (Exc Convenience) Strs')"
2024-09-06T22:32:29,2024-09-06T22:49:14,"Pandas(_0='Aladdin Falafel Corner', CITY='Seattle', LATITUDE=47.66236, LONGITUDE=-122.31335, _4='Full-Service Restaurants')"
2024-09-09T20:51:13,2024-09-09T21:06:57,"Pandas(_0='7-Eleven', CITY='Seattle', LATITUDE=47.708674, LONGITUDE=-122.334019, _4='Convenience Stores')"
2024-09-12T03:26:15,2024-09-12T04:11:32,"Pandas(_0='Safeway', CITY='Seattle', LATITUDE=47.682041, LONGITUDE=-122.316964, _4='Supermarkets/Other Grocery (Exc Convenience) Strs')"
2024-09-13T19:36:50,2024-09-13T20:37:34,"Pandas(_0='Kisaku', CITY='Seattle', LATITUDE=47.66856, LONGITUDE=-122.33331, _4='Full-Service Restaurants')"
2024-09-19T00:23:51,2024-09-19T00:52:44,"Pandas(_0='Safeway', CITY='Shoreline', LATITUDE=47.740914, LONGITUDE=-122.343858, _4='Supermarkets/Other Grocery (Exc Convenience) Strs')"
2024-09-19T01:45:47,2024-09-19T02:04:50,"Pandas(_0='SUBWAY', CITY='Seattle', LATITUDE=47.661058, LONGITUDE=-122.317382, _4='Limited-Service Restaurants')"
2024-09-24T23:28:03,2024-09-24T23:54:44,"Pandas(_0='India Bistro LTD', CITY='Seattle', LATITUDE=47.6755, LONGITUDE=-122.31756, _4='Full-Service Restaurants')"
2024-09-26T02:50:24,2024-09-26T03:09:02,"Pandas(_0='Whole Foods Market', CITY='Seattle', LATITUDE=47.675024, LONGITUDE=-122.316819, _4='Supermarkets/Other Grocery (Exc Convenience) Strs')"
2024-10-04T02:52:56,2024-10-04T03:30:09,"Pandas(_0='Safeway', CITY='Seattle', LATITUDE=47.620505, LONGITUDE=-122.31334, _4='Supermarkets/Other Grocery (Exc Convenience) Strs')"
2024-10-07T01:48:06,2024-10-07T02:45:29,"Pandas(_0=""Mama Mia's Pizza"", CITY='Seattle', LATITUDE=47.667292, LONGITUDE=-122.317702, _4='Full-Service Restaurants')"
2024-10-07T02:59:27,2024-10-07T03:18:22,"Pandas(_0='SUBWAY', CITY='Seattle', LATITUDE=47.661058, LONGITUDE=-122.317382, _4='Limited-Service Restaurants')"
